AttachToHwnd: HWND 0xc00004 → 呈现目标已绑定（窗口 800x600，own=False）
[create] 通道 2(0x10000002) 句柄 0x00000001 类型 TYPE_ETWEVENTRESOURCE ⇒ 表内总数 1
[closebatch] 通道 2 待处理 3 条 ⇒ hr=0x00000000
[preflight] 通道 2 待提交 #0: id=0x3d (MilCmdPartitionNotifyPolicyChangeForNonInteractiveMode) len=8 handle=0x00000000 在资源表里=True
[preflight] 通道 2 待提交 #1: id=0x3 (MilCmdPartitionRegisterForNotifications) len=8 handle=0x00000001 在资源表里=True
[preflight] 通道 2 待提交 #2: id=0x4 (MilCmdChannelRequestTier) len=8 handle=0x00000000 在资源表里=True
WgxConnection_SameThreadPresent 第 1 次：通道 2
  通道 2 无带 HWND 的目标（离屏通道）→ 不呈现（S_OK）
[preflight] 通道 2 无待提交命令
[create] 通道 3(0x10000003) 句柄 0x00000001 类型 TYPE_VISUAL ⇒ 表内总数 1
[dup] 0x00000001 从通道 3 → 通道 2，新句柄 0x00000002（目标表内总数 2）
[closebatch] 通道 3 待处理 0 条 ⇒ hr=0x00000000
[preflight] 通道 3 无待提交命令
WgxConnection_SameThreadPresent 第 2 次：通道 3
  通道 3 无带 HWND 的目标（离屏通道）→ 不呈现（S_OK）
[create] 通道 3(0x10000003) 句柄 0x00000002 类型 TYPE_HWNDRENDERTARGET ⇒ 表内总数 2
[dup] 0x00000002 从通道 3 → 通道 2，新句柄 0x00000003（目标表内总数 3）
[closebatch] 通道 3 待处理 0 条 ⇒ hr=0x00000000
[preflight] 通道 3 无待提交命令
WgxConnection_SameThreadPresent 第 3 次：通道 3
  通道 3 无带 HWND 的目标（离屏通道）→ 不呈现（S_OK）
[create] 通道 2(0x10000002) 句柄 0x00000004 类型 TYPE_MATRIXTRANSFORM ⇒ 表内总数 4
[closebatch] 通道 3 待处理 1 条 ⇒ hr=0x00000000
[preflight] 通道 3 待提交 #0: id=0x37 (MilCmdTargetInvalidate) len=24 handle=0x00000002 在资源表里=True
NOTE X11 Resize：HWND 0xc00004 → 800x600（将按新尺寸重渲）
WgxConnection_SameThreadPresent 第 4 次：通道 3
  通道 3 无带 HWND 的目标（离屏通道）→ 不呈现（S_OK）
[closebatch] 通道 2 待处理 7 条 ⇒ hr=0x00000000
[preflight] 通道 2 待提交 #0: id=0x31 (MilCmdHwndTargetCreate) len=92 handle=0x00000003 在资源表里=True
[preflight] 通道 2 待提交 #1: id=0x77 (MilCmdMatrixTransform) len=60 handle=0x00000004 在资源表里=True
[preflight] 通道 2 待提交 #2: id=0x1c (MilCmdVisualSetTransform) len=12 handle=0x00000002 在资源表里=True
[preflight] 通道 2 待提交 #3: id=0x36 (MilCmdTargetSetClearColor) len=24 handle=0x00000003 在资源表里=True
[preflight] 通道 2 待提交 #4: id=0x35 (MilCmdTargetSetRoot) len=12 handle=0x00000003 在资源表里=True
[preflight] 通道 2 待提交 #5: id=0x33 (MilCmdTargetUpdateWindowSettings) len=72 handle=0x00000003 在资源表里=True
[preflight] 通道 2 待提交 #6: id=0x33 (MilCmdTargetUpdateWindowSettings) len=72 handle=0x00000003 在资源表里=True
WgxConnection_SameThreadPresent 第 5 次：通道 2
  ▸ 按目标呈现：通道 2 → HWND 0xc00004（本通道 1 个目标里的第 1 个） target.Root=0x2 根来源=目标自己的根（本次重投影） 尺寸=800x600 尺寸来源=WindowRect（候选 HwndTargetCreate=800x600 WindowRect=800x600 X11=800x600） 清屏色=(0.00,0.00,0.00,1.00)
字形渲染器已挂上：目录=/usr/share/fonts 请求字族=DejaVu Sans（来源：SPI(SPI_GETNONCLIENTMETRICS)：命中：lfMessageFont.lfFaceName = DejaVu Sans） 实际面=DejaVu Sans 候选文件=299
  ▸ 本目标指令数：HWND 0xc00004 通道 2 尺寸=800x600 skia 指令 0 条 未画种类 0 root=0x2
  ★ 呈现尺寸变化（免采样）：通道 2 → HWND 0xc00004 已呈现 800x600（skia 指令 0 条，未画种类 0）  累计帧数 = 1
[closebatch] 通道 3 待处理 1 条 ⇒ hr=0x00000000
[preflight] 通道 3 待提交 #0: id=0x37 (MilCmdTargetInvalidate) len=24 handle=0x00000002 在资源表里=True
NOTE WgxConnection_SameThreadPresent: 通道 3 无根视觉（未 TargetSetRoot）
[create] 通道 2(0x10000002) 句柄 0x00000005 类型 TYPE_VISUAL ⇒ 表内总数 5
[create] 通道 2(0x10000002) 句柄 0x00000006 类型 TYPE_VISUAL ⇒ 表内总数 6
[create] 通道 2(0x10000002) 句柄 0x00000007 类型 TYPE_RENDERDATA ⇒ 表内总数 7
[create] 通道 2(0x10000002) 句柄 0x00000008 类型 TYPE_PEN ⇒ 表内总数 8
[create] 通道 2(0x10000002) 句柄 0x00000009 类型 TYPE_SOLIDCOLORBRUSH ⇒ 表内总数 9
[create] 通道 2(0x10000002) 句柄 0x0000000a 类型 TYPE_MATRIXTRANSFORM ⇒ 表内总数 10
[create] 通道 2(0x10000002) 句柄 0x0000000a 类型 TYPE_MATRIXTRANSFORM ⇒ 表内总数 10
[create] 通道 2(0x10000002) 句柄 0x0000000b 类型 TYPE_DASHSTYLE ⇒ 表内总数 11
[create] 通道 2(0x10000002) 句柄 0x0000000c 类型 TYPE_SOLIDCOLORBRUSH ⇒ 表内总数 12
[create] 通道 2(0x10000002) 句柄 0x0000000a 类型 TYPE_MATRIXTRANSFORM ⇒ 表内总数 12
[create] 通道 2(0x10000002) 句柄 0x0000000a 类型 TYPE_MATRIXTRANSFORM ⇒ 表内总数 12
[create] 通道 2(0x10000002) 句柄 0x0000000d 类型 TYPE_VISUAL ⇒ 表内总数 13
[create] 通道 2(0x10000002) 句柄 0x0000000e 类型 TYPE_VISUAL ⇒ 表内总数 14
[create] 通道 2(0x10000002) 句柄 0x0000000f 类型 TYPE_RENDERDATA ⇒ 表内总数 15
[create] 通道 2(0x10000002) 句柄 0x00000010 类型 TYPE_SOLIDCOLORBRUSH ⇒ 表内总数 16
[create] 通道 2(0x10000002) 句柄 0x0000000a 类型 TYPE_MATRIXTRANSFORM ⇒ 表内总数 16
[create] 通道 2(0x10000002) 句柄 0x0000000a 类型 TYPE_MATRIXTRANSFORM ⇒ 表内总数 16
[create] 通道 2(0x10000002) 句柄 0x00000011 类型 TYPE_VISUAL ⇒ 表内总数 17
[create] 通道 2(0x10000002) 句柄 0x00000012 类型 TYPE_VISUAL ⇒ 表内总数 18
[create] 通道 2(0x10000002) 句柄 0x00000013 类型 TYPE_VISUAL ⇒ 表内总数 19
[create] 通道 2(0x10000002) 句柄 0x00000014 类型 TYPE_RENDERDATA ⇒ 表内总数 20
[create] 通道 2(0x10000002) 句柄 0x00000015 类型 TYPE_SOLIDCOLORBRUSH ⇒ 表内总数 21
[create] 通道 2(0x10000002) 句柄 0x0000000a 类型 TYPE_MATRIXTRANSFORM ⇒ 表内总数 21
[create] 通道 2(0x10000002) 句柄 0x0000000a 类型 TYPE_MATRIXTRANSFORM ⇒ 表内总数 21
[create] 通道 2(0x10000002) 句柄 0x00000016 类型 TYPE_PATHGEOMETRY ⇒ 表内总数 22
[create] 通道 2(0x10000002) 句柄 0x0000000a 类型 TYPE_MATRIXTRANSFORM ⇒ 表内总数 22
[create] 通道 2(0x10000002) 句柄 0x00000015 类型 TYPE_SOLIDCOLORBRUSH ⇒ 表内总数 22
[create] 通道 2(0x10000002) 句柄 0x00000017 类型 TYPE_PATHGEOMETRY ⇒ 表内总数 23
[create] 通道 2(0x10000002) 句柄 0x0000000a 类型 TYPE_MATRIXTRANSFORM ⇒ 表内总数 23
[create] 通道 2(0x10000002) 句柄 0x00000018 类型 TYPE_VISUAL ⇒ 表内总数 24
[create] 通道 2(0x10000002) 句柄 0x00000019 类型 TYPE_VISUAL ⇒ 表内总数 25
[create] 通道 2(0x10000002) 句柄 0x0000001a 类型 TYPE_VISUAL ⇒ 表内总数 26
[create] 通道 2(0x10000002) 句柄 0x0000001b 类型 TYPE_RENDERDATA ⇒ 表内总数 27
[create] 通道 2(0x10000002) 句柄 0x0000001c 类型 TYPE_SOLIDCOLORBRUSH ⇒ 表内总数 28
[create] 通道 2(0x10000002) 句柄 0x0000000a 类型 TYPE_MATRIXTRANSFORM ⇒ 表内总数 28
[create] 通道 2(0x10000002) 句柄 0x0000000a 类型 TYPE_MATRIXTRANSFORM ⇒ 表内总数 28
[create] 通道 2(0x10000002) 句柄 0x0000001d 类型 TYPE_PATHGEOMETRY ⇒ 表内总数 29
[create] 通道 2(0x10000002) 句柄 0x0000001e 类型 TYPE_MATRIXTRANSFORM ⇒ 表内总数 30
[create] 通道 2(0x10000002) 句柄 0x0000001f 类型 TYPE_VISUAL ⇒ 表内总数 31
[create] 通道 2(0x10000002) 句柄 0x00000020 类型 TYPE_VISUAL ⇒ 表内总数 32
[create] 通道 2(0x10000002) 句柄 0x00000021 类型 TYPE_RENDERDATA ⇒ 表内总数 33
[create] 通道 2(0x10000002) 句柄 0x00000015 类型 TYPE_SOLIDCOLORBRUSH ⇒ 表内总数 33
[create] 通道 2(0x10000002) 句柄 0x00000022 类型 TYPE_PATHGEOMETRY ⇒ 表内总数 34
[create] 通道 2(0x10000002) 句柄 0x0000000a 类型 TYPE_MATRIXTRANSFORM ⇒ 表内总数 34
[create] 通道 2(0x10000002) 句柄 0x00000015 类型 TYPE_SOLIDCOLORBRUSH ⇒ 表内总数 34
[create] 通道 2(0x10000002) 句柄 0x00000023 类型 TYPE_PATHGEOMETRY ⇒ 表内总数 35
[create] 通道 2(0x10000002) 句柄 0x0000000a 类型 TYPE_MATRIXTRANSFORM ⇒ 表内总数 35
[create] 通道 2(0x10000002) 句柄 0x00000024 类型 TYPE_VISUAL ⇒ 表内总数 36
[create] 通道 2(0x10000002) 句柄 0x00000025 类型 TYPE_VISUAL ⇒ 表内总数 37
[create] 通道 2(0x10000002) 句柄 0x00000026 类型 TYPE_VISUAL ⇒ 表内总数 38
[create] 通道 2(0x10000002) 句柄 0x00000027 类型 TYPE_RENDERDATA ⇒ 表内总数 39
[create] 通道 2(0x10000002) 句柄 0x0000001c 类型 TYPE_SOLIDCOLORBRUSH ⇒ 表内总数 39
[create] 通道 2(0x10000002) 句柄 0x00000028 类型 TYPE_PATHGEOMETRY ⇒ 表内总数 40
[create] 通道 2(0x10000002) 句柄 0x00000029 类型 TYPE_MATRIXTRANSFORM ⇒ 表内总数 41
[create] 通道 2(0x10000002) 句柄 0x0000002a 类型 TYPE_VISUAL ⇒ 表内总数 42
[create] 通道 2(0x10000002) 句柄 0x0000002b 类型 TYPE_VISUAL ⇒ 表内总数 43
[create] 通道 2(0x10000002) 句柄 0x0000002c 类型 TYPE_VISUAL ⇒ 表内总数 44
[create] 通道 2(0x10000002) 句柄 0x0000002d 类型 TYPE_RENDERDATA ⇒ 表内总数 45
[create] 通道 2(0x10000002) 句柄 0x00000015 类型 TYPE_SOLIDCOLORBRUSH ⇒ 表内总数 45
[create] 通道 2(0x10000002) 句柄 0x0000002e 类型 TYPE_PATHGEOMETRY ⇒ 表内总数 46
[create] 通道 2(0x10000002) 句柄 0x0000000a 类型 TYPE_MATRIXTRANSFORM ⇒ 表内总数 46
[create] 通道 2(0x10000002) 句柄 0x00000015 类型 TYPE_SOLIDCOLORBRUSH ⇒ 表内总数 46
[create] 通道 2(0x10000002) 句柄 0x0000002f 类型 TYPE_PATHGEOMETRY ⇒ 表内总数 47
[create] 通道 2(0x10000002) 句柄 0x0000000a 类型 TYPE_MATRIXTRANSFORM ⇒ 表内总数 47
[create] 通道 2(0x10000002) 句柄 0x00000030 类型 TYPE_VISUAL ⇒ 表内总数 48
[create] 通道 2(0x10000002) 句柄 0x00000031 类型 TYPE_VISUAL ⇒ 表内总数 49
[create] 通道 2(0x10000002) 句柄 0x00000032 类型 TYPE_VISUAL ⇒ 表内总数 50
[create] 通道 2(0x10000002) 句柄 0x00000033 类型 TYPE_RENDERDATA ⇒ 表内总数 51
[create] 通道 2(0x10000002) 句柄 0x0000001c 类型 TYPE_SOLIDCOLORBRUSH ⇒ 表内总数 51
[create] 通道 2(0x10000002) 句柄 0x00000034 类型 TYPE_PATHGEOMETRY ⇒ 表内总数 52
[create] 通道 2(0x10000002) 句柄 0x00000035 类型 TYPE_MATRIXTRANSFORM ⇒ 表内总数 53
[create] 通道 2(0x10000002) 句柄 0x00000036 类型 TYPE_VISUAL ⇒ 表内总数 54
[create] 通道 2(0x10000002) 句柄 0x00000037 类型 TYPE_VISUAL ⇒ 表内总数 55
[create] 通道 2(0x10000002) 句柄 0x00000038 类型 TYPE_VISUAL ⇒ 表内总数 56
[create] 通道 2(0x10000002) 句柄 0x00000039 类型 TYPE_VISUAL ⇒ 表内总数 57
[create] 通道 2(0x10000002) 句柄 0x0000003a 类型 TYPE_VISUAL ⇒ 表内总数 58
[create] 通道 2(0x10000002) 句柄 0x0000003b 类型 TYPE_VISUAL ⇒ 表内总数 59
[create] 通道 2(0x10000002) 句柄 0x0000003c 类型 TYPE_RECTANGLEGEOMETRY ⇒ 表内总数 60
[create] 通道 2(0x10000002) 句柄 0x0000000a 类型 TYPE_MATRIXTRANSFORM ⇒ 表内总数 60
[create] 通道 2(0x10000002) 句柄 0x0000003d 类型 TYPE_VISUAL ⇒ 表内总数 61
[create] 通道 2(0x10000002) 句柄 0x0000003e 类型 TYPE_VISUAL ⇒ 表内总数 62
[create] 通道 2(0x10000002) 句柄 0x0000003f 类型 TYPE_VISUAL ⇒ 表内总数 63
[create] 通道 2(0x10000002) 句柄 0x00000040 类型 TYPE_VISUAL ⇒ 表内总数 64
[create] 通道 2(0x10000002) 句柄 0x00000041 类型 TYPE_VISUAL ⇒ 表内总数 65
[create] 通道 2(0x10000002) 句柄 0x00000042 类型 TYPE_RENDERDATA ⇒ 表内总数 66
[create] 通道 2(0x10000002) 句柄 0x00000015 类型 TYPE_SOLIDCOLORBRUSH ⇒ 表内总数 66
[create] 通道 2(0x10000002) 句柄 0x00000043 类型 TYPE_VISUAL ⇒ 表内总数 67
[create] 通道 2(0x10000002) 句柄 0x00000044 类型 TYPE_RENDERDATA ⇒ 表内总数 68
[create] 通道 2(0x10000002) 句柄 0x00000045 类型 TYPE_DRAWINGBRUSH ⇒ 表内总数 69
[create] 通道 2(0x10000002) 句柄 0x0000000a 类型 TYPE_MATRIXTRANSFORM ⇒ 表内总数 69
[create] 通道 2(0x10000002) 句柄 0x0000000a 类型 TYPE_MATRIXTRANSFORM ⇒ 表内总数 69
[create] 通道 2(0x10000002) 句柄 0x00000046 类型 TYPE_DRAWINGGROUP ⇒ 表内总数 70
[create] 通道 2(0x10000002) 句柄 0x00000047 类型 TYPE_GEOMETRYDRAWING ⇒ 表内总数 71
[create] 通道 2(0x10000002) 句柄 0x00000048 类型 TYPE_LINEARGRADIENTBRUSH ⇒ 表内总数 72
[create] 通道 2(0x10000002) 句柄 0x0000000a 类型 TYPE_MATRIXTRANSFORM ⇒ 表内总数 72
[create] 通道 2(0x10000002) 句柄 0x0000000a 类型 TYPE_MATRIXTRANSFORM ⇒ 表内总数 72
[create] 通道 2(0x10000002) 句柄 0x00000049 类型 TYPE_RECTANGLEGEOMETRY ⇒ 表内总数 73
[create] 通道 2(0x10000002) 句柄 0x0000000a 类型 TYPE_MATRIXTRANSFORM ⇒ 表内总数 73
[create] 通道 2(0x10000002) 句柄 0x0000004a 类型 TYPE_PATHGEOMETRY ⇒ 表内总数 74
[create] 通道 2(0x10000002) 句柄 0x0000000a 类型 TYPE_MATRIXTRANSFORM ⇒ 表内总数 74
[closebatch] 通道 2 待处理 109 条 ⇒ hr=0x00000000
[preflight] 通道 2 待提交 #0: id=0x27 (MilCmdVisualSetGuidelineCollection) len=32 handle=0x00000006 在资源表里=True
[preflight] 通道 2 待提交 #1: id=0x77 (MilCmdMatrixTransform) len=60 handle=0x0000000a 在资源表里=True
[preflight] 通道 2 待提交 #2: id=0x7e (MilCmdSolidColorBrush) len=48 handle=0x00000009 在资源表里=True
[preflight] 通道 2 待提交 #3: id=0x85 (MilCmdDashStyle) len=24 handle=0x0000000b 在资源表里=True
[preflight] 通道 2 待提交 #4: id=0x86 (MilCmdPen) len=52 handle=0x00000008 在资源表里=True
[preflight] 通道 2 待提交 #5: id=0x7e (MilCmdSolidColorBrush) len=48 handle=0x0000000c 在资源表里=True
[preflight] 通道 2 待提交 #6: id=0x18 (MilCmdRenderData) len=108 handle=0x00000007 在资源表里=True
[preflight] 通道 2 待提交 #7: id=0x22 (MilCmdVisualSetContent) len=12 handle=0x00000006 在资源表里=True
[preflight] 通道 2 待提交 #8: id=0x1b (MilCmdVisualSetOffset) len=24 handle=0x0000000d 在资源表里=True
[preflight] 通道 2 待提交 #9: id=0x27 (MilCmdVisualSetGuidelineCollection) len=32 handle=0x0000000e 在资源表里=True
[preflight] 通道 2 待提交 #10: id=0x7e (MilCmdSolidColorBrush) len=48 handle=0x00000010 在资源表里=True
[preflight] 通道 2 待提交 #11: id=0x18 (MilCmdRenderData) len=60 handle=0x0000000f 在资源表里=True
[preflight] 通道 2 待提交 #12: id=0x22 (MilCmdVisualSetContent) len=12 handle=0x0000000e 在资源表里=True
[preflight] 通道 2 待提交 #13: id=0x1b (MilCmdVisualSetOffset) len=24 handle=0x00000011 在资源表里=True
[preflight] 通道 2 待提交 #14: id=0x20 (MilCmdVisualSetAlpha) len=16 handle=0x00000011 在资源表里=True
[preflight] 通道 2 待提交 #15: id=0x20 (MilCmdVisualSetAlpha) len=16 handle=0x00000012 在资源表里=True
[preflight] 通道 2 待提交 #16: id=0x27 (MilCmdVisualSetGuidelineCollection) len=32 handle=0x00000013 在资源表里=True
[preflight] 通道 2 待提交 #17: id=0x7e (MilCmdSolidColorBrush) len=48 handle=0x00000015 在资源表里=True
[preflight] 通道 2 待提交 #18: id=0x7d (MilCmdPathGeometry) len=308 handle=0x00000016 在资源表里=True
[preflight] 通道 2 待提交 #19: id=0x7d (MilCmdPathGeometry) len=188 handle=0x00000017 在资源表里=True
[preflight] 通道 2 待提交 #20: id=0x18 (MilCmdRenderData) len=60 handle=0x00000014 在资源表里=True
[preflight] 通道 2 待提交 #21: id=0x22 (MilCmdVisualSetContent) len=12 handle=0x00000013 在资源表里=True
[preflight] 通道 2 待提交 #22: id=0x1b (MilCmdVisualSetOffset) len=24 handle=0x00000018 在资源表里=True
[preflight] 通道 2 待提交 #23: id=0x1b (MilCmdVisualSetOffset) len=24 handle=0x0000001a 在资源表里=True
[preflight] 通道 2 待提交 #24: id=0x27 (MilCmdVisualSetGuidelineCollection) len=32 handle=0x0000001a 在资源表里=True
[preflight] 通道 2 待提交 #25: id=0x7e (MilCmdSolidColorBrush) len=48 handle=0x0000001c 在资源表里=True
[preflight] 通道 2 待提交 #26: id=0x77 (MilCmdMatrixTransform) len=60 handle=0x0000001e 在资源表里=True
[preflight] 通道 2 待提交 #27: id=0x7d (MilCmdPathGeometry) len=172 handle=0x0000001d 在资源表里=True
[preflight] 通道 2 待提交 #28: id=0x18 (MilCmdRenderData) len=36 handle=0x0000001b 在资源表里=True
[preflight] 通道 2 待提交 #29: id=0x22 (MilCmdVisualSetContent) len=12 handle=0x0000001a 在资源表里=True
[preflight] 通道 2 待提交 #30: id=0x26 (MilCmdVisualInsertChildAt) len=16 handle=0x00000019 在资源表里=True
[preflight] 通道 2 待提交 #31: id=0x26 (MilCmdVisualInsertChildAt) len=16 handle=0x00000018 在资源表里=True
[preflight] 通道 2 待提交 #32: id=0x26 (MilCmdVisualInsertChildAt) len=16 handle=0x00000013 在资源表里=True
[preflight] 通道 2 待提交 #33: id=0x26 (MilCmdVisualInsertChildAt) len=16 handle=0x00000012 在资源表里=True
[preflight] 通道 2 待提交 #34: id=0x26 (MilCmdVisualInsertChildAt) len=16 handle=0x00000011 在资源表里=True
[preflight] 通道 2 待提交 #35: id=0x1b (MilCmdVisualSetOffset) len=24 handle=0x0000001f 在资源表里=True
[preflight] 通道 2 待提交 #36: id=0x20 (MilCmdVisualSetAlpha) len=16 handle=0x0000001f 在资源表里=True
[preflight] 通道 2 待提交 #37: id=0x27 (MilCmdVisualSetGuidelineCollection) len=32 handle=0x00000020 在资源表里=True
[preflight] 通道 2 待提交 #38: id=0x7d (MilCmdPathGeometry) len=308 handle=0x00000022 在资源表里=True
[preflight] 通道 2 待提交 #39: id=0x7d (MilCmdPathGeometry) len=188 handle=0x00000023 在资源表里=True
[preflight] 通道 2 待提交 #40: id=0x18 (MilCmdRenderData) len=60 handle=0x00000021 在资源表里=True
[preflight] 通道 2 待提交 #41: id=0x22 (MilCmdVisualSetContent) len=12 handle=0x00000020 在资源表里=True
[preflight] 通道 2 待提交 #42: id=0x1b (MilCmdVisualSetOffset) len=24 handle=0x00000024 在资源表里=True
[preflight] 通道 2 待提交 #43: id=0x27 (MilCmdVisualSetGuidelineCollection) len=32 handle=0x00000026 在资源表里=True
[preflight] 通道 2 待提交 #44: id=0x77 (MilCmdMatrixTransform) len=60 handle=0x00000029 在资源表里=True
[preflight] 通道 2 待提交 #45: id=0x7d (MilCmdPathGeometry) len=276 handle=0x00000028 在资源表里=True
[preflight] 通道 2 待提交 #46: id=0x18 (MilCmdRenderData) len=36 handle=0x00000027 在资源表里=True
[preflight] 通道 2 待提交 #47: id=0x22 (MilCmdVisualSetContent) len=12 handle=0x00000026 在资源表里=True
[preflight] 通道 2 待提交 #48: id=0x26 (MilCmdVisualInsertChildAt) len=16 handle=0x00000025 在资源表里=True
[preflight] 通道 2 待提交 #49: id=0x26 (MilCmdVisualInsertChildAt) len=16 handle=0x00000024 在资源表里=True
[preflight] 通道 2 待提交 #50: id=0x26 (MilCmdVisualInsertChildAt) len=16 handle=0x00000020 在资源表里=True
[preflight] 通道 2 待提交 #51: id=0x26 (MilCmdVisualInsertChildAt) len=16 handle=0x0000001f 在资源表里=True
[preflight] 通道 2 待提交 #52: id=0x26 (MilCmdVisualInsertChildAt) len=16 handle=0x00000011 在资源表里=True
[preflight] 通道 2 待提交 #53: id=0x20 (MilCmdVisualSetAlpha) len=16 handle=0x0000002a 在资源表里=True
[preflight] 通道 2 待提交 #54: id=0x26 (MilCmdVisualInsertChildAt) len=16 handle=0x00000011 在资源表里=True
[preflight] 通道 2 待提交 #55: id=0x1b (MilCmdVisualSetOffset) len=24 handle=0x0000002b 在资源表里=True
[preflight] 通道 2 待提交 #56: id=0x20 (MilCmdVisualSetAlpha) len=16 handle=0x0000002b 在资源表里=True
[preflight] 通道 2 待提交 #57: id=0x27 (MilCmdVisualSetGuidelineCollection) len=32 handle=0x0000002c 在资源表里=True
[preflight] 通道 2 待提交 #58: id=0x7d (MilCmdPathGeometry) len=308 handle=0x0000002e 在资源表里=True
[preflight] 通道 2 待提交 #59: id=0x7d (MilCmdPathGeometry) len=188 handle=0x0000002f 在资源表里=True
[preflight] 通道 2 待提交 #60: id=0x18 (MilCmdRenderData) len=60 handle=0x0000002d 在资源表里=True
[preflight] 通道 2 待提交 #61: id=0x22 (MilCmdVisualSetContent) len=12 handle=0x0000002c 在资源表里=True
[preflight] 通道 2 待提交 #62: id=0x1b (MilCmdVisualSetOffset) len=24 handle=0x00000030 在资源表里=True
[preflight] 通道 2 待提交 #63: id=0x27 (MilCmdVisualSetGuidelineCollection) len=32 handle=0x00000032 在资源表里=True
[preflight] 通道 2 待提交 #64: id=0x77 (MilCmdMatrixTransform) len=60 handle=0x00000035 在资源表里=True
[preflight] 通道 2 待提交 #65: id=0x7d (MilCmdPathGeometry) len=300 handle=0x00000034 在资源表里=True
[preflight] 通道 2 待提交 #66: id=0x18 (MilCmdRenderData) len=36 handle=0x00000033 在资源表里=True
[preflight] 通道 2 待提交 #67: id=0x22 (MilCmdVisualSetContent) len=12 handle=0x00000032 在资源表里=True
[preflight] 通道 2 待提交 #68: id=0x26 (MilCmdVisualInsertChildAt) len=16 handle=0x00000031 在资源表里=True
[preflight] 通道 2 待提交 #69: id=0x26 (MilCmdVisualInsertChildAt) len=16 handle=0x00000030 在资源表里=True
[preflight] 通道 2 待提交 #70: id=0x26 (MilCmdVisualInsertChildAt) len=16 handle=0x0000002c 在资源表里=True
[preflight] 通道 2 待提交 #71: id=0x26 (MilCmdVisualInsertChildAt) len=16 handle=0x0000002b 在资源表里=True
[preflight] 通道 2 待提交 #72: id=0x26 (MilCmdVisualInsertChildAt) len=16 handle=0x00000011 在资源表里=True
[preflight] 通道 2 待提交 #73: id=0x26 (MilCmdVisualInsertChildAt) len=16 handle=0x0000000e 在资源表里=True
[preflight] 通道 2 待提交 #74: id=0x20 (MilCmdVisualSetAlpha) len=16 handle=0x00000037 在资源表里=True
[preflight] 通道 2 待提交 #75: id=0x26 (MilCmdVisualInsertChildAt) len=16 handle=0x00000036 在资源表里=True
[preflight] 通道 2 待提交 #76: id=0x20 (MilCmdVisualSetAlpha) len=16 handle=0x00000038 在资源表里=True
[preflight] 通道 2 待提交 #77: id=0x26 (MilCmdVisualInsertChildAt) len=16 handle=0x00000036 在资源表里=True
[preflight] 通道 2 待提交 #78: id=0x20 (MilCmdVisualSetAlpha) len=16 handle=0x00000039 在资源表里=True
[preflight] 通道 2 待提交 #79: id=0x26 (MilCmdVisualInsertChildAt) len=16 handle=0x00000036 在资源表里=True
[preflight] 通道 2 待提交 #80: id=0x26 (MilCmdVisualInsertChildAt) len=16 handle=0x0000000e 在资源表里=True
[preflight] 通道 2 待提交 #81: id=0x26 (MilCmdVisualInsertChildAt) len=16 handle=0x0000000d 在资源表里=True
[preflight] 通道 2 待提交 #82: id=0x1b (MilCmdVisualSetOffset) len=24 handle=0x0000003a 在资源表里=True
[preflight] 通道 2 待提交 #83: id=0x79 (MilCmdRectangleGeometry) len=72 handle=0x0000003c 在资源表里=True
[preflight] 通道 2 待提交 #84: id=0x1f (MilCmdVisualSetClip) len=12 handle=0x0000003b 在资源表里=True
[preflight] 通道 2 待提交 #85: id=0x26 (MilCmdVisualInsertChildAt) len=16 handle=0x0000003d 在资源表里=True
[preflight] 通道 2 待提交 #86: id=0x26 (MilCmdVisualInsertChildAt) len=16 handle=0x0000003b 在资源表里=True
[preflight] 通道 2 待提交 #87: id=0x26 (MilCmdVisualInsertChildAt) len=16 handle=0x0000003a 在资源表里=True
[preflight] 通道 2 待提交 #88: id=0x26 (MilCmdVisualInsertChildAt) len=16 handle=0x0000003a 在资源表里=True
[preflight] 通道 2 待提交 #89: id=0x26 (MilCmdVisualInsertChildAt) len=16 handle=0x0000000d 在资源表里=True
[preflight] 通道 2 待提交 #90: id=0x1b (MilCmdVisualSetOffset) len=24 handle=0x00000040 在资源表里=True
[preflight] 通道 2 待提交 #91: id=0x27 (MilCmdVisualSetGuidelineCollection) len=32 handle=0x00000041 在资源表里=True
[preflight] 通道 2 待提交 #92: id=0x18 (MilCmdRenderData) len=60 handle=0x00000042 在资源表里=True
[preflight] 通道 2 待提交 #93: id=0x22 (MilCmdVisualSetContent) len=12 handle=0x00000041 在资源表里=True
[preflight] 通道 2 待提交 #94: id=0x27 (MilCmdVisualSetGuidelineCollection) len=32 handle=0x00000043 在资源表里=True
[preflight] 通道 2 待提交 #95: id=0x7f (MilCmdLinearGradientBrush) len=156 handle=0x00000048 在资源表里=True
[preflight] 通道 2 待提交 #96: id=0x79 (MilCmdRectangleGeometry) len=72 handle=0x00000049 在资源表里=True
[preflight] 通道 2 待提交 #97: id=0x87 (MilCmdGeometryDrawing) len=20 handle=0x00000047 在资源表里=True
[preflight] 通道 2 待提交 #98: id=0x8b (MilCmdDrawingGroup) len=56 handle=0x00000046 在资源表里=True
[preflight] 通道 2 待提交 #99: id=0x82 (MilCmdDrawingBrush) len=148 handle=0x00000045 在资源表里=True
[preflight] 通道 2 待提交 #100: id=0x7d (MilCmdPathGeometry) len=268 handle=0x0000004a 在资源表里=True
[preflight] 通道 2 待提交 #101: id=0x18 (MilCmdRenderData) len=36 handle=0x00000044 在资源表里=True
[preflight] 通道 2 待提交 #102: id=0x22 (MilCmdVisualSetContent) len=12 handle=0x00000043 在资源表里=True
[preflight] 通道 2 待提交 #103: id=0x26 (MilCmdVisualInsertChildAt) len=16 handle=0x00000041 在资源表里=True
[preflight] 通道 2 待提交 #104: id=0x26 (MilCmdVisualInsertChildAt) len=16 handle=0x00000040 在资源表里=True
[preflight] 通道 2 待提交 #105: id=0x26 (MilCmdVisualInsertChildAt) len=16 handle=0x0000000d 在资源表里=True
[preflight] 通道 2 待提交 #106: id=0x26 (MilCmdVisualInsertChildAt) len=16 handle=0x00000006 在资源表里=True
[preflight] 通道 2 待提交 #107: id=0x26 (MilCmdVisualInsertChildAt) len=16 handle=0x00000005 在资源表里=True
[preflight] 通道 2 待提交 #108: id=0x26 (MilCmdVisualInsertChildAt) len=16 handle=0x00000002 在资源表里=True
NOTE X11 Resize：HWND 0xc00004 → 800x600（将按新尺寸重渲）
NOTE X11 Resize：HWND 0xc00004 → 800x600（将按新尺寸重渲）
  ★ 首个**有内容**的帧（第 7 次呈现）：通道 2 → HWND 0xc00004 800x600（skia 指令 14 条，未画种类 0）  累计帧数 = 2
[closebatch] 通道 3 待处理 1 条 ⇒ hr=0x00000000
[preflight] 通道 3 待提交 #0: id=0x37 (MilCmdTargetInvalidate) len=24 handle=0x00000002 在资源表里=True
NOTE WgxConnection_SameThreadPresent: 通道 3 无根视觉（未 TargetSetRoot）
[closebatch] 通道 2 待处理 1 条 ⇒ hr=0x00000000
[preflight] 通道 2 待提交 #0: id=0x33 (MilCmdTargetUpdateWindowSettings) len=72 handle=0x00000003 在资源表里=True
[closebatch] 通道 3 待处理 1 条 ⇒ hr=0x00000000
[preflight] 通道 3 待提交 #0: id=0x37 (MilCmdTargetInvalidate) len=24 handle=0x00000002 在资源表里=True
NOTE WgxConnection_SameThreadPresent: 通道 3 无根视觉（未 TargetSetRoot）
[closebatch] 通道 2 待处理 1 条 ⇒ hr=0x00000000
[preflight] 通道 2 待提交 #0: id=0x33 (MilCmdTargetUpdateWindowSettings) len=72 handle=0x00000003 在资源表里=True
[closebatch] 通道 3 待处理 1 条 ⇒ hr=0x00000000
[preflight] 通道 3 待提交 #0: id=0x37 (MilCmdTargetInvalidate) len=24 handle=0x00000002 在资源表里=True
NOTE WgxConnection_SameThreadPresent: 通道 3 无根视觉（未 TargetSetRoot）
[closebatch] 通道 2 待处理 1 条 ⇒ hr=0x00000000
[preflight] 通道 2 待提交 #0: id=0x33 (MilCmdTargetUpdateWindowSettings) len=72 handle=0x00000003 在资源表里=True
[closebatch] 通道 3 待处理 1 条 ⇒ hr=0x00000000
[preflight] 通道 3 待提交 #0: id=0x37 (MilCmdTargetInvalidate) len=24 handle=0x00000002 在资源表里=True
NOTE WgxConnection_SameThreadPresent: 通道 3 无根视觉（未 TargetSetRoot）
[closebatch] 通道 3 待处理 1 条 ⇒ hr=0x00000000
[preflight] 通道 3 待提交 #0: id=0x37 (MilCmdTargetInvalidate) len=24 handle=0x00000002 在资源表里=True
NOTE WgxConnection_SameThreadPresent: 通道 3 无根视觉（未 TargetSetRoot）
[create] 通道 2(0x10000002) 句柄 0x0000004b 类型 TYPE_VISUAL ⇒ 表内总数 75
[create] 通道 2(0x10000002) 句柄 0x0000004c 类型 TYPE_VISUAL ⇒ 表内总数 76
[create] 通道 2(0x10000002) 句柄 0x0000004d 类型 TYPE_VISUAL ⇒ 表内总数 77
[create] 通道 2(0x10000002) 句柄 0x0000004e 类型 TYPE_VISUAL ⇒ 表内总数 78
[create] 通道 2(0x10000002) 句柄 0x0000004f 类型 TYPE_RENDERDATA ⇒ 表内总数 79
[create] 通道 2(0x10000002) 句柄 0x00000015 类型 TYPE_SOLIDCOLORBRUSH ⇒ 表内总数 79
[create] 通道 2(0x10000002) 句柄 0x00000050 类型 TYPE_VISUAL ⇒ 表内总数 80
[create] 通道 2(0x10000002) 句柄 0x00000051 类型 TYPE_VISUAL ⇒ 表内总数 81
[create] 通道 2(0x10000002) 句柄 0x00000052 类型 TYPE_VISUAL ⇒ 表内总数 82
[create] 通道 2(0x10000002) 句柄 0x00000053 类型 TYPE_VISUAL ⇒ 表内总数 83
[create] 通道 2(0x10000002) 句柄 0x00000054 类型 TYPE_RENDERDATA ⇒ 表内总数 84
[create] 通道 2(0x10000002) 句柄 0x00000015 类型 TYPE_SOLIDCOLORBRUSH ⇒ 表内总数 84
[create] 通道 2(0x10000002) 句柄 0x00000055 类型 TYPE_VISUAL ⇒ 表内总数 85
[create] 通道 2(0x10000002) 句柄 0x00000056 类型 TYPE_VISUAL ⇒ 表内总数 86
[create] 通道 2(0x10000002) 句柄 0x00000057 类型 TYPE_VISUAL ⇒ 表内总数 87
[create] 通道 2(0x10000002) 句柄 0x00000058 类型 TYPE_VISUAL ⇒ 表内总数 88
[create] 通道 2(0x10000002) 句柄 0x00000059 类型 TYPE_VISUAL ⇒ 表内总数 89
[create] 通道 2(0x10000002) 句柄 0x0000005a 类型 TYPE_VISUAL ⇒ 表内总数 90
[create] 通道 2(0x10000002) 句柄 0x0000005b 类型 TYPE_RENDERDATA ⇒ 表内总数 91
[create] 通道 2(0x10000002) 句柄 0x0000001c 类型 TYPE_SOLIDCOLORBRUSH ⇒ 表内总数 91
[create] 通道 2(0x10000002) 句柄 0x0000005c 类型 TYPE_GLYPHRUN ⇒ 表内总数 92
[create] 通道 2(0x10000002) 句柄 0x0000005d 类型 TYPE_VISUAL ⇒ 表内总数 93
[create] 通道 2(0x10000002) 句柄 0x0000005e 类型 TYPE_VISUAL ⇒ 表内总数 94
[create] 通道 2(0x10000002) 句柄 0x0000005f 类型 TYPE_VISUAL ⇒ 表内总数 95
[create] 通道 2(0x10000002) 句柄 0x00000060 类型 TYPE_RENDERDATA ⇒ 表内总数 96
[create] 通道 2(0x10000002) 句柄 0x00000015 类型 TYPE_SOLIDCOLORBRUSH ⇒ 表内总数 96
[create] 通道 2(0x10000002) 句柄 0x00000061 类型 TYPE_VISUAL ⇒ 表内总数 97
[create] 通道 2(0x10000002) 句柄 0x00000062 类型 TYPE_VISUAL ⇒ 表内总数 98
[create] 通道 2(0x10000002) 句柄 0x00000063 类型 TYPE_VISUAL ⇒ 表内总数 99
[create] 通道 2(0x10000002) 句柄 0x00000064 类型 TYPE_VISUAL ⇒ 表内总数 100
[create] 通道 2(0x10000002) 句柄 0x00000065 类型 TYPE_VISUAL ⇒ 表内总数 101
[create] 通道 2(0x10000002) 句柄 0x00000066 类型 TYPE_VISUAL ⇒ 表内总数 102
[create] 通道 2(0x10000002) 句柄 0x00000067 类型 TYPE_RENDERDATA ⇒ 表内总数 103
[create] 通道 2(0x10000002) 句柄 0x0000001c 类型 TYPE_SOLIDCOLORBRUSH ⇒ 表内总数 103
[create] 通道 2(0x10000002) 句柄 0x00000068 类型 TYPE_GLYPHRUN ⇒ 表内总数 104
[create] 通道 2(0x10000002) 句柄 0x00000069 类型 TYPE_VISUAL ⇒ 表内总数 105
[create] 通道 2(0x10000002) 句柄 0x0000006a 类型 TYPE_VISUAL ⇒ 表内总数 106
[create] 通道 2(0x10000002) 句柄 0x0000006b 类型 TYPE_VISUAL ⇒ 表内总数 107
[create] 通道 2(0x10000002) 句柄 0x0000006c 类型 TYPE_RENDERDATA ⇒ 表内总数 108
[create] 通道 2(0x10000002) 句柄 0x00000015 类型 TYPE_SOLIDCOLORBRUSH ⇒ 表内总数 108
[create] 通道 2(0x10000002) 句柄 0x0000006d 类型 TYPE_VISUAL ⇒ 表内总数 109
[create] 通道 2(0x10000002) 句柄 0x0000006e 类型 TYPE_VISUAL ⇒ 表内总数 110
[create] 通道 2(0x10000002) 句柄 0x0000006f 类型 TYPE_VISUAL ⇒ 表内总数 111
[create] 通道 2(0x10000002) 句柄 0x00000070 类型 TYPE_VISUAL ⇒ 表内总数 112
[create] 通道 2(0x10000002) 句柄 0x00000071 类型 TYPE_VISUAL ⇒ 表内总数 113
[create] 通道 2(0x10000002) 句柄 0x00000072 类型 TYPE_VISUAL ⇒ 表内总数 114
[create] 通道 2(0x10000002) 句柄 0x00000073 类型 TYPE_RENDERDATA ⇒ 表内总数 115
[create] 通道 2(0x10000002) 句柄 0x0000001c 类型 TYPE_SOLIDCOLORBRUSH ⇒ 表内总数 115
[create] 通道 2(0x10000002) 句柄 0x00000074 类型 TYPE_GLYPHRUN ⇒ 表内总数 116
[create] 通道 2(0x10000002) 句柄 0x00000075 类型 TYPE_VISUAL ⇒ 表内总数 117
[create] 通道 2(0x10000002) 句柄 0x00000076 类型 TYPE_VISUAL ⇒ 表内总数 118
[create] 通道 2(0x10000002) 句柄 0x00000077 类型 TYPE_RENDERDATA ⇒ 表内总数 119
[create] 通道 2(0x10000002) 句柄 0x0000000c 类型 TYPE_SOLIDCOLORBRUSH ⇒ 表内总数 119
[create] 通道 2(0x10000002) 句柄 0x00000078 类型 TYPE_VISUAL ⇒ 表内总数 120
[create] 通道 2(0x10000002) 句柄 0x00000079 类型 TYPE_RENDERDATA ⇒ 表内总数 121
[create] 通道 2(0x10000002) 句柄 0x0000001c 类型 TYPE_SOLIDCOLORBRUSH ⇒ 表内总数 121
[create] 通道 2(0x10000002) 句柄 0x0000007a 类型 TYPE_GLYPHRUN ⇒ 表内总数 122
[create] 通道 2(0x10000002) 句柄 0x0000007b 类型 TYPE_VISUAL ⇒ 表内总数 123
[create] 通道 2(0x10000002) 句柄 0x0000007c 类型 TYPE_VISUAL ⇒ 表内总数 124
[create] 通道 2(0x10000002) 句柄 0x0000007d 类型 TYPE_RENDERDATA ⇒ 表内总数 125
[create] 通道 2(0x10000002) 句柄 0x0000007e 类型 TYPE_PEN ⇒ 表内总数 126
[create] 通道 2(0x10000002) 句柄 0x00000015 类型 TYPE_SOLIDCOLORBRUSH ⇒ 表内总数 126
[create] 通道 2(0x10000002) 句柄 0x0000000b 类型 TYPE_DASHSTYLE ⇒ 表内总数 126
[create] 通道 2(0x10000002) 句柄 0x00000015 类型 TYPE_SOLIDCOLORBRUSH ⇒ 表内总数 126
[create] 通道 2(0x10000002) 句柄 0x0000007f 类型 TYPE_VISUAL ⇒ 表内总数 127
[create] 通道 2(0x10000002) 句柄 0x00000080 类型 TYPE_VISUAL ⇒ 表内总数 128
[create] 通道 2(0x10000002) 句柄 0x00000081 类型 TYPE_VISUAL ⇒ 表内总数 129
[create] 通道 2(0x10000002) 句柄 0x00000082 类型 TYPE_RENDERDATA ⇒ 表内总数 130
[create] 通道 2(0x10000002) 句柄 0x0000001c 类型 TYPE_SOLIDCOLORBRUSH ⇒ 表内总数 130
[create] 通道 2(0x10000002) 句柄 0x00000083 类型 TYPE_PATHGEOMETRY ⇒ 表内总数 131
[create] 通道 2(0x10000002) 句柄 0x00000084 类型 TYPE_MATRIXTRANSFORM ⇒ 表内总数 132
[create] 通道 2(0x10000002) 句柄 0x00000085 类型 TYPE_VISUAL ⇒ 表内总数 133
[create] 通道 2(0x10000002) 句柄 0x00000086 类型 TYPE_VISUAL ⇒ 表内总数 134
[create] 通道 2(0x10000002) 句柄 0x00000087 类型 TYPE_RENDERDATA ⇒ 表内总数 135
[create] 通道 2(0x10000002) 句柄 0x00000088 类型 TYPE_PEN ⇒ 表内总数 136
[create] 通道 2(0x10000002) 句柄 0x00000089 类型 TYPE_SOLIDCOLORBRUSH ⇒ 表内总数 137
[create] 通道 2(0x10000002) 句柄 0x0000000a 类型 TYPE_MATRIXTRANSFORM ⇒ 表内总数 137
[create] 通道 2(0x10000002) 句柄 0x0000000a 类型 TYPE_MATRIXTRANSFORM ⇒ 表内总数 137
[create] 通道 2(0x10000002) 句柄 0x0000000b 类型 TYPE_DASHSTYLE ⇒ 表内总数 137
[create] 通道 2(0x10000002) 句柄 0x0000008a 类型 TYPE_DRAWINGBRUSH ⇒ 表内总数 138
[create] 通道 2(0x10000002) 句柄 0x0000000a 类型 TYPE_MATRIXTRANSFORM ⇒ 表内总数 138
[create] 通道 2(0x10000002) 句柄 0x0000000a 类型 TYPE_MATRIXTRANSFORM ⇒ 表内总数 138
[create] 通道 2(0x10000002) 句柄 0x0000008b 类型 TYPE_IMAGEDRAWING ⇒ 表内总数 139
[create] 通道 2(0x10000002) 句柄 0x0000008c 类型 TYPE_BITMAPSOURCE ⇒ 表内总数 140
NOTE MilResource_CreateCWICWrapperBitmap: WIC 句柄 0x3d **物化**成功（157x157 Bgra8888）⇒ wrapper=0x20000037；在册=1
[create] 通道 2(0x10000002) 句柄 0x0000008d 类型 TYPE_VISUAL ⇒ 表内总数 141
[create] 通道 2(0x10000002) 句柄 0x0000008e 类型 TYPE_VISUAL ⇒ 表内总数 142
[create] 通道 2(0x10000002) 句柄 0x0000008f 类型 TYPE_VISUAL ⇒ 表内总数 143
[create] 通道 2(0x10000002) 句柄 0x00000090 类型 TYPE_RENDERDATA ⇒ 表内总数 144
[create] 通道 2(0x10000002) 句柄 0x00000091 类型 TYPE_PEN ⇒ 表内总数 145
[create] 通道 2(0x10000002) 句柄 0x00000089 类型 TYPE_SOLIDCOLORBRUSH ⇒ 表内总数 145
[create] 通道 2(0x10000002) 句柄 0x0000000b 类型 TYPE_DASHSTYLE ⇒ 表内总数 145
[create] 通道 2(0x10000002) 句柄 0x00000010 类型 TYPE_SOLIDCOLORBRUSH ⇒ 表内总数 145
[create] 通道 2(0x10000002) 句柄 0x00000092 类型 TYPE_VISUAL ⇒ 表内总数 146
[create] 通道 2(0x10000002) 句柄 0x00000093 类型 TYPE_VISUAL ⇒ 表内总数 147
[create] 通道 2(0x10000002) 句柄 0x00000094 类型 TYPE_VISUAL ⇒ 表内总数 148
[create] 通道 2(0x10000002) 句柄 0x00000095 类型 TYPE_RENDERDATA ⇒ 表内总数 149
[create] 通道 2(0x10000002) 句柄 0x0000001c 类型 TYPE_SOLIDCOLORBRUSH ⇒ 表内总数 149
[create] 通道 2(0x10000002) 句柄 0x00000096 类型 TYPE_PATHGEOMETRY ⇒ 表内总数 150
[create] 通道 2(0x10000002) 句柄 0x00000097 类型 TYPE_MATRIXTRANSFORM ⇒ 表内总数 151
[create] 通道 2(0x10000002) 句柄 0x00000098 类型 TYPE_VISUAL ⇒ 表内总数 152
[create] 通道 2(0x10000002) 句柄 0x00000099 类型 TYPE_VISUAL ⇒ 表内总数 153
[create] 通道 2(0x10000002) 句柄 0x0000009a 类型 TYPE_VISUAL ⇒ 表内总数 154
[create] 通道 2(0x10000002) 句柄 0x0000009b 类型 TYPE_DROPSHADOWEFFECT ⇒ 表内总数 155
[create] 通道 2(0x10000002) 句柄 0x0000009c 类型 TYPE_RENDERDATA ⇒ 表内总数 156
[create] 通道 2(0x10000002) 句柄 0x00000010 类型 TYPE_SOLIDCOLORBRUSH ⇒ 表内总数 156
[create] 通道 2(0x10000002) 句柄 0x0000009d 类型 TYPE_VISUAL ⇒ 表内总数 157
[create] 通道 2(0x10000002) 句柄 0x0000009e 类型 TYPE_PATHGEOMETRY ⇒ 表内总数 158
[create] 通道 2(0x10000002) 句柄 0x0000000a 类型 TYPE_MATRIXTRANSFORM ⇒ 表内总数 158
[create] 通道 2(0x10000002) 句柄 0x0000009f 类型 TYPE_VISUAL ⇒ 表内总数 159
[create] 通道 2(0x10000002) 句柄 0x000000a0 类型 TYPE_VISUAL ⇒ 表内总数 160
[create] 通道 2(0x10000002) 句柄 0x0000009b 类型 TYPE_DROPSHADOWEFFECT ⇒ 表内总数 160
[create] 通道 2(0x10000002) 句柄 0x000000a1 类型 TYPE_VISUAL ⇒ 表内总数 161
[create] 通道 2(0x10000002) 句柄 0x000000a2 类型 TYPE_VISUAL ⇒ 表内总数 162
[create] 通道 2(0x10000002) 句柄 0x000000a3 类型 TYPE_VISUAL ⇒ 表内总数 163
[create] 通道 2(0x10000002) 句柄 0x000000a4 类型 TYPE_VISUAL ⇒ 表内总数 164
[create] 通道 2(0x10000002) 句柄 0x000000a5 类型 TYPE_VISUAL ⇒ 表内总数 165
[create] 通道 2(0x10000002) 句柄 0x000000a6 类型 TYPE_VISUAL ⇒ 表内总数 166
[create] 通道 2(0x10000002) 句柄 0x000000a7 类型 TYPE_VISUAL ⇒ 表内总数 167
[create] 通道 2(0x10000002) 句柄 0x000000a8 类型 TYPE_VISUAL ⇒ 表内总数 168
[create] 通道 2(0x10000002) 句柄 0x000000a9 类型 TYPE_RECTANGLEGEOMETRY ⇒ 表内总数 169
[create] 通道 2(0x10000002) 句柄 0x0000000a 类型 TYPE_MATRIXTRANSFORM ⇒ 表内总数 169
[create] 通道 2(0x10000002) 句柄 0x000000aa 类型 TYPE_VISUAL ⇒ 表内总数 170
[create] 通道 2(0x10000002) 句柄 0x000000ab 类型 TYPE_VISUAL ⇒ 表内总数 171
[create] 通道 2(0x10000002) 句柄 0x000000ac 类型 TYPE_VISUAL ⇒ 表内总数 172
[create] 通道 2(0x10000002) 句柄 0x000000ad 类型 TYPE_RENDERDATA ⇒ 表内总数 173
[create] 通道 2(0x10000002) 句柄 0x0000000c 类型 TYPE_SOLIDCOLORBRUSH ⇒ 表内总数 173
[create] 通道 2(0x10000002) 句柄 0x000000ae 类型 TYPE_VISUAL ⇒ 表内总数 174
[create] 通道 2(0x10000002) 句柄 0x000000af 类型 TYPE_VISUAL ⇒ 表内总数 175
[create] 通道 2(0x10000002) 句柄 0x000000b0 类型 TYPE_RENDERDATA ⇒ 表内总数 176
[create] 通道 2(0x10000002) 句柄 0x00000010 类型 TYPE_SOLIDCOLORBRUSH ⇒ 表内总数 176
[create] 通道 2(0x10000002) 句柄 0x000000b1 类型 TYPE_VISUAL ⇒ 表内总数 177
[create] 通道 2(0x10000002) 句柄 0x000000b2 类型 TYPE_VISUAL ⇒ 表内总数 178
[create] 通道 2(0x10000002) 句柄 0x000000b3 类型 TYPE_TRANSFORMGROUP ⇒ 表内总数 179
[create] 通道 2(0x10000002) 句柄 0x000000b4 类型 TYPE_TRANSLATETRANSFORM ⇒ 表内总数 180
[create] 通道 2(0x10000002) 句柄 0x000000b5 类型 TYPE_TRANSFORMGROUP ⇒ 表内总数 181
[create] 通道 2(0x10000002) 句柄 0x000000b6 类型 TYPE_SCALETRANSFORM ⇒ 表内总数 182
[create] 通道 2(0x10000002) 句柄 0x000000b7 类型 TYPE_SKEWTRANSFORM ⇒ 表内总数 183
[create] 通道 2(0x10000002) 句柄 0x000000b8 类型 TYPE_ROTATETRANSFORM ⇒ 表内总数 184
[create] 通道 2(0x10000002) 句柄 0x000000b9 类型 TYPE_TRANSLATETRANSFORM ⇒ 表内总数 185
[create] 通道 2(0x10000002) 句柄 0x000000ba 类型 TYPE_DOUBLERESOURCE ⇒ 表内总数 186
[create] 通道 2(0x10000002) 句柄 0x000000bb 类型 TYPE_TRANSLATETRANSFORM ⇒ 表内总数 187
[create] 通道 2(0x10000002) 句柄 0x000000bc 类型 TYPE_VISUAL ⇒ 表内总数 188
[create] 通道 2(0x10000002) 句柄 0x000000bd 类型 TYPE_VISUAL ⇒ 表内总数 189
[create] 通道 2(0x10000002) 句柄 0x000000be 类型 TYPE_RENDERDATA ⇒ 表内总数 190
[create] 通道 2(0x10000002) 句柄 0x000000bf 类型 TYPE_BITMAPSOURCE ⇒ 表内总数 191
NOTE MilResource_CreateCWICWrapperBitmap: WIC 句柄 0x10 **物化**成功（400x300 Bgra8888）⇒ wrapper=0x20000039；在册=2
[create] 通道 2(0x10000002) 句柄 0x000000c0 类型 TYPE_VISUAL ⇒ 表内总数 192
[create] 通道 2(0x10000002) 句柄 0x000000c1 类型 TYPE_RENDERDATA ⇒ 表内总数 193
[create] 通道 2(0x10000002) 句柄 0x0000001c 类型 TYPE_SOLIDCOLORBRUSH ⇒ 表内总数 193
[create] 通道 2(0x10000002) 句柄 0x000000c2 类型 TYPE_GLYPHRUN ⇒ 表内总数 194
[create] 通道 2(0x10000002) 句柄 0x000000c3 类型 TYPE_VISUAL ⇒ 表内总数 195
[create] 通道 2(0x10000002) 句柄 0x000000c4 类型 TYPE_TRANSFORMGROUP ⇒ 表内总数 196
[create] 通道 2(0x10000002) 句柄 0x000000c5 类型 TYPE_TRANSLATETRANSFORM ⇒ 表内总数 197
[create] 通道 2(0x10000002) 句柄 0x0000009b 类型 TYPE_DROPSHADOWEFFECT ⇒ 表内总数 197
[create] 通道 2(0x10000002) 句柄 0x000000c6 类型 TYPE_RENDERDATA ⇒ 表内总数 198
[create] 通道 2(0x10000002) 句柄 0x00000010 类型 TYPE_SOLIDCOLORBRUSH ⇒ 表内总数 198
[create] 通道 2(0x10000002) 句柄 0x000000c7 类型 TYPE_VISUAL ⇒ 表内总数 199
[create] 通道 2(0x10000002) 句柄 0x000000c8 类型 TYPE_VISUAL ⇒ 表内总数 200
[create] 通道 2(0x10000002) 句柄 0x000000c9 类型 TYPE_VISUAL ⇒ 表内总数 201
[create] 通道 2(0x10000002) 句柄 0x000000ca 类型 TYPE_VISUAL ⇒ 表内总数 202
[create] 通道 2(0x10000002) 句柄 0x000000cb 类型 TYPE_RENDERDATA ⇒ 表内总数 203
[create] 通道 2(0x10000002) 句柄 0x0000000c 类型 TYPE_SOLIDCOLORBRUSH ⇒ 表内总数 203
[create] 通道 2(0x10000002) 句柄 0x000000cc 类型 TYPE_VISUAL ⇒ 表内总数 204
[create] 通道 2(0x10000002) 句柄 0x000000cd 类型 TYPE_VISUAL ⇒ 表内总数 205
[create] 通道 2(0x10000002) 句柄 0x000000ce 类型 TYPE_VISUAL ⇒ 表内总数 206
[create] 通道 2(0x10000002) 句柄 0x000000cf 类型 TYPE_VISUAL ⇒ 表内总数 207
[create] 通道 2(0x10000002) 句柄 0x000000d0 类型 TYPE_VISUAL ⇒ 表内总数 208
[create] 通道 2(0x10000002) 句柄 0x000000d1 类型 TYPE_RENDERDATA ⇒ 表内总数 209
[create] 通道 2(0x10000002) 句柄 0x0000001c 类型 TYPE_SOLIDCOLORBRUSH ⇒ 表内总数 209
[create] 通道 2(0x10000002) 句柄 0x000000d2 类型 TYPE_GLYPHRUN ⇒ 表内总数 210
[create] 通道 2(0x10000002) 句柄 0x000000d3 类型 TYPE_VISUAL ⇒ 表内总数 211
[create] 通道 2(0x10000002) 句柄 0x000000d4 类型 TYPE_VISUAL ⇒ 表内总数 212
[create] 通道 2(0x10000002) 句柄 0x000000d5 类型 TYPE_RECTANGLEGEOMETRY ⇒ 表内总数 213
[create] 通道 2(0x10000002) 句柄 0x0000000a 类型 TYPE_MATRIXTRANSFORM ⇒ 表内总数 213
[create] 通道 2(0x10000002) 句柄 0x000000d6 类型 TYPE_RENDERDATA ⇒ 表内总数 214
[create] 通道 2(0x10000002) 句柄 0x00000015 类型 TYPE_SOLIDCOLORBRUSH ⇒ 表内总数 214
[create] 通道 2(0x10000002) 句柄 0x000000d7 类型 TYPE_VISUAL ⇒ 表内总数 215
[create] 通道 2(0x10000002) 句柄 0x000000d8 类型 TYPE_RENDERDATA ⇒ 表内总数 216
[create] 通道 2(0x10000002) 句柄 0x00000015 类型 TYPE_SOLIDCOLORBRUSH ⇒ 表内总数 216
[create] 通道 2(0x10000002) 句柄 0x000000d9 类型 TYPE_VISUAL ⇒ 表内总数 217
[create] 通道 2(0x10000002) 句柄 0x000000da 类型 TYPE_RENDERDATA ⇒ 表内总数 218
[create] 通道 2(0x10000002) 句柄 0x000000db 类型 TYPE_PEN ⇒ 表内总数 219
[create] 通道 2(0x10000002) 句柄 0x00000089 类型 TYPE_SOLIDCOLORBRUSH ⇒ 表内总数 219
[create] 通道 2(0x10000002) 句柄 0x0000000b 类型 TYPE_DASHSTYLE ⇒ 表内总数 219
[create] 通道 2(0x10000002) 句柄 0x00000015 类型 TYPE_SOLIDCOLORBRUSH ⇒ 表内总数 219
[create] 通道 2(0x10000002) 句柄 0x000000dc 类型 TYPE_VISUAL ⇒ 表内总数 220
[create] 通道 2(0x10000002) 句柄 0x000000dd 类型 TYPE_VISUAL ⇒ 表内总数 221
[create] 通道 2(0x10000002) 句柄 0x000000de 类型 TYPE_VISUAL ⇒ 表内总数 222
[create] 通道 2(0x10000002) 句柄 0x000000df 类型 TYPE_RENDERDATA ⇒ 表内总数 223
[create] 通道 2(0x10000002) 句柄 0x00000015 类型 TYPE_SOLIDCOLORBRUSH ⇒ 表内总数 223
[create] 通道 2(0x10000002) 句柄 0x000000e0 类型 TYPE_VISUAL ⇒ 表内总数 224
[closebatch] 通道 2 待处理 243 条 ⇒ hr=0x00000000
[preflight] 通道 2 待提交 #0: id=0x1b (MilCmdVisualSetOffset) len=24 handle=0x0000004d 在资源表里=True
[preflight] 通道 2 待提交 #1: id=0x27 (MilCmdVisualSetGuidelineCollection) len=32 handle=0x0000004e 在资源表里=True
[preflight] 通道 2 待提交 #2: id=0x18 (MilCmdRenderData) len=60 handle=0x0000004f 在资源表里=True
[preflight] 通道 2 待提交 #3: id=0x22 (MilCmdVisualSetContent) len=12 handle=0x0000004e 在资源表里=True
[preflight] 通道 2 待提交 #4: id=0x27 (MilCmdVisualSetGuidelineCollection) len=32 handle=0x00000053 在资源表里=True
[preflight] 通道 2 待提交 #5: id=0x18 (MilCmdRenderData) len=60 handle=0x00000054 在资源表里=True
[preflight] 通道 2 待提交 #6: id=0x22 (MilCmdVisualSetContent) len=12 handle=0x00000053 在资源表里=True
[preflight] 通道 2 待提交 #7: id=0x1b (MilCmdVisualSetOffset) len=24 handle=0x00000055 在资源表里=True
[preflight] 通道 2 待提交 #8: id=0x20 (MilCmdVisualSetAlpha) len=16 handle=0x00000056 在资源表里=True
[preflight] 通道 2 待提交 #9: id=0x26 (MilCmdVisualInsertChildAt) len=16 handle=0x00000055 在资源表里=True
[preflight] 通道 2 待提交 #10: id=0x20 (MilCmdVisualSetAlpha) len=16 handle=0x00000057 在资源表里=True
[preflight] 通道 2 待提交 #11: id=0x26 (MilCmdVisualInsertChildAt) len=16 handle=0x00000057 在资源表里=True
[preflight] 通道 2 待提交 #12: id=0x26 (MilCmdVisualInsertChildAt) len=16 handle=0x00000055 在资源表里=True
[preflight] 通道 2 待提交 #13: id=0x1b (MilCmdVisualSetOffset) len=24 handle=0x00000059 在资源表里=True
[preflight] 通道 2 待提交 #14: id=0x27 (MilCmdVisualSetGuidelineCollection) len=32 handle=0x0000005a 在资源表里=True
[preflight] 通道 2 待提交 #15: id=0x3a (MilCmdGlyphRunCreate) len=132 handle=0x0000005c 在资源表里=True
[preflight] 通道 2 待提交 #16: id=0x18 (MilCmdRenderData) len=28 handle=0x0000005b 在资源表里=True
[preflight] 通道 2 待提交 #17: id=0x22 (MilCmdVisualSetContent) len=12 handle=0x0000005a 在资源表里=True
[preflight] 通道 2 待提交 #18: id=0x26 (MilCmdVisualInsertChildAt) len=16 handle=0x00000059 在资源表里=True
[preflight] 通道 2 待提交 #19: id=0x26 (MilCmdVisualInsertChildAt) len=16 handle=0x00000055 在资源表里=True
[preflight] 通道 2 待提交 #20: id=0x20 (MilCmdVisualSetAlpha) len=16 handle=0x0000005d 在资源表里=True
[preflight] 通道 2 待提交 #21: id=0x26 (MilCmdVisualInsertChildAt) len=16 handle=0x00000055 在资源表里=True
[preflight] 通道 2 待提交 #22: id=0x26 (MilCmdVisualInsertChildAt) len=16 handle=0x00000053 在资源表里=True
[preflight] 通道 2 待提交 #23: id=0x26 (MilCmdVisualInsertChildAt) len=16 handle=0x00000052 在资源表里=True
[preflight] 通道 2 待提交 #24: id=0x26 (MilCmdVisualInsertChildAt) len=16 handle=0x00000051 在资源表里=True
[preflight] 通道 2 待提交 #25: id=0x1b (MilCmdVisualSetOffset) len=24 handle=0x0000005e 在资源表里=True
[preflight] 通道 2 待提交 #26: id=0x27 (MilCmdVisualSetGuidelineCollection) len=32 handle=0x0000005f 在资源表里=True
[preflight] 通道 2 待提交 #27: id=0x18 (MilCmdRenderData) len=60 handle=0x00000060 在资源表里=True
[preflight] 通道 2 待提交 #28: id=0x22 (MilCmdVisualSetContent) len=12 handle=0x0000005f 在资源表里=True
[preflight] 通道 2 待提交 #29: id=0x1b (MilCmdVisualSetOffset) len=24 handle=0x00000061 在资源表里=True
[preflight] 通道 2 待提交 #30: id=0x20 (MilCmdVisualSetAlpha) len=16 handle=0x00000062 在资源表里=True
[preflight] 通道 2 待提交 #31: id=0x26 (MilCmdVisualInsertChildAt) len=16 handle=0x00000061 在资源表里=True
[preflight] 通道 2 待提交 #32: id=0x20 (MilCmdVisualSetAlpha) len=16 handle=0x00000063 在资源表里=True
[preflight] 通道 2 待提交 #33: id=0x26 (MilCmdVisualInsertChildAt) len=16 handle=0x00000063 在资源表里=True
[preflight] 通道 2 待提交 #34: id=0x26 (MilCmdVisualInsertChildAt) len=16 handle=0x00000061 在资源表里=True
[preflight] 通道 2 待提交 #35: id=0x1b (MilCmdVisualSetOffset) len=24 handle=0x00000065 在资源表里=True
[preflight] 通道 2 待提交 #36: id=0x27 (MilCmdVisualSetGuidelineCollection) len=32 handle=0x00000066 在资源表里=True
[preflight] 通道 2 待提交 #37: id=0x3a (MilCmdGlyphRunCreate) len=104 handle=0x00000068 在资源表里=True
[preflight] 通道 2 待提交 #38: id=0x18 (MilCmdRenderData) len=28 handle=0x00000067 在资源表里=True
[preflight] 通道 2 待提交 #39: id=0x22 (MilCmdVisualSetContent) len=12 handle=0x00000066 在资源表里=True
[preflight] 通道 2 待提交 #40: id=0x26 (MilCmdVisualInsertChildAt) len=16 handle=0x00000065 在资源表里=True
[preflight] 通道 2 待提交 #41: id=0x26 (MilCmdVisualInsertChildAt) len=16 handle=0x00000061 在资源表里=True
[preflight] 通道 2 待提交 #42: id=0x20 (MilCmdVisualSetAlpha) len=16 handle=0x00000069 在资源表里=True
[preflight] 通道 2 待提交 #43: id=0x26 (MilCmdVisualInsertChildAt) len=16 handle=0x00000061 在资源表里=True
[preflight] 通道 2 待提交 #44: id=0x26 (MilCmdVisualInsertChildAt) len=16 handle=0x0000005f 在资源表里=True
[preflight] 通道 2 待提交 #45: id=0x26 (MilCmdVisualInsertChildAt) len=16 handle=0x0000005e 在资源表里=True
[preflight] 通道 2 待提交 #46: id=0x26 (MilCmdVisualInsertChildAt) len=16 handle=0x00000051 在资源表里=True
[preflight] 通道 2 待提交 #47: id=0x1b (MilCmdVisualSetOffset) len=24 handle=0x0000006a 在资源表里=True
[preflight] 通道 2 待提交 #48: id=0x27 (MilCmdVisualSetGuidelineCollection) len=32 handle=0x0000006b 在资源表里=True
[preflight] 通道 2 待提交 #49: id=0x18 (MilCmdRenderData) len=60 handle=0x0000006c 在资源表里=True
[preflight] 通道 2 待提交 #50: id=0x22 (MilCmdVisualSetContent) len=12 handle=0x0000006b 在资源表里=True
[preflight] 通道 2 待提交 #51: id=0x1b (MilCmdVisualSetOffset) len=24 handle=0x0000006d 在资源表里=True
[preflight] 通道 2 待提交 #52: id=0x20 (MilCmdVisualSetAlpha) len=16 handle=0x0000006e 在资源表里=True
[preflight] 通道 2 待提交 #53: id=0x26 (MilCmdVisualInsertChildAt) len=16 handle=0x0000006d 在资源表里=True
[preflight] 通道 2 待提交 #54: id=0x20 (MilCmdVisualSetAlpha) len=16 handle=0x0000006f 在资源表里=True
[preflight] 通道 2 待提交 #55: id=0x26 (MilCmdVisualInsertChildAt) len=16 handle=0x0000006f 在资源表里=True
[preflight] 通道 2 待提交 #56: id=0x26 (MilCmdVisualInsertChildAt) len=16 handle=0x0000006d 在资源表里=True
[preflight] 通道 2 待提交 #57: id=0x1b (MilCmdVisualSetOffset) len=24 handle=0x00000071 在资源表里=True
[preflight] 通道 2 待提交 #58: id=0x27 (MilCmdVisualSetGuidelineCollection) len=32 handle=0x00000072 在资源表里=True
[preflight] 通道 2 待提交 #59: id=0x3a (MilCmdGlyphRunCreate) len=132 handle=0x00000074 在资源表里=True
[preflight] 通道 2 待提交 #60: id=0x18 (MilCmdRenderData) len=28 handle=0x00000073 在资源表里=True
[preflight] 通道 2 待提交 #61: id=0x22 (MilCmdVisualSetContent) len=12 handle=0x00000072 在资源表里=True
[preflight] 通道 2 待提交 #62: id=0x26 (MilCmdVisualInsertChildAt) len=16 handle=0x00000071 在资源表里=True
[preflight] 通道 2 待提交 #63: id=0x26 (MilCmdVisualInsertChildAt) len=16 handle=0x0000006d 在资源表里=True
[preflight] 通道 2 待提交 #64: id=0x20 (MilCmdVisualSetAlpha) len=16 handle=0x00000075 在资源表里=True
[preflight] 通道 2 待提交 #65: id=0x26 (MilCmdVisualInsertChildAt) len=16 handle=0x0000006d 在资源表里=True
[preflight] 通道 2 待提交 #66: id=0x26 (MilCmdVisualInsertChildAt) len=16 handle=0x0000006b 在资源表里=True
[preflight] 通道 2 待提交 #67: id=0x26 (MilCmdVisualInsertChildAt) len=16 handle=0x0000006a 在资源表里=True
[preflight] 通道 2 待提交 #68: id=0x26 (MilCmdVisualInsertChildAt) len=16 handle=0x00000051 在资源表里=True
[preflight] 通道 2 待提交 #69: id=0x26 (MilCmdVisualInsertChildAt) len=16 handle=0x00000050 在资源表里=True
[preflight] 通道 2 待提交 #70: id=0x26 (MilCmdVisualInsertChildAt) len=16 handle=0x0000004e 在资源表里=True
[preflight] 通道 2 待提交 #71: id=0x26 (MilCmdVisualInsertChildAt) len=16 handle=0x0000004d 在资源表里=True
[preflight] 通道 2 待提交 #72: id=0x26 (MilCmdVisualInsertChildAt) len=16 handle=0x0000004c 在资源表里=True
[preflight] 通道 2 待提交 #73: id=0x1b (MilCmdVisualSetOffset) len=24 handle=0x00000076 在资源表里=True
[preflight] 通道 2 待提交 #74: id=0x27 (MilCmdVisualSetGuidelineCollection) len=32 handle=0x00000076 在资源表里=True
[preflight] 通道 2 待提交 #75: id=0x18 (MilCmdRenderData) len=76 handle=0x00000077 在资源表里=True
[preflight] 通道 2 待提交 #76: id=0x22 (MilCmdVisualSetContent) len=12 handle=0x00000076 在资源表里=True
[preflight] 通道 2 待提交 #77: id=0x1b (MilCmdVisualSetOffset) len=24 handle=0x00000078 在资源表里=True
[preflight] 通道 2 待提交 #78: id=0x27 (MilCmdVisualSetGuidelineCollection) len=32 handle=0x00000078 在资源表里=True
[preflight] 通道 2 待提交 #79: id=0x3a (MilCmdGlyphRunCreate) len=184 handle=0x0000007a 在资源表里=True
[preflight] 通道 2 待提交 #80: id=0x18 (MilCmdRenderData) len=52 handle=0x00000079 在资源表里=True
[preflight] 通道 2 待提交 #81: id=0x22 (MilCmdVisualSetContent) len=12 handle=0x00000078 在资源表里=True
[preflight] 通道 2 待提交 #82: id=0x26 (MilCmdVisualInsertChildAt) len=16 handle=0x00000076 在资源表里=True
[preflight] 通道 2 待提交 #83: id=0x26 (MilCmdVisualInsertChildAt) len=16 handle=0x0000004c 在资源表里=True
[preflight] 通道 2 待提交 #84: id=0x26 (MilCmdVisualInsertChildAt) len=16 handle=0x0000004b 在资源表里=True
[preflight] 通道 2 待提交 #85: id=0x1b (MilCmdVisualSetOffset) len=24 handle=0x0000007b 在资源表里=True
[preflight] 通道 2 待提交 #86: id=0x27 (MilCmdVisualSetGuidelineCollection) len=32 handle=0x0000007c 在资源表里=True
[preflight] 通道 2 待提交 #87: id=0x86 (MilCmdPen) len=52 handle=0x0000007e 在资源表里=True
[preflight] 通道 2 待提交 #88: id=0x18 (MilCmdRenderData) len=108 handle=0x0000007d 在资源表里=True
[preflight] 通道 2 待提交 #89: id=0x22 (MilCmdVisualSetContent) len=12 handle=0x0000007c 在资源表里=True
[preflight] 通道 2 待提交 #90: id=0x1b (MilCmdVisualSetOffset) len=24 handle=0x0000007f 在资源表里=True
[preflight] 通道 2 待提交 #91: id=0x27 (MilCmdVisualSetGuidelineCollection) len=32 handle=0x00000081 在资源表里=True
[preflight] 通道 2 待提交 #92: id=0x77 (MilCmdMatrixTransform) len=60 handle=0x00000084 在资源表里=True
[preflight] 通道 2 待提交 #93: id=0x7d (MilCmdPathGeometry) len=3972 handle=0x00000083 在资源表里=True
[preflight] 通道 2 待提交 #94: id=0x18 (MilCmdRenderData) len=36 handle=0x00000082 在资源表里=True
[preflight] 通道 2 待提交 #95: id=0x22 (MilCmdVisualSetContent) len=12 handle=0x00000081 在资源表里=True
[preflight] 通道 2 待提交 #96: id=0x26 (MilCmdVisualInsertChildAt) len=16 handle=0x00000080 在资源表里=True
[preflight] 通道 2 待提交 #97: id=0x26 (MilCmdVisualInsertChildAt) len=16 handle=0x0000007f 在资源表里=True
[preflight] 通道 2 待提交 #98: id=0x26 (MilCmdVisualInsertChildAt) len=16 handle=0x0000007c 在资源表里=True
[preflight] 通道 2 待提交 #99: id=0x26 (MilCmdVisualInsertChildAt) len=16 handle=0x0000007b 在资源表里=True
[preflight] 通道 2 待提交 #100: id=0x26 (MilCmdVisualInsertChildAt) len=16 handle=0x0000004b 在资源表里=True
[preflight] 通道 2 待提交 #101: id=0x20 (MilCmdVisualSetAlpha) len=16 handle=0x00000085 在资源表里=True
[preflight] 通道 2 待提交 #102: id=0x26 (MilCmdVisualInsertChildAt) len=16 handle=0x0000004b 在资源表里=True
[preflight] 通道 2 待提交 #103: id=0x26 (MilCmdVisualInsertChildAt) len=16 handle=0x00000039 在资源表里=True
[preflight] 通道 2 待提交 #104: id=0x7e (MilCmdSolidColorBrush) len=48 handle=0x00000089 在资源表里=True
[preflight] 通道 2 待提交 #105: id=0x86 (MilCmdPen) len=52 handle=0x00000088 在资源表里=True
[preflight] 通道 2 待提交 #106: id=0xc (MilCmdBitmapSource) len=16 handle=0x0000008c 在资源表里=True
[preflight] 通道 2 待提交 #107: id=0x89 (MilCmdImageDrawing) len=48 handle=0x0000008b 在资源表里=True
[preflight] 通道 2 待提交 #108: id=0x82 (MilCmdDrawingBrush) len=148 handle=0x0000008a 在资源表里=True
[preflight] 通道 2 待提交 #109: id=0x18 (MilCmdRenderData) len=108 handle=0x00000087 在资源表里=True
[preflight] 通道 2 待提交 #110: id=0x22 (MilCmdVisualSetContent) len=12 handle=0x00000086 在资源表里=True
[preflight] 通道 2 待提交 #111: id=0x1b (MilCmdVisualSetOffset) len=24 handle=0x0000008d 在资源表里=True
[preflight] 通道 2 待提交 #112: id=0x1b (MilCmdVisualSetOffset) len=24 handle=0x0000008e 在资源表里=True
[preflight] 通道 2 待提交 #113: id=0x86 (MilCmdPen) len=52 handle=0x00000091 在资源表里=True
[preflight] 通道 2 待提交 #114: id=0x18 (MilCmdRenderData) len=140 handle=0x00000090 在资源表里=True
[preflight] 通道 2 待提交 #115: id=0x22 (MilCmdVisualSetContent) len=12 handle=0x0000008f 在资源表里=True
[preflight] 通道 2 待提交 #116: id=0x1b (MilCmdVisualSetOffset) len=24 handle=0x00000092 在资源表里=True
[preflight] 通道 2 待提交 #117: id=0x27 (MilCmdVisualSetGuidelineCollection) len=32 handle=0x00000094 在资源表里=True
[preflight] 通道 2 待提交 #118: id=0x77 (MilCmdMatrixTransform) len=60 handle=0x00000097 在资源表里=True
[preflight] 通道 2 待提交 #119: id=0x7d (MilCmdPathGeometry) len=572 handle=0x00000096 在资源表里=True
[preflight] 通道 2 待提交 #120: id=0x18 (MilCmdRenderData) len=36 handle=0x00000095 在资源表里=True
[preflight] 通道 2 待提交 #121: id=0x22 (MilCmdVisualSetContent) len=12 handle=0x00000094 在资源表里=True
[preflight] 通道 2 待提交 #122: id=0x26 (MilCmdVisualInsertChildAt) len=16 handle=0x00000093 在资源表里=True
[preflight] 通道 2 待提交 #123: id=0x26 (MilCmdVisualInsertChildAt) len=16 handle=0x00000092 在资源表里=True
[preflight] 通道 2 待提交 #124: id=0x26 (MilCmdVisualInsertChildAt) len=16 handle=0x0000008f 在资源表里=True
[preflight] 通道 2 待提交 #125: id=0x26 (MilCmdVisualInsertChildAt) len=16 handle=0x0000008e 在资源表里=True
[preflight] 通道 2 待提交 #126: id=0x26 (MilCmdVisualInsertChildAt) len=16 handle=0x0000008d 在资源表里=True
[preflight] 通道 2 待提交 #127: id=0x1b (MilCmdVisualSetOffset) len=24 handle=0x00000098 在资源表里=True
[preflight] 通道 2 待提交 #128: id=0x1b (MilCmdVisualSetOffset) len=24 handle=0x0000009a 在资源表里=True
[preflight] 通道 2 待提交 #129: id=0x6f (MilCmdDropShadowEffect) len=80 handle=0x0000009b 在资源表里=True
[preflight] 通道 2 待提交 #130: id=0x1d (MilCmdVisualSetEffect) len=12 handle=0x0000009a 在资源表里=True
[preflight] 通道 2 待提交 #131: id=0x18 (MilCmdRenderData) len=76 handle=0x0000009c 在资源表里=True
[preflight] 通道 2 待提交 #132: id=0x22 (MilCmdVisualSetContent) len=12 handle=0x0000009a 在资源表里=True
[preflight] 通道 2 待提交 #133: id=0x26 (MilCmdVisualInsertChildAt) len=16 handle=0x00000099 在资源表里=True
[preflight] 通道 2 待提交 #134: id=0x7d (MilCmdPathGeometry) len=492 handle=0x0000009e 在资源表里=True
[preflight] 通道 2 待提交 #135: id=0x1f (MilCmdVisualSetClip) len=12 handle=0x0000009d 在资源表里=True
[preflight] 通道 2 待提交 #136: id=0x1b (MilCmdVisualSetOffset) len=24 handle=0x0000009d 在资源表里=True
[preflight] 通道 2 待提交 #137: id=0x1d (MilCmdVisualSetEffect) len=12 handle=0x000000a0 在资源表里=True
[preflight] 通道 2 待提交 #138: id=0x20 (MilCmdVisualSetAlpha) len=16 handle=0x000000a0 在资源表里=True
[preflight] 通道 2 待提交 #139: id=0x26 (MilCmdVisualInsertChildAt) len=16 handle=0x0000009f 在资源表里=True
[preflight] 通道 2 待提交 #140: id=0x20 (MilCmdVisualSetAlpha) len=16 handle=0x000000a1 在资源表里=True
[preflight] 通道 2 待提交 #141: id=0x26 (MilCmdVisualInsertChildAt) len=16 handle=0x000000a2 在资源表里=True
[preflight] 通道 2 待提交 #142: id=0x26 (MilCmdVisualInsertChildAt) len=16 handle=0x000000a2 在资源表里=True
[preflight] 通道 2 待提交 #143: id=0x26 (MilCmdVisualInsertChildAt) len=16 handle=0x000000a2 在资源表里=True
[preflight] 通道 2 待提交 #144: id=0x26 (MilCmdVisualInsertChildAt) len=16 handle=0x000000a2 在资源表里=True
[preflight] 通道 2 待提交 #145: id=0x26 (MilCmdVisualInsertChildAt) len=16 handle=0x000000a2 在资源表里=True
[preflight] 通道 2 待提交 #146: id=0x26 (MilCmdVisualInsertChildAt) len=16 handle=0x000000a1 在资源表里=True
[preflight] 通道 2 待提交 #147: id=0x26 (MilCmdVisualInsertChildAt) len=16 handle=0x0000009f 在资源表里=True
[preflight] 通道 2 待提交 #148: id=0x79 (MilCmdRectangleGeometry) len=72 handle=0x000000a9 在资源表里=True
[preflight] 通道 2 待提交 #149: id=0x1f (MilCmdVisualSetClip) len=12 handle=0x000000a8 在资源表里=True
[preflight] 通道 2 待提交 #150: id=0x27 (MilCmdVisualSetGuidelineCollection) len=32 handle=0x000000ac 在资源表里=True
[preflight] 通道 2 待提交 #151: id=0x18 (MilCmdRenderData) len=60 handle=0x000000ad 在资源表里=True
[preflight] 通道 2 待提交 #152: id=0x22 (MilCmdVisualSetContent) len=12 handle=0x000000ac 在资源表里=True
[preflight] 通道 2 待提交 #153: id=0x1b (MilCmdVisualSetOffset) len=24 handle=0x000000af 在资源表里=True
[preflight] 通道 2 待提交 #154: id=0x18 (MilCmdRenderData) len=76 handle=0x000000b0 在资源表里=True
[preflight] 通道 2 待提交 #155: id=0x22 (MilCmdVisualSetContent) len=12 handle=0x000000af 在资源表里=True
[preflight] 通道 2 待提交 #156: id=0x73 (MilCmdTranslateTransform) len=32 handle=0x000000b4 在资源表里=True
[preflight] 通道 2 待提交 #157: id=0x74 (MilCmdScaleTransform) len=56 handle=0x000000b6 在资源表里=True
[preflight] 通道 2 待提交 #158: id=0x75 (MilCmdSkewTransform) len=56 handle=0x000000b7 在资源表里=True
[preflight] 通道 2 待提交 #159: id=0x76 (MilCmdRotateTransform) len=44 handle=0x000000b8 在资源表里=True
[preflight] 通道 2 待提交 #160: id=0xe (MilCmdDoubleResource) len=16 handle=0x000000ba 在资源表里=True
[preflight] 通道 2 待提交 #161: id=0x73 (MilCmdTranslateTransform) len=32 handle=0x000000b9 在资源表里=True
[preflight] 通道 2 待提交 #162: id=0x72 (MilCmdTransformGroup) len=28 handle=0x000000b5 在资源表里=True
[preflight] 通道 2 待提交 #163: id=0x73 (MilCmdTranslateTransform) len=32 handle=0x000000bb 在资源表里=True
[preflight] 通道 2 待提交 #164: id=0x72 (MilCmdTransformGroup) len=24 handle=0x000000b3 在资源表里=True
[preflight] 通道 2 待提交 #165: id=0x1c (MilCmdVisualSetTransform) len=12 handle=0x000000b2 在资源表里=True
[preflight] 通道 2 待提交 #166: id=0x1b (MilCmdVisualSetOffset) len=24 handle=0x000000bc 在资源表里=True
[preflight] 通道 2 待提交 #167: id=0x1b (MilCmdVisualSetOffset) len=24 handle=0x000000bd 在资源表里=True
[preflight] 通道 2 待提交 #168: id=0xc (MilCmdBitmapSource) len=16 handle=0x000000bf 在资源表里=True
[preflight] 通道 2 待提交 #169: id=0x18 (MilCmdRenderData) len=60 handle=0x000000be 在资源表里=True
[preflight] 通道 2 待提交 #170: id=0x22 (MilCmdVisualSetContent) len=12 handle=0x000000bd 在资源表里=True
[preflight] 通道 2 待提交 #171: id=0x26 (MilCmdVisualInsertChildAt) len=16 handle=0x000000bc 在资源表里=True
[preflight] 通道 2 待提交 #172: id=0x1b (MilCmdVisualSetOffset) len=24 handle=0x000000c0 在资源表里=True
[preflight] 通道 2 待提交 #173: id=0x3a (MilCmdGlyphRunCreate) len=132 handle=0x000000c2 在资源表里=True
[preflight] 通道 2 待提交 #174: id=0x18 (MilCmdRenderData) len=28 handle=0x000000c1 在资源表里=True
[preflight] 通道 2 待提交 #175: id=0x22 (MilCmdVisualSetContent) len=12 handle=0x000000c0 在资源表里=True
[preflight] 通道 2 待提交 #176: id=0x26 (MilCmdVisualInsertChildAt) len=16 handle=0x000000bc 在资源表里=True
[preflight] 通道 2 待提交 #177: id=0x26 (MilCmdVisualInsertChildAt) len=16 handle=0x000000b2 在资源表里=True
[preflight] 通道 2 待提交 #178: id=0x26 (MilCmdVisualInsertChildAt) len=16 handle=0x000000b1 在资源表里=True
[preflight] 通道 2 待提交 #179: id=0x26 (MilCmdVisualInsertChildAt) len=16 handle=0x000000af 在资源表里=True
[preflight] 通道 2 待提交 #180: id=0x26 (MilCmdVisualInsertChildAt) len=16 handle=0x000000ae 在资源表里=True
[preflight] 通道 2 待提交 #181: id=0x26 (MilCmdVisualInsertChildAt) len=16 handle=0x000000ac 在资源表里=True
[preflight] 通道 2 待提交 #182: id=0x26 (MilCmdVisualInsertChildAt) len=16 handle=0x000000ab 在资源表里=True
[preflight] 通道 2 待提交 #183: id=0x26 (MilCmdVisualInsertChildAt) len=16 handle=0x000000aa 在资源表里=True
[preflight] 通道 2 待提交 #184: id=0x26 (MilCmdVisualInsertChildAt) len=16 handle=0x000000a8 在资源表里=True
[preflight] 通道 2 待提交 #185: id=0x26 (MilCmdVisualInsertChildAt) len=16 handle=0x0000009f 在资源表里=True
[preflight] 通道 2 待提交 #186: id=0x26 (MilCmdVisualInsertChildAt) len=16 handle=0x0000009d 在资源表里=True
[preflight] 通道 2 待提交 #187: id=0x26 (MilCmdVisualInsertChildAt) len=16 handle=0x00000099 在资源表里=True
[preflight] 通道 2 待提交 #188: id=0x26 (MilCmdVisualInsertChildAt) len=16 handle=0x00000098 在资源表里=True
[preflight] 通道 2 待提交 #189: id=0x26 (MilCmdVisualInsertChildAt) len=16 handle=0x0000008d 在资源表里=True
[preflight] 通道 2 待提交 #190: id=0x73 (MilCmdTranslateTransform) len=32 handle=0x000000c5 在资源表里=True
[preflight] 通道 2 待提交 #191: id=0x72 (MilCmdTransformGroup) len=16 handle=0x000000c4 在资源表里=True
[preflight] 通道 2 待提交 #192: id=0x1c (MilCmdVisualSetTransform) len=12 handle=0x000000c3 在资源表里=True
[preflight] 通道 2 待提交 #193: id=0x1b (MilCmdVisualSetOffset) len=24 handle=0x000000c3 在资源表里=True
[preflight] 通道 2 待提交 #194: id=0x1d (MilCmdVisualSetEffect) len=12 handle=0x000000c3 在资源表里=True
[preflight] 通道 2 待提交 #195: id=0x18 (MilCmdRenderData) len=76 handle=0x000000c6 在资源表里=True
[preflight] 通道 2 待提交 #196: id=0x22 (MilCmdVisualSetContent) len=12 handle=0x000000c3 在资源表里=True
[preflight] 通道 2 待提交 #197: id=0x1b (MilCmdVisualSetOffset) len=24 handle=0x000000c8 在资源表里=True
[preflight] 通道 2 待提交 #198: id=0x18 (MilCmdRenderData) len=76 handle=0x000000cb 在资源表里=True
[preflight] 通道 2 待提交 #199: id=0x22 (MilCmdVisualSetContent) len=12 handle=0x000000ca 在资源表里=True
[preflight] 通道 2 待提交 #200: id=0x26 (MilCmdVisualInsertChildAt) len=16 handle=0x000000c9 在资源表里=True
[preflight] 通道 2 待提交 #201: id=0x1b (MilCmdVisualSetOffset) len=24 handle=0x000000cd 在资源表里=True
[preflight] 通道 2 待提交 #202: id=0x20 (MilCmdVisualSetAlpha) len=16 handle=0x000000ce 在资源表里=True
[preflight] 通道 2 待提交 #203: id=0x26 (MilCmdVisualInsertChildAt) len=16 handle=0x000000cd 在资源表里=True
[preflight] 通道 2 待提交 #204: id=0x3a (MilCmdGlyphRunCreate) len=132 handle=0x000000d2 在资源表里=True
[preflight] 通道 2 待提交 #205: id=0x18 (MilCmdRenderData) len=28 handle=0x000000d1 在资源表里=True
[preflight] 通道 2 待提交 #206: id=0x22 (MilCmdVisualSetContent) len=12 handle=0x000000d0 在资源表里=True
[preflight] 通道 2 待提交 #207: id=0x26 (MilCmdVisualInsertChildAt) len=16 handle=0x000000cf 在资源表里=True
[preflight] 通道 2 待提交 #208: id=0x26 (MilCmdVisualInsertChildAt) len=16 handle=0x000000cd 在资源表里=True
[preflight] 通道 2 待提交 #209: id=0x26 (MilCmdVisualInsertChildAt) len=16 handle=0x000000cc 在资源表里=True
[preflight] 通道 2 待提交 #210: id=0x26 (MilCmdVisualInsertChildAt) len=16 handle=0x000000c9 在资源表里=True
[preflight] 通道 2 待提交 #211: id=0x26 (MilCmdVisualInsertChildAt) len=16 handle=0x000000c8 在资源表里=True
[preflight] 通道 2 待提交 #212: id=0x26 (MilCmdVisualInsertChildAt) len=16 handle=0x000000c7 在资源表里=True
[preflight] 通道 2 待提交 #213: id=0x1b (MilCmdVisualSetOffset) len=24 handle=0x000000d3 在资源表里=True
[preflight] 通道 2 待提交 #214: id=0x79 (MilCmdRectangleGeometry) len=72 handle=0x000000d5 在资源表里=True
[preflight] 通道 2 待提交 #215: id=0x1f (MilCmdVisualSetClip) len=12 handle=0x000000d4 在资源表里=True
[preflight] 通道 2 待提交 #216: id=0x27 (MilCmdVisualSetGuidelineCollection) len=32 handle=0x000000d4 在资源表里=True
[preflight] 通道 2 待提交 #217: id=0x18 (MilCmdRenderData) len=60 handle=0x000000d6 在资源表里=True
[preflight] 通道 2 待提交 #218: id=0x22 (MilCmdVisualSetContent) len=12 handle=0x000000d4 在资源表里=True
[preflight] 通道 2 待提交 #219: id=0x27 (MilCmdVisualSetGuidelineCollection) len=32 handle=0x000000d7 在资源表里=True
[preflight] 通道 2 待提交 #220: id=0x18 (MilCmdRenderData) len=60 handle=0x000000d8 在资源表里=True
[preflight] 通道 2 待提交 #221: id=0x22 (MilCmdVisualSetContent) len=12 handle=0x000000d7 在资源表里=True
[preflight] 通道 2 待提交 #222: id=0x26 (MilCmdVisualInsertChildAt) len=16 handle=0x000000d4 在资源表里=True
[preflight] 通道 2 待提交 #223: id=0x27 (MilCmdVisualSetGuidelineCollection) len=32 handle=0x000000d9 在资源表里=True
[preflight] 通道 2 待提交 #224: id=0x86 (MilCmdPen) len=52 handle=0x000000db 在资源表里=True
[preflight] 通道 2 待提交 #225: id=0x18 (MilCmdRenderData) len=108 handle=0x000000da 在资源表里=True
[preflight] 通道 2 待提交 #226: id=0x22 (MilCmdVisualSetContent) len=12 handle=0x000000d9 在资源表里=True
[preflight] 通道 2 待提交 #227: id=0x1b (MilCmdVisualSetOffset) len=24 handle=0x000000dc 在资源表里=True
[preflight] 通道 2 待提交 #228: id=0x26 (MilCmdVisualInsertChildAt) len=16 handle=0x000000d9 在资源表里=True
[preflight] 通道 2 待提交 #229: id=0x26 (MilCmdVisualInsertChildAt) len=16 handle=0x000000d4 在资源表里=True
[preflight] 通道 2 待提交 #230: id=0x26 (MilCmdVisualInsertChildAt) len=16 handle=0x000000d3 在资源表里=True
[preflight] 通道 2 待提交 #231: id=0x26 (MilCmdVisualInsertChildAt) len=16 handle=0x000000c7 在资源表里=True
[preflight] 通道 2 待提交 #232: id=0x26 (MilCmdVisualInsertChildAt) len=16 handle=0x000000c3 在资源表里=True
[preflight] 通道 2 待提交 #233: id=0x26 (MilCmdVisualInsertChildAt) len=16 handle=0x0000008d 在资源表里=True
[preflight] 通道 2 待提交 #234: id=0x1b (MilCmdVisualSetOffset) len=24 handle=0x000000dd 在资源表里=True
[preflight] 通道 2 待提交 #235: id=0x18 (MilCmdRenderData) len=60 handle=0x000000df 在资源表里=True
[preflight] 通道 2 待提交 #236: id=0x22 (MilCmdVisualSetContent) len=12 handle=0x000000de 在资源表里=True
[preflight] 通道 2 待提交 #237: id=0x26 (MilCmdVisualInsertChildAt) len=16 handle=0x000000dd 在资源表里=True
[preflight] 通道 2 待提交 #238: id=0x26 (MilCmdVisualInsertChildAt) len=16 handle=0x0000008d 在资源表里=True
[preflight] 通道 2 待提交 #239: id=0x20 (MilCmdVisualSetAlpha) len=16 handle=0x000000e0 在资源表里=True
[preflight] 通道 2 待提交 #240: id=0x26 (MilCmdVisualInsertChildAt) len=16 handle=0x0000008d 在资源表里=True
[preflight] 通道 2 待提交 #241: id=0x26 (MilCmdVisualInsertChildAt) len=16 handle=0x00000086 在资源表里=True
[preflight] 通道 2 待提交 #242: id=0x26 (MilCmdVisualInsertChildAt) len=16 handle=0x0000003e 在资源表里=True
NOTE [NOTIMPL-VISEFFECT] ch=2 id=0x1d MilCmdVisualSetEffect visual=0x0000009a effect=0x0000009b 第 1 条 ⇒ **接受但不消费（视觉级效果不渲染；投影层与渲染层都没有消费者）**
NOTE [NOTIMPL-VISEFFECT] ch=2 id=0x1d MilCmdVisualSetEffect visual=0x000000a0 effect=0x0000009b 第 2 条 ⇒ **接受但不消费（视觉级效果不渲染；投影层与渲染层都没有消费者）**
NOTE [NOTIMPL-VISEFFECT] ch=2 id=0x1d MilCmdVisualSetEffect visual=0x000000c3 effect=0x0000009b 第 3 条 ⇒ **接受但不消费（视觉级效果不渲染；投影层与渲染层都没有消费者）**
[closebatch] 通道 2 待处理 1 条 ⇒ hr=0x00000000
[preflight] 通道 2 待提交 #0: id=0xe (MilCmdDoubleResource) len=16 handle=0x000000ba 在资源表里=True
[release] 通道 2 句柄 0x000000d8 ⇒ 摘除=True 表内总数 223
[release] 通道 2 句柄 0x00000015 ⇒ 摘除=False 表内总数 223
[release] 通道 2 句柄 0x000000da ⇒ 摘除=True 表内总数 222
[release] 通道 2 句柄 0x000000db ⇒ 摘除=True 表内总数 221
[release] 通道 2 句柄 0x00000089 ⇒ 摘除=False 表内总数 221
[release] 通道 2 句柄 0x0000000b ⇒ 摘除=False 表内总数 221
[release] 通道 2 句柄 0x00000015 ⇒ 摘除=False 表内总数 221
[create] 通道 2(0x10000002) 句柄 0x000000db 类型 TYPE_RENDERDATA ⇒ 表内总数 222
[create] 通道 2(0x10000002) 句柄 0x00000015 类型 TYPE_SOLIDCOLORBRUSH ⇒ 表内总数 222
[create] 通道 2(0x10000002) 句柄 0x000000da 类型 TYPE_VISUAL ⇒ 表内总数 223
[create] 通道 2(0x10000002) 句柄 0x000000d8 类型 TYPE_VISUAL ⇒ 表内总数 224
[create] 通道 2(0x10000002) 句柄 0x000000e1 类型 TYPE_VISUAL ⇒ 表内总数 225
[create] 通道 2(0x10000002) 句柄 0x000000e2 类型 TYPE_RENDERDATA ⇒ 表内总数 226
[create] 通道 2(0x10000002) 句柄 0x000000e3 类型 TYPE_LINEARGRADIENTBRUSH ⇒ 表内总数 227
[create] 通道 2(0x10000002) 句柄 0x0000000a 类型 TYPE_MATRIXTRANSFORM ⇒ 表内总数 227
[create] 通道 2(0x10000002) 句柄 0x0000000a 类型 TYPE_MATRIXTRANSFORM ⇒ 表内总数 227
[create] 通道 2(0x10000002) 句柄 0x000000e4 类型 TYPE_PATHGEOMETRY ⇒ 表内总数 228
[create] 通道 2(0x10000002) 句柄 0x0000000a 类型 TYPE_MATRIXTRANSFORM ⇒ 表内总数 228
[create] 通道 2(0x10000002) 句柄 0x00000015 类型 TYPE_SOLIDCOLORBRUSH ⇒ 表内总数 228
[create] 通道 2(0x10000002) 句柄 0x000000e5 类型 TYPE_PATHGEOMETRY ⇒ 表内总数 229
[create] 通道 2(0x10000002) 句柄 0x0000000a 类型 TYPE_MATRIXTRANSFORM ⇒ 表内总数 229
[create] 通道 2(0x10000002) 句柄 0x000000e6 类型 TYPE_VISUAL ⇒ 表内总数 230
[create] 通道 2(0x10000002) 句柄 0x000000e7 类型 TYPE_VISUAL ⇒ 表内总数 231
[create] 通道 2(0x10000002) 句柄 0x000000e8 类型 TYPE_RENDERDATA ⇒ 表内总数 232
[create] 通道 2(0x10000002) 句柄 0x000000e9 类型 TYPE_LINEARGRADIENTBRUSH ⇒ 表内总数 233
[create] 通道 2(0x10000002) 句柄 0x0000000a 类型 TYPE_MATRIXTRANSFORM ⇒ 表内总数 233
[create] 通道 2(0x10000002) 句柄 0x0000000a 类型 TYPE_MATRIXTRANSFORM ⇒ 表内总数 233
[create] 通道 2(0x10000002) 句柄 0x000000ea 类型 TYPE_GLYPHRUN ⇒ 表内总数 234
[create] 通道 2(0x10000002) 句柄 0x000000eb 类型 TYPE_RENDERDATA ⇒ 表内总数 235
[create] 通道 2(0x10000002) 句柄 0x000000ec 类型 TYPE_PEN ⇒ 表内总数 236
[create] 通道 2(0x10000002) 句柄 0x00000089 类型 TYPE_SOLIDCOLORBRUSH ⇒ 表内总数 236
[create] 通道 2(0x10000002) 句柄 0x0000000b 类型 TYPE_DASHSTYLE ⇒ 表内总数 236
[create] 通道 2(0x10000002) 句柄 0x00000015 类型 TYPE_SOLIDCOLORBRUSH ⇒ 表内总数 236
[create] 通道 2(0x10000002) 句柄 0x000000ed 类型 TYPE_VISUAL ⇒ 表内总数 237
[create] 通道 2(0x10000002) 句柄 0x000000ee 类型 TYPE_VISUAL ⇒ 表内总数 238
[create] 通道 2(0x10000002) 句柄 0x000000ef 类型 TYPE_VISUAL ⇒ 表内总数 239
[create] 通道 2(0x10000002) 句柄 0x000000f0 类型 TYPE_VISUAL ⇒ 表内总数 240
[create] 通道 2(0x10000002) 句柄 0x000000f1 类型 TYPE_VISUAL ⇒ 表内总数 241
[create] 通道 2(0x10000002) 句柄 0x000000f2 类型 TYPE_VISUAL ⇒ 表内总数 242
[create] 通道 2(0x10000002) 句柄 0x000000f3 类型 TYPE_VISUAL ⇒ 表内总数 243
[create] 通道 2(0x10000002) 句柄 0x000000f4 类型 TYPE_VISUAL ⇒ 表内总数 244
[create] 通道 2(0x10000002) 句柄 0x000000f5 类型 TYPE_VISUAL ⇒ 表内总数 245
[create] 通道 2(0x10000002) 句柄 0x000000f6 类型 TYPE_VISUAL ⇒ 表内总数 246
[create] 通道 2(0x10000002) 句柄 0x000000f7 类型 TYPE_VISUAL ⇒ 表内总数 247
[create] 通道 2(0x10000002) 句柄 0x000000f8 类型 TYPE_RENDERDATA ⇒ 表内总数 248
[create] 通道 2(0x10000002) 句柄 0x00000089 类型 TYPE_SOLIDCOLORBRUSH ⇒ 表内总数 248
[create] 通道 2(0x10000002) 句柄 0x000000f9 类型 TYPE_PATHGEOMETRY ⇒ 表内总数 249
[create] 通道 2(0x10000002) 句柄 0x0000000a 类型 TYPE_MATRIXTRANSFORM ⇒ 表内总数 249
[create] 通道 2(0x10000002) 句柄 0x00000010 类型 TYPE_SOLIDCOLORBRUSH ⇒ 表内总数 249
[create] 通道 2(0x10000002) 句柄 0x000000fa 类型 TYPE_PATHGEOMETRY ⇒ 表内总数 250
[create] 通道 2(0x10000002) 句柄 0x0000000a 类型 TYPE_MATRIXTRANSFORM ⇒ 表内总数 250
[create] 通道 2(0x10000002) 句柄 0x000000fb 类型 TYPE_VISUAL ⇒ 表内总数 251
[create] 通道 2(0x10000002) 句柄 0x000000fc 类型 TYPE_VISUAL ⇒ 表内总数 252
[create] 通道 2(0x10000002) 句柄 0x000000fd 类型 TYPE_VISUAL ⇒ 表内总数 253
[create] 通道 2(0x10000002) 句柄 0x000000fe 类型 TYPE_VISUAL ⇒ 表内总数 254
[create] 通道 2(0x10000002) 句柄 0x000000ff 类型 TYPE_RENDERDATA ⇒ 表内总数 255
[create] 通道 2(0x10000002) 句柄 0x00000100 类型 TYPE_PEN ⇒ 表内总数 256
[create] 通道 2(0x10000002) 句柄 0x00000015 类型 TYPE_SOLIDCOLORBRUSH ⇒ 表内总数 256
[create] 通道 2(0x10000002) 句柄 0x0000000b 类型 TYPE_DASHSTYLE ⇒ 表内总数 256
[create] 通道 2(0x10000002) 句柄 0x00000015 类型 TYPE_SOLIDCOLORBRUSH ⇒ 表内总数 256
[create] 通道 2(0x10000002) 句柄 0x00000101 类型 TYPE_VISUAL ⇒ 表内总数 257
[create] 通道 2(0x10000002) 句柄 0x00000102 类型 TYPE_VISUAL ⇒ 表内总数 258
[create] 通道 2(0x10000002) 句柄 0x00000103 类型 TYPE_VISUAL ⇒ 表内总数 259
[create] 通道 2(0x10000002) 句柄 0x00000104 类型 TYPE_RENDERDATA ⇒ 表内总数 260
[create] 通道 2(0x10000002) 句柄 0x00000089 类型 TYPE_SOLIDCOLORBRUSH ⇒ 表内总数 260
[create] 通道 2(0x10000002) 句柄 0x00000105 类型 TYPE_PATHGEOMETRY ⇒ 表内总数 261
[create] 通道 2(0x10000002) 句柄 0x00000106 类型 TYPE_MATRIXTRANSFORM ⇒ 表内总数 262
[create] 通道 2(0x10000002) 句柄 0x00000107 类型 TYPE_VISUAL ⇒ 表内总数 263
[create] 通道 2(0x10000002) 句柄 0x00000108 类型 TYPE_RENDERDATA ⇒ 表内总数 264
[create] 通道 2(0x10000002) 句柄 0x00000109 类型 TYPE_SOLIDCOLORBRUSH ⇒ 表内总数 265
[create] 通道 2(0x10000002) 句柄 0x0000000a 类型 TYPE_MATRIXTRANSFORM ⇒ 表内总数 265
[create] 通道 2(0x10000002) 句柄 0x0000000a 类型 TYPE_MATRIXTRANSFORM ⇒ 表内总数 265
[create] 通道 2(0x10000002) 句柄 0x0000010a 类型 TYPE_GLYPHRUN ⇒ 表内总数 266
[create] 通道 2(0x10000002) 句柄 0x0000010b 类型 TYPE_VISUAL ⇒ 表内总数 267
[create] 通道 2(0x10000002) 句柄 0x0000010c 类型 TYPE_VISUAL ⇒ 表内总数 268
[create] 通道 2(0x10000002) 句柄 0x0000010d 类型 TYPE_RENDERDATA ⇒ 表内总数 269
[create] 通道 2(0x10000002) 句柄 0x00000015 类型 TYPE_SOLIDCOLORBRUSH ⇒ 表内总数 269
[create] 通道 2(0x10000002) 句柄 0x0000010e 类型 TYPE_VISUAL ⇒ 表内总数 270
[create] 通道 2(0x10000002) 句柄 0x0000010f 类型 TYPE_RECTANGLEGEOMETRY ⇒ 表内总数 271
[create] 通道 2(0x10000002) 句柄 0x0000000a 类型 TYPE_MATRIXTRANSFORM ⇒ 表内总数 271
[create] 通道 2(0x10000002) 句柄 0x00000110 类型 TYPE_VISUAL ⇒ 表内总数 272
[create] 通道 2(0x10000002) 句柄 0x00000111 类型 TYPE_RENDERDATA ⇒ 表内总数 273
[create] 通道 2(0x10000002) 句柄 0x00000112 类型 TYPE_SOLIDCOLORBRUSH ⇒ 表内总数 274
[create] 通道 2(0x10000002) 句柄 0x0000000a 类型 TYPE_MATRIXTRANSFORM ⇒ 表内总数 274
[create] 通道 2(0x10000002) 句柄 0x0000000a 类型 TYPE_MATRIXTRANSFORM ⇒ 表内总数 274
[create] 通道 2(0x10000002) 句柄 0x00000113 类型 TYPE_VISUAL ⇒ 表内总数 275
[create] 通道 2(0x10000002) 句柄 0x00000114 类型 TYPE_RENDERDATA ⇒ 表内总数 276
[create] 通道 2(0x10000002) 句柄 0x00000115 类型 TYPE_VISUAL ⇒ 表内总数 277
[create] 通道 2(0x10000002) 句柄 0x00000116 类型 TYPE_VISUAL ⇒ 表内总数 278
[create] 通道 2(0x10000002) 句柄 0x00000117 类型 TYPE_VISUAL ⇒ 表内总数 279
[create] 通道 2(0x10000002) 句柄 0x00000118 类型 TYPE_VISUAL ⇒ 表内总数 280
[create] 通道 2(0x10000002) 句柄 0x00000119 类型 TYPE_VISUAL ⇒ 表内总数 281
[create] 通道 2(0x10000002) 句柄 0x0000011a 类型 TYPE_RENDERDATA ⇒ 表内总数 282
[create] 通道 2(0x10000002) 句柄 0x00000089 类型 TYPE_SOLIDCOLORBRUSH ⇒ 表内总数 282
[create] 通道 2(0x10000002) 句柄 0x0000011b 类型 TYPE_PATHGEOMETRY ⇒ 表内总数 283
[create] 通道 2(0x10000002) 句柄 0x0000000a 类型 TYPE_MATRIXTRANSFORM ⇒ 表内总数 283
[create] 通道 2(0x10000002) 句柄 0x00000010 类型 TYPE_SOLIDCOLORBRUSH ⇒ 表内总数 283
[create] 通道 2(0x10000002) 句柄 0x0000011c 类型 TYPE_PATHGEOMETRY ⇒ 表内总数 284
[create] 通道 2(0x10000002) 句柄 0x0000000a 类型 TYPE_MATRIXTRANSFORM ⇒ 表内总数 284
[create] 通道 2(0x10000002) 句柄 0x0000011d 类型 TYPE_VISUAL ⇒ 表内总数 285
[create] 通道 2(0x10000002) 句柄 0x0000011e 类型 TYPE_VISUAL ⇒ 表内总数 286
[create] 通道 2(0x10000002) 句柄 0x0000011f 类型 TYPE_VISUAL ⇒ 表内总数 287
[create] 通道 2(0x10000002) 句柄 0x00000120 类型 TYPE_RENDERDATA ⇒ 表内总数 288
[create] 通道 2(0x10000002) 句柄 0x00000121 类型 TYPE_DRAWINGBRUSH ⇒ 表内总数 289
[create] 通道 2(0x10000002) 句柄 0x0000000a 类型 TYPE_MATRIXTRANSFORM ⇒ 表内总数 289
[create] 通道 2(0x10000002) 句柄 0x0000000a 类型 TYPE_MATRIXTRANSFORM ⇒ 表内总数 289
[create] 通道 2(0x10000002) 句柄 0x00000122 类型 TYPE_DRAWINGGROUP ⇒ 表内总数 290
[create] 通道 2(0x10000002) 句柄 0x00000123 类型 TYPE_GEOMETRYDRAWING ⇒ 表内总数 291
[create] 通道 2(0x10000002) 句柄 0x00000124 类型 TYPE_SOLIDCOLORBRUSH ⇒ 表内总数 292
[create] 通道 2(0x10000002) 句柄 0x0000000a 类型 TYPE_MATRIXTRANSFORM ⇒ 表内总数 292
[create] 通道 2(0x10000002) 句柄 0x0000000a 类型 TYPE_MATRIXTRANSFORM ⇒ 表内总数 292
[create] 通道 2(0x10000002) 句柄 0x00000125 类型 TYPE_PATHGEOMETRY ⇒ 表内总数 293
[create] 通道 2(0x10000002) 句柄 0x0000000a 类型 TYPE_MATRIXTRANSFORM ⇒ 表内总数 293
[create] 通道 2(0x10000002) 句柄 0x00000126 类型 TYPE_GEOMETRYDRAWING ⇒ 表内总数 294
[create] 通道 2(0x10000002) 句柄 0x00000127 类型 TYPE_SOLIDCOLORBRUSH ⇒ 表内总数 295
[create] 通道 2(0x10000002) 句柄 0x0000000a 类型 TYPE_MATRIXTRANSFORM ⇒ 表内总数 295
[create] 通道 2(0x10000002) 句柄 0x0000000a 类型 TYPE_MATRIXTRANSFORM ⇒ 表内总数 295
[create] 通道 2(0x10000002) 句柄 0x00000128 类型 TYPE_PATHGEOMETRY ⇒ 表内总数 296
[create] 通道 2(0x10000002) 句柄 0x0000000a 类型 TYPE_MATRIXTRANSFORM ⇒ 表内总数 296
[create] 通道 2(0x10000002) 句柄 0x00000129 类型 TYPE_GEOMETRYDRAWING ⇒ 表内总数 297
[create] 通道 2(0x10000002) 句柄 0x0000012a 类型 TYPE_SOLIDCOLORBRUSH ⇒ 表内总数 298
[create] 通道 2(0x10000002) 句柄 0x0000000a 类型 TYPE_MATRIXTRANSFORM ⇒ 表内总数 298
[create] 通道 2(0x10000002) 句柄 0x0000000a 类型 TYPE_MATRIXTRANSFORM ⇒ 表内总数 298
[create] 通道 2(0x10000002) 句柄 0x0000012b 类型 TYPE_PATHGEOMETRY ⇒ 表内总数 299
[create] 通道 2(0x10000002) 句柄 0x0000000a 类型 TYPE_MATRIXTRANSFORM ⇒ 表内总数 299
[create] 通道 2(0x10000002) 句柄 0x0000012c 类型 TYPE_GEOMETRYDRAWING ⇒ 表内总数 300
[create] 通道 2(0x10000002) 句柄 0x0000012d 类型 TYPE_SOLIDCOLORBRUSH ⇒ 表内总数 301
[create] 通道 2(0x10000002) 句柄 0x0000000a 类型 TYPE_MATRIXTRANSFORM ⇒ 表内总数 301
[create] 通道 2(0x10000002) 句柄 0x0000000a 类型 TYPE_MATRIXTRANSFORM ⇒ 表内总数 301
[create] 通道 2(0x10000002) 句柄 0x0000012e 类型 TYPE_PATHGEOMETRY ⇒ 表内总数 302
[create] 通道 2(0x10000002) 句柄 0x0000000a 类型 TYPE_MATRIXTRANSFORM ⇒ 表内总数 302
[create] 通道 2(0x10000002) 句柄 0x0000012f 类型 TYPE_GEOMETRYDRAWING ⇒ 表内总数 303
[create] 通道 2(0x10000002) 句柄 0x00000130 类型 TYPE_SOLIDCOLORBRUSH ⇒ 表内总数 304
[create] 通道 2(0x10000002) 句柄 0x0000000a 类型 TYPE_MATRIXTRANSFORM ⇒ 表内总数 304
[create] 通道 2(0x10000002) 句柄 0x0000000a 类型 TYPE_MATRIXTRANSFORM ⇒ 表内总数 304
[create] 通道 2(0x10000002) 句柄 0x00000131 类型 TYPE_PATHGEOMETRY ⇒ 表内总数 305
[create] 通道 2(0x10000002) 句柄 0x0000000a 类型 TYPE_MATRIXTRANSFORM ⇒ 表内总数 305
[create] 通道 2(0x10000002) 句柄 0x00000132 类型 TYPE_VISUAL ⇒ 表内总数 306
[create] 通道 2(0x10000002) 句柄 0x00000133 类型 TYPE_VISUAL ⇒ 表内总数 307
[create] 通道 2(0x10000002) 句柄 0x00000134 类型 TYPE_VISUAL ⇒ 表内总数 308
[create] 通道 2(0x10000002) 句柄 0x00000135 类型 TYPE_RENDERDATA ⇒ 表内总数 309
[create] 通道 2(0x10000002) 句柄 0x00000015 类型 TYPE_SOLIDCOLORBRUSH ⇒ 表内总数 309
[create] 通道 2(0x10000002) 句柄 0x00000136 类型 TYPE_VISUAL ⇒ 表内总数 310
[create] 通道 2(0x10000002) 句柄 0x00000137 类型 TYPE_VISUAL ⇒ 表内总数 311
[create] 通道 2(0x10000002) 句柄 0x00000138 类型 TYPE_VISUAL ⇒ 表内总数 312
[create] 通道 2(0x10000002) 句柄 0x00000139 类型 TYPE_VISUAL ⇒ 表内总数 313
[create] 通道 2(0x10000002) 句柄 0x0000013a 类型 TYPE_VISUAL ⇒ 表内总数 314
[create] 通道 2(0x10000002) 句柄 0x0000013b 类型 TYPE_VISUAL ⇒ 表内总数 315
[create] 通道 2(0x10000002) 句柄 0x0000013c 类型 TYPE_VISUAL ⇒ 表内总数 316
[create] 通道 2(0x10000002) 句柄 0x0000013d 类型 TYPE_RECTANGLEGEOMETRY ⇒ 表内总数 317
[create] 通道 2(0x10000002) 句柄 0x0000000a 类型 TYPE_MATRIXTRANSFORM ⇒ 表内总数 317
[create] 通道 2(0x10000002) 句柄 0x0000013e 类型 TYPE_VISUAL ⇒ 表内总数 318
[create] 通道 2(0x10000002) 句柄 0x0000013f 类型 TYPE_VISUAL ⇒ 表内总数 319
[create] 通道 2(0x10000002) 句柄 0x00000140 类型 TYPE_VISUAL ⇒ 表内总数 320
[create] 通道 2(0x10000002) 句柄 0x00000141 类型 TYPE_VISUAL ⇒ 表内总数 321
[create] 通道 2(0x10000002) 句柄 0x00000142 类型 TYPE_RENDERDATA ⇒ 表内总数 322
[create] 通道 2(0x10000002) 句柄 0x00000015 类型 TYPE_SOLIDCOLORBRUSH ⇒ 表内总数 322
[create] 通道 2(0x10000002) 句柄 0x00000143 类型 TYPE_VISUAL ⇒ 表内总数 323
[create] 通道 2(0x10000002) 句柄 0x00000144 类型 TYPE_VISUAL ⇒ 表内总数 324
[create] 通道 2(0x10000002) 句柄 0x00000145 类型 TYPE_VISUAL ⇒ 表内总数 325
[create] 通道 2(0x10000002) 句柄 0x00000146 类型 TYPE_RENDERDATA ⇒ 表内总数 326
[create] 通道 2(0x10000002) 句柄 0x00000147 类型 TYPE_DRAWINGBRUSH ⇒ 表内总数 327
[create] 通道 2(0x10000002) 句柄 0x0000000a 类型 TYPE_MATRIXTRANSFORM ⇒ 表内总数 327
[create] 通道 2(0x10000002) 句柄 0x0000000a 类型 TYPE_MATRIXTRANSFORM ⇒ 表内总数 327
[create] 通道 2(0x10000002) 句柄 0x00000148 类型 TYPE_DRAWINGGROUP ⇒ 表内总数 328
[create] 通道 2(0x10000002) 句柄 0x00000149 类型 TYPE_GEOMETRYDRAWING ⇒ 表内总数 329
[create] 通道 2(0x10000002) 句柄 0x0000014a 类型 TYPE_SOLIDCOLORBRUSH ⇒ 表内总数 330
[create] 通道 2(0x10000002) 句柄 0x0000000a 类型 TYPE_MATRIXTRANSFORM ⇒ 表内总数 330
[create] 通道 2(0x10000002) 句柄 0x0000000a 类型 TYPE_MATRIXTRANSFORM ⇒ 表内总数 330
[create] 通道 2(0x10000002) 句柄 0x0000014b 类型 TYPE_PATHGEOMETRY ⇒ 表内总数 331
[create] 通道 2(0x10000002) 句柄 0x0000000a 类型 TYPE_MATRIXTRANSFORM ⇒ 表内总数 331
[create] 通道 2(0x10000002) 句柄 0x0000014c 类型 TYPE_GEOMETRYDRAWING ⇒ 表内总数 332
[create] 通道 2(0x10000002) 句柄 0x0000014d 类型 TYPE_SOLIDCOLORBRUSH ⇒ 表内总数 333
[create] 通道 2(0x10000002) 句柄 0x0000000a 类型 TYPE_MATRIXTRANSFORM ⇒ 表内总数 333
[create] 通道 2(0x10000002) 句柄 0x0000000a 类型 TYPE_MATRIXTRANSFORM ⇒ 表内总数 333
[create] 通道 2(0x10000002) 句柄 0x0000014e 类型 TYPE_PATHGEOMETRY ⇒ 表内总数 334
[create] 通道 2(0x10000002) 句柄 0x0000000a 类型 TYPE_MATRIXTRANSFORM ⇒ 表内总数 334
[create] 通道 2(0x10000002) 句柄 0x0000014f 类型 TYPE_GEOMETRYDRAWING ⇒ 表内总数 335
[create] 通道 2(0x10000002) 句柄 0x00000150 类型 TYPE_SOLIDCOLORBRUSH ⇒ 表内总数 336
[create] 通道 2(0x10000002) 句柄 0x0000000a 类型 TYPE_MATRIXTRANSFORM ⇒ 表内总数 336
[create] 通道 2(0x10000002) 句柄 0x0000000a 类型 TYPE_MATRIXTRANSFORM ⇒ 表内总数 336
[create] 通道 2(0x10000002) 句柄 0x00000151 类型 TYPE_PATHGEOMETRY ⇒ 表内总数 337
[create] 通道 2(0x10000002) 句柄 0x0000000a 类型 TYPE_MATRIXTRANSFORM ⇒ 表内总数 337
[create] 通道 2(0x10000002) 句柄 0x00000152 类型 TYPE_VISUAL ⇒ 表内总数 338
[create] 通道 2(0x10000002) 句柄 0x00000153 类型 TYPE_RENDERDATA ⇒ 表内总数 339
[create] 通道 2(0x10000002) 句柄 0x0000001c 类型 TYPE_SOLIDCOLORBRUSH ⇒ 表内总数 339
[create] 通道 2(0x10000002) 句柄 0x00000154 类型 TYPE_GLYPHRUN ⇒ 表内总数 340
[create] 通道 2(0x10000002) 句柄 0x0000001c 类型 TYPE_SOLIDCOLORBRUSH ⇒ 表内总数 340
[create] 通道 2(0x10000002) 句柄 0x00000155 类型 TYPE_GLYPHRUN ⇒ 表内总数 341
[create] 通道 2(0x10000002) 句柄 0x0000001c 类型 TYPE_SOLIDCOLORBRUSH ⇒ 表内总数 341
[create] 通道 2(0x10000002) 句柄 0x00000156 类型 TYPE_GLYPHRUN ⇒ 表内总数 342
[create] 通道 2(0x10000002) 句柄 0x00000157 类型 TYPE_VISUAL ⇒ 表内总数 343
[create] 通道 2(0x10000002) 句柄 0x00000158 类型 TYPE_VISUAL ⇒ 表内总数 344
[create] 通道 2(0x10000002) 句柄 0x00000159 类型 TYPE_VISUAL ⇒ 表内总数 345
[create] 通道 2(0x10000002) 句柄 0x0000015a 类型 TYPE_RENDERDATA ⇒ 表内总数 346
[create] 通道 2(0x10000002) 句柄 0x00000015 类型 TYPE_SOLIDCOLORBRUSH ⇒ 表内总数 346
[create] 通道 2(0x10000002) 句柄 0x0000015b 类型 TYPE_VISUAL ⇒ 表内总数 347
[create] 通道 2(0x10000002) 句柄 0x0000015c 类型 TYPE_VISUAL ⇒ 表内总数 348
[create] 通道 2(0x10000002) 句柄 0x0000015d 类型 TYPE_VISUAL ⇒ 表内总数 349
[create] 通道 2(0x10000002) 句柄 0x0000015e 类型 TYPE_RENDERDATA ⇒ 表内总数 350
[create] 通道 2(0x10000002) 句柄 0x0000015f 类型 TYPE_DRAWINGBRUSH ⇒ 表内总数 351
[create] 通道 2(0x10000002) 句柄 0x0000000a 类型 TYPE_MATRIXTRANSFORM ⇒ 表内总数 351
[create] 通道 2(0x10000002) 句柄 0x0000000a 类型 TYPE_MATRIXTRANSFORM ⇒ 表内总数 351
[create] 通道 2(0x10000002) 句柄 0x00000160 类型 TYPE_DRAWINGGROUP ⇒ 表内总数 352
[create] 通道 2(0x10000002) 句柄 0x00000161 类型 TYPE_GEOMETRYDRAWING ⇒ 表内总数 353
[create] 通道 2(0x10000002) 句柄 0x00000162 类型 TYPE_SOLIDCOLORBRUSH ⇒ 表内总数 354
[create] 通道 2(0x10000002) 句柄 0x0000000a 类型 TYPE_MATRIXTRANSFORM ⇒ 表内总数 354
[create] 通道 2(0x10000002) 句柄 0x0000000a 类型 TYPE_MATRIXTRANSFORM ⇒ 表内总数 354
[create] 通道 2(0x10000002) 句柄 0x00000163 类型 TYPE_PATHGEOMETRY ⇒ 表内总数 355
[create] 通道 2(0x10000002) 句柄 0x0000000a 类型 TYPE_MATRIXTRANSFORM ⇒ 表内总数 355
[create] 通道 2(0x10000002) 句柄 0x00000164 类型 TYPE_GEOMETRYDRAWING ⇒ 表内总数 356
[create] 通道 2(0x10000002) 句柄 0x00000165 类型 TYPE_SOLIDCOLORBRUSH ⇒ 表内总数 357
[create] 通道 2(0x10000002) 句柄 0x0000000a 类型 TYPE_MATRIXTRANSFORM ⇒ 表内总数 357
[create] 通道 2(0x10000002) 句柄 0x0000000a 类型 TYPE_MATRIXTRANSFORM ⇒ 表内总数 357
[create] 通道 2(0x10000002) 句柄 0x00000166 类型 TYPE_PATHGEOMETRY ⇒ 表内总数 358
[create] 通道 2(0x10000002) 句柄 0x0000000a 类型 TYPE_MATRIXTRANSFORM ⇒ 表内总数 358
[create] 通道 2(0x10000002) 句柄 0x00000167 类型 TYPE_GEOMETRYDRAWING ⇒ 表内总数 359
[create] 通道 2(0x10000002) 句柄 0x00000168 类型 TYPE_SOLIDCOLORBRUSH ⇒ 表内总数 360
[create] 通道 2(0x10000002) 句柄 0x0000000a 类型 TYPE_MATRIXTRANSFORM ⇒ 表内总数 360
[create] 通道 2(0x10000002) 句柄 0x0000000a 类型 TYPE_MATRIXTRANSFORM ⇒ 表内总数 360
[create] 通道 2(0x10000002) 句柄 0x00000169 类型 TYPE_PATHGEOMETRY ⇒ 表内总数 361
[create] 通道 2(0x10000002) 句柄 0x0000000a 类型 TYPE_MATRIXTRANSFORM ⇒ 表内总数 361
[create] 通道 2(0x10000002) 句柄 0x0000016a 类型 TYPE_GEOMETRYDRAWING ⇒ 表内总数 362
[create] 通道 2(0x10000002) 句柄 0x0000016b 类型 TYPE_SOLIDCOLORBRUSH ⇒ 表内总数 363
[create] 通道 2(0x10000002) 句柄 0x0000000a 类型 TYPE_MATRIXTRANSFORM ⇒ 表内总数 363
[create] 通道 2(0x10000002) 句柄 0x0000000a 类型 TYPE_MATRIXTRANSFORM ⇒ 表内总数 363
[create] 通道 2(0x10000002) 句柄 0x0000016c 类型 TYPE_PATHGEOMETRY ⇒ 表内总数 364
[create] 通道 2(0x10000002) 句柄 0x0000000a 类型 TYPE_MATRIXTRANSFORM ⇒ 表内总数 364
[create] 通道 2(0x10000002) 句柄 0x0000016d 类型 TYPE_VISUAL ⇒ 表内总数 365
[create] 通道 2(0x10000002) 句柄 0x0000016e 类型 TYPE_RENDERDATA ⇒ 表内总数 366
[create] 通道 2(0x10000002) 句柄 0x0000001c 类型 TYPE_SOLIDCOLORBRUSH ⇒ 表内总数 366
[create] 通道 2(0x10000002) 句柄 0x0000016f 类型 TYPE_GLYPHRUN ⇒ 表内总数 367
[create] 通道 2(0x10000002) 句柄 0x0000001c 类型 TYPE_SOLIDCOLORBRUSH ⇒ 表内总数 367
[create] 通道 2(0x10000002) 句柄 0x00000170 类型 TYPE_GLYPHRUN ⇒ 表内总数 368
[create] 通道 2(0x10000002) 句柄 0x0000001c 类型 TYPE_SOLIDCOLORBRUSH ⇒ 表内总数 368
[create] 通道 2(0x10000002) 句柄 0x00000171 类型 TYPE_GLYPHRUN ⇒ 表内总数 369
[create] 通道 2(0x10000002) 句柄 0x00000172 类型 TYPE_VISUAL ⇒ 表内总数 370
[create] 通道 2(0x10000002) 句柄 0x00000173 类型 TYPE_VISUAL ⇒ 表内总数 371
[create] 通道 2(0x10000002) 句柄 0x00000174 类型 TYPE_VISUAL ⇒ 表内总数 372
[create] 通道 2(0x10000002) 句柄 0x00000175 类型 TYPE_RENDERDATA ⇒ 表内总数 373
[create] 通道 2(0x10000002) 句柄 0x00000015 类型 TYPE_SOLIDCOLORBRUSH ⇒ 表内总数 373
[create] 通道 2(0x10000002) 句柄 0x00000176 类型 TYPE_VISUAL ⇒ 表内总数 374
[create] 通道 2(0x10000002) 句柄 0x00000177 类型 TYPE_VISUAL ⇒ 表内总数 375
[create] 通道 2(0x10000002) 句柄 0x00000178 类型 TYPE_VISUAL ⇒ 表内总数 376
[create] 通道 2(0x10000002) 句柄 0x00000179 类型 TYPE_RENDERDATA ⇒ 表内总数 377
[create] 通道 2(0x10000002) 句柄 0x0000017a 类型 TYPE_DRAWINGBRUSH ⇒ 表内总数 378
[create] 通道 2(0x10000002) 句柄 0x0000000a 类型 TYPE_MATRIXTRANSFORM ⇒ 表内总数 378
[create] 通道 2(0x10000002) 句柄 0x0000000a 类型 TYPE_MATRIXTRANSFORM ⇒ 表内总数 378
[create] 通道 2(0x10000002) 句柄 0x0000017b 类型 TYPE_DRAWINGGROUP ⇒ 表内总数 379
[create] 通道 2(0x10000002) 句柄 0x0000017c 类型 TYPE_GEOMETRYDRAWING ⇒ 表内总数 380
[create] 通道 2(0x10000002) 句柄 0x0000017d 类型 TYPE_SOLIDCOLORBRUSH ⇒ 表内总数 381
[create] 通道 2(0x10000002) 句柄 0x0000000a 类型 TYPE_MATRIXTRANSFORM ⇒ 表内总数 381
[create] 通道 2(0x10000002) 句柄 0x0000000a 类型 TYPE_MATRIXTRANSFORM ⇒ 表内总数 381
[create] 通道 2(0x10000002) 句柄 0x0000017e 类型 TYPE_PATHGEOMETRY ⇒ 表内总数 382
[create] 通道 2(0x10000002) 句柄 0x0000000a 类型 TYPE_MATRIXTRANSFORM ⇒ 表内总数 382
[create] 通道 2(0x10000002) 句柄 0x0000017f 类型 TYPE_GEOMETRYDRAWING ⇒ 表内总数 383
[create] 通道 2(0x10000002) 句柄 0x00000180 类型 TYPE_SOLIDCOLORBRUSH ⇒ 表内总数 384
[create] 通道 2(0x10000002) 句柄 0x0000000a 类型 TYPE_MATRIXTRANSFORM ⇒ 表内总数 384
[create] 通道 2(0x10000002) 句柄 0x0000000a 类型 TYPE_MATRIXTRANSFORM ⇒ 表内总数 384
[create] 通道 2(0x10000002) 句柄 0x00000181 类型 TYPE_PATHGEOMETRY ⇒ 表内总数 385
[create] 通道 2(0x10000002) 句柄 0x0000000a 类型 TYPE_MATRIXTRANSFORM ⇒ 表内总数 385
[create] 通道 2(0x10000002) 句柄 0x00000182 类型 TYPE_VISUAL ⇒ 表内总数 386
[create] 通道 2(0x10000002) 句柄 0x00000183 类型 TYPE_RENDERDATA ⇒ 表内总数 387
[create] 通道 2(0x10000002) 句柄 0x0000001c 类型 TYPE_SOLIDCOLORBRUSH ⇒ 表内总数 387
[create] 通道 2(0x10000002) 句柄 0x00000184 类型 TYPE_GLYPHRUN ⇒ 表内总数 388
[create] 通道 2(0x10000002) 句柄 0x0000001c 类型 TYPE_SOLIDCOLORBRUSH ⇒ 表内总数 388
[create] 通道 2(0x10000002) 句柄 0x00000185 类型 TYPE_GLYPHRUN ⇒ 表内总数 389
[create] 通道 2(0x10000002) 句柄 0x0000001c 类型 TYPE_SOLIDCOLORBRUSH ⇒ 表内总数 389
[create] 通道 2(0x10000002) 句柄 0x00000186 类型 TYPE_GLYPHRUN ⇒ 表内总数 390
[create] 通道 2(0x10000002) 句柄 0x00000187 类型 TYPE_VISUAL ⇒ 表内总数 391
[create] 通道 2(0x10000002) 句柄 0x00000188 类型 TYPE_VISUAL ⇒ 表内总数 392
[create] 通道 2(0x10000002) 句柄 0x00000189 类型 TYPE_VISUAL ⇒ 表内总数 393
[create] 通道 2(0x10000002) 句柄 0x0000018a 类型 TYPE_RENDERDATA ⇒ 表内总数 394
[create] 通道 2(0x10000002) 句柄 0x00000015 类型 TYPE_SOLIDCOLORBRUSH ⇒ 表内总数 394
[create] 通道 2(0x10000002) 句柄 0x0000018b 类型 TYPE_VISUAL ⇒ 表内总数 395
[create] 通道 2(0x10000002) 句柄 0x0000018c 类型 TYPE_VISUAL ⇒ 表内总数 396
[create] 通道 2(0x10000002) 句柄 0x0000018d 类型 TYPE_VISUAL ⇒ 表内总数 397
[create] 通道 2(0x10000002) 句柄 0x0000018e 类型 TYPE_RENDERDATA ⇒ 表内总数 398
[create] 通道 2(0x10000002) 句柄 0x0000018f 类型 TYPE_DRAWINGBRUSH ⇒ 表内总数 399
[create] 通道 2(0x10000002) 句柄 0x0000000a 类型 TYPE_MATRIXTRANSFORM ⇒ 表内总数 399
[create] 通道 2(0x10000002) 句柄 0x0000000a 类型 TYPE_MATRIXTRANSFORM ⇒ 表内总数 399
[create] 通道 2(0x10000002) 句柄 0x00000190 类型 TYPE_DRAWINGGROUP ⇒ 表内总数 400
[create] 通道 2(0x10000002) 句柄 0x00000191 类型 TYPE_GEOMETRYDRAWING ⇒ 表内总数 401
[create] 通道 2(0x10000002) 句柄 0x00000192 类型 TYPE_SOLIDCOLORBRUSH ⇒ 表内总数 402
[create] 通道 2(0x10000002) 句柄 0x0000000a 类型 TYPE_MATRIXTRANSFORM ⇒ 表内总数 402
[create] 通道 2(0x10000002) 句柄 0x0000000a 类型 TYPE_MATRIXTRANSFORM ⇒ 表内总数 402
[create] 通道 2(0x10000002) 句柄 0x00000193 类型 TYPE_PATHGEOMETRY ⇒ 表内总数 403
[create] 通道 2(0x10000002) 句柄 0x0000000a 类型 TYPE_MATRIXTRANSFORM ⇒ 表内总数 403
[create] 通道 2(0x10000002) 句柄 0x00000194 类型 TYPE_GEOMETRYDRAWING ⇒ 表内总数 404
[create] 通道 2(0x10000002) 句柄 0x00000195 类型 TYPE_SOLIDCOLORBRUSH ⇒ 表内总数 405
[create] 通道 2(0x10000002) 句柄 0x0000000a 类型 TYPE_MATRIXTRANSFORM ⇒ 表内总数 405
[create] 通道 2(0x10000002) 句柄 0x0000000a 类型 TYPE_MATRIXTRANSFORM ⇒ 表内总数 405
[create] 通道 2(0x10000002) 句柄 0x00000196 类型 TYPE_PATHGEOMETRY ⇒ 表内总数 406
[create] 通道 2(0x10000002) 句柄 0x0000000a 类型 TYPE_MATRIXTRANSFORM ⇒ 表内总数 406
[create] 通道 2(0x10000002) 句柄 0x00000197 类型 TYPE_GEOMETRYDRAWING ⇒ 表内总数 407
[create] 通道 2(0x10000002) 句柄 0x00000198 类型 TYPE_SOLIDCOLORBRUSH ⇒ 表内总数 408
[create] 通道 2(0x10000002) 句柄 0x0000000a 类型 TYPE_MATRIXTRANSFORM ⇒ 表内总数 408
[create] 通道 2(0x10000002) 句柄 0x0000000a 类型 TYPE_MATRIXTRANSFORM ⇒ 表内总数 408
[create] 通道 2(0x10000002) 句柄 0x00000199 类型 TYPE_PATHGEOMETRY ⇒ 表内总数 409
[create] 通道 2(0x10000002) 句柄 0x0000000a 类型 TYPE_MATRIXTRANSFORM ⇒ 表内总数 409
[create] 通道 2(0x10000002) 句柄 0x0000019a 类型 TYPE_GEOMETRYDRAWING ⇒ 表内总数 410
[create] 通道 2(0x10000002) 句柄 0x0000019b 类型 TYPE_SOLIDCOLORBRUSH ⇒ 表内总数 411
[create] 通道 2(0x10000002) 句柄 0x0000000a 类型 TYPE_MATRIXTRANSFORM ⇒ 表内总数 411
[create] 通道 2(0x10000002) 句柄 0x0000000a 类型 TYPE_MATRIXTRANSFORM ⇒ 表内总数 411
[create] 通道 2(0x10000002) 句柄 0x0000019c 类型 TYPE_PATHGEOMETRY ⇒ 表内总数 412
[create] 通道 2(0x10000002) 句柄 0x0000000a 类型 TYPE_MATRIXTRANSFORM ⇒ 表内总数 412
[create] 通道 2(0x10000002) 句柄 0x0000019d 类型 TYPE_VISUAL ⇒ 表内总数 413
[create] 通道 2(0x10000002) 句柄 0x0000019e 类型 TYPE_RENDERDATA ⇒ 表内总数 414
[create] 通道 2(0x10000002) 句柄 0x0000001c 类型 TYPE_SOLIDCOLORBRUSH ⇒ 表内总数 414
[create] 通道 2(0x10000002) 句柄 0x0000019f 类型 TYPE_GLYPHRUN ⇒ 表内总数 415
[create] 通道 2(0x10000002) 句柄 0x0000001c 类型 TYPE_SOLIDCOLORBRUSH ⇒ 表内总数 415
[create] 通道 2(0x10000002) 句柄 0x000001a0 类型 TYPE_GLYPHRUN ⇒ 表内总数 416
[create] 通道 2(0x10000002) 句柄 0x0000001c 类型 TYPE_SOLIDCOLORBRUSH ⇒ 表内总数 416
[create] 通道 2(0x10000002) 句柄 0x000001a1 类型 TYPE_GLYPHRUN ⇒ 表内总数 417
[create] 通道 2(0x10000002) 句柄 0x000001a2 类型 TYPE_VISUAL ⇒ 表内总数 418
[create] 通道 2(0x10000002) 句柄 0x000001a3 类型 TYPE_VISUAL ⇒ 表内总数 419
[create] 通道 2(0x10000002) 句柄 0x000001a4 类型 TYPE_VISUAL ⇒ 表内总数 420
[create] 通道 2(0x10000002) 句柄 0x000001a5 类型 TYPE_RENDERDATA ⇒ 表内总数 421
[create] 通道 2(0x10000002) 句柄 0x00000015 类型 TYPE_SOLIDCOLORBRUSH ⇒ 表内总数 421
[create] 通道 2(0x10000002) 句柄 0x000001a6 类型 TYPE_VISUAL ⇒ 表内总数 422
[create] 通道 2(0x10000002) 句柄 0x000001a7 类型 TYPE_VISUAL ⇒ 表内总数 423
[create] 通道 2(0x10000002) 句柄 0x000001a8 类型 TYPE_VISUAL ⇒ 表内总数 424
[create] 通道 2(0x10000002) 句柄 0x000001a9 类型 TYPE_RENDERDATA ⇒ 表内总数 425
[create] 通道 2(0x10000002) 句柄 0x000001aa 类型 TYPE_DRAWINGBRUSH ⇒ 表内总数 426
[create] 通道 2(0x10000002) 句柄 0x0000000a 类型 TYPE_MATRIXTRANSFORM ⇒ 表内总数 426
[create] 通道 2(0x10000002) 句柄 0x0000000a 类型 TYPE_MATRIXTRANSFORM ⇒ 表内总数 426
[create] 通道 2(0x10000002) 句柄 0x000001ab 类型 TYPE_DRAWINGGROUP ⇒ 表内总数 427
[create] 通道 2(0x10000002) 句柄 0x000001ac 类型 TYPE_GEOMETRYDRAWING ⇒ 表内总数 428
[create] 通道 2(0x10000002) 句柄 0x000001ad 类型 TYPE_SOLIDCOLORBRUSH ⇒ 表内总数 429
[create] 通道 2(0x10000002) 句柄 0x0000000a 类型 TYPE_MATRIXTRANSFORM ⇒ 表内总数 429
[create] 通道 2(0x10000002) 句柄 0x0000000a 类型 TYPE_MATRIXTRANSFORM ⇒ 表内总数 429
[create] 通道 2(0x10000002) 句柄 0x000001ae 类型 TYPE_PATHGEOMETRY ⇒ 表内总数 430
[create] 通道 2(0x10000002) 句柄 0x0000000a 类型 TYPE_MATRIXTRANSFORM ⇒ 表内总数 430
[create] 通道 2(0x10000002) 句柄 0x000001af 类型 TYPE_GEOMETRYDRAWING ⇒ 表内总数 431
[create] 通道 2(0x10000002) 句柄 0x000001b0 类型 TYPE_SOLIDCOLORBRUSH ⇒ 表内总数 432
[create] 通道 2(0x10000002) 句柄 0x0000000a 类型 TYPE_MATRIXTRANSFORM ⇒ 表内总数 432
[create] 通道 2(0x10000002) 句柄 0x0000000a 类型 TYPE_MATRIXTRANSFORM ⇒ 表内总数 432
[create] 通道 2(0x10000002) 句柄 0x000001b1 类型 TYPE_PATHGEOMETRY ⇒ 表内总数 433
[create] 通道 2(0x10000002) 句柄 0x0000000a 类型 TYPE_MATRIXTRANSFORM ⇒ 表内总数 433
[create] 通道 2(0x10000002) 句柄 0x000001b2 类型 TYPE_GEOMETRYDRAWING ⇒ 表内总数 434
[create] 通道 2(0x10000002) 句柄 0x000001b3 类型 TYPE_SOLIDCOLORBRUSH ⇒ 表内总数 435
[create] 通道 2(0x10000002) 句柄 0x0000000a 类型 TYPE_MATRIXTRANSFORM ⇒ 表内总数 435
[create] 通道 2(0x10000002) 句柄 0x0000000a 类型 TYPE_MATRIXTRANSFORM ⇒ 表内总数 435
[create] 通道 2(0x10000002) 句柄 0x000001b4 类型 TYPE_PATHGEOMETRY ⇒ 表内总数 436
[create] 通道 2(0x10000002) 句柄 0x0000000a 类型 TYPE_MATRIXTRANSFORM ⇒ 表内总数 436
[create] 通道 2(0x10000002) 句柄 0x000001b5 类型 TYPE_GEOMETRYDRAWING ⇒ 表内总数 437
[create] 通道 2(0x10000002) 句柄 0x000001b6 类型 TYPE_SOLIDCOLORBRUSH ⇒ 表内总数 438
[create] 通道 2(0x10000002) 句柄 0x0000000a 类型 TYPE_MATRIXTRANSFORM ⇒ 表内总数 438
[create] 通道 2(0x10000002) 句柄 0x0000000a 类型 TYPE_MATRIXTRANSFORM ⇒ 表内总数 438
[create] 通道 2(0x10000002) 句柄 0x000001b7 类型 TYPE_PATHGEOMETRY ⇒ 表内总数 439
[create] 通道 2(0x10000002) 句柄 0x0000000a 类型 TYPE_MATRIXTRANSFORM ⇒ 表内总数 439
[create] 通道 2(0x10000002) 句柄 0x000001b8 类型 TYPE_VISUAL ⇒ 表内总数 440
[create] 通道 2(0x10000002) 句柄 0x000001b9 类型 TYPE_RENDERDATA ⇒ 表内总数 441
[create] 通道 2(0x10000002) 句柄 0x0000001c 类型 TYPE_SOLIDCOLORBRUSH ⇒ 表内总数 441
[create] 通道 2(0x10000002) 句柄 0x000001ba 类型 TYPE_GLYPHRUN ⇒ 表内总数 442
[create] 通道 2(0x10000002) 句柄 0x0000001c 类型 TYPE_SOLIDCOLORBRUSH ⇒ 表内总数 442
[create] 通道 2(0x10000002) 句柄 0x000001bb 类型 TYPE_GLYPHRUN ⇒ 表内总数 443
[create] 通道 2(0x10000002) 句柄 0x0000001c 类型 TYPE_SOLIDCOLORBRUSH ⇒ 表内总数 443
[create] 通道 2(0x10000002) 句柄 0x000001bc 类型 TYPE_GLYPHRUN ⇒ 表内总数 444
[create] 通道 2(0x10000002) 句柄 0x000001bd 类型 TYPE_VISUAL ⇒ 表内总数 445
[create] 通道 2(0x10000002) 句柄 0x000001be 类型 TYPE_VISUAL ⇒ 表内总数 446
[create] 通道 2(0x10000002) 句柄 0x000001bf 类型 TYPE_VISUAL ⇒ 表内总数 447
[create] 通道 2(0x10000002) 句柄 0x000001c0 类型 TYPE_RENDERDATA ⇒ 表内总数 448
[create] 通道 2(0x10000002) 句柄 0x00000015 类型 TYPE_SOLIDCOLORBRUSH ⇒ 表内总数 448
[create] 通道 2(0x10000002) 句柄 0x000001c1 类型 TYPE_VISUAL ⇒ 表内总数 449
[create] 通道 2(0x10000002) 句柄 0x000001c2 类型 TYPE_VISUAL ⇒ 表内总数 450
[create] 通道 2(0x10000002) 句柄 0x000001c3 类型 TYPE_VISUAL ⇒ 表内总数 451
[create] 通道 2(0x10000002) 句柄 0x000001c4 类型 TYPE_RENDERDATA ⇒ 表内总数 452
[create] 通道 2(0x10000002) 句柄 0x000001c5 类型 TYPE_DRAWINGBRUSH ⇒ 表内总数 453
[create] 通道 2(0x10000002) 句柄 0x0000000a 类型 TYPE_MATRIXTRANSFORM ⇒ 表内总数 453
[create] 通道 2(0x10000002) 句柄 0x0000000a 类型 TYPE_MATRIXTRANSFORM ⇒ 表内总数 453
[create] 通道 2(0x10000002) 句柄 0x000001c6 类型 TYPE_DRAWINGGROUP ⇒ 表内总数 454
[create] 通道 2(0x10000002) 句柄 0x000001c7 类型 TYPE_GEOMETRYDRAWING ⇒ 表内总数 455
[create] 通道 2(0x10000002) 句柄 0x000001c8 类型 TYPE_SOLIDCOLORBRUSH ⇒ 表内总数 456
[create] 通道 2(0x10000002) 句柄 0x0000000a 类型 TYPE_MATRIXTRANSFORM ⇒ 表内总数 456
[create] 通道 2(0x10000002) 句柄 0x0000000a 类型 TYPE_MATRIXTRANSFORM ⇒ 表内总数 456
[create] 通道 2(0x10000002) 句柄 0x000001c9 类型 TYPE_PATHGEOMETRY ⇒ 表内总数 457
[create] 通道 2(0x10000002) 句柄 0x0000000a 类型 TYPE_MATRIXTRANSFORM ⇒ 表内总数 457
[create] 通道 2(0x10000002) 句柄 0x000001ca 类型 TYPE_GEOMETRYDRAWING ⇒ 表内总数 458
[create] 通道 2(0x10000002) 句柄 0x000001cb 类型 TYPE_SOLIDCOLORBRUSH ⇒ 表内总数 459
[create] 通道 2(0x10000002) 句柄 0x0000000a 类型 TYPE_MATRIXTRANSFORM ⇒ 表内总数 459
[create] 通道 2(0x10000002) 句柄 0x0000000a 类型 TYPE_MATRIXTRANSFORM ⇒ 表内总数 459
[create] 通道 2(0x10000002) 句柄 0x000001cc 类型 TYPE_PATHGEOMETRY ⇒ 表内总数 460
[create] 通道 2(0x10000002) 句柄 0x0000000a 类型 TYPE_MATRIXTRANSFORM ⇒ 表内总数 460
[create] 通道 2(0x10000002) 句柄 0x000001cd 类型 TYPE_GEOMETRYDRAWING ⇒ 表内总数 461
[create] 通道 2(0x10000002) 句柄 0x000001ce 类型 TYPE_SOLIDCOLORBRUSH ⇒ 表内总数 462
[create] 通道 2(0x10000002) 句柄 0x0000000a 类型 TYPE_MATRIXTRANSFORM ⇒ 表内总数 462
[create] 通道 2(0x10000002) 句柄 0x0000000a 类型 TYPE_MATRIXTRANSFORM ⇒ 表内总数 462
[create] 通道 2(0x10000002) 句柄 0x000001cf 类型 TYPE_PATHGEOMETRY ⇒ 表内总数 463
[create] 通道 2(0x10000002) 句柄 0x0000000a 类型 TYPE_MATRIXTRANSFORM ⇒ 表内总数 463
[create] 通道 2(0x10000002) 句柄 0x000001d0 类型 TYPE_GEOMETRYDRAWING ⇒ 表内总数 464
[create] 通道 2(0x10000002) 句柄 0x000001d1 类型 TYPE_SOLIDCOLORBRUSH ⇒ 表内总数 465
[create] 通道 2(0x10000002) 句柄 0x0000000a 类型 TYPE_MATRIXTRANSFORM ⇒ 表内总数 465
[create] 通道 2(0x10000002) 句柄 0x0000000a 类型 TYPE_MATRIXTRANSFORM ⇒ 表内总数 465
[create] 通道 2(0x10000002) 句柄 0x000001d2 类型 TYPE_PATHGEOMETRY ⇒ 表内总数 466
[create] 通道 2(0x10000002) 句柄 0x0000000a 类型 TYPE_MATRIXTRANSFORM ⇒ 表内总数 466
[create] 通道 2(0x10000002) 句柄 0x000001d3 类型 TYPE_GEOMETRYDRAWING ⇒ 表内总数 467
[create] 通道 2(0x10000002) 句柄 0x000001d4 类型 TYPE_SOLIDCOLORBRUSH ⇒ 表内总数 468
[create] 通道 2(0x10000002) 句柄 0x0000000a 类型 TYPE_MATRIXTRANSFORM ⇒ 表内总数 468
[create] 通道 2(0x10000002) 句柄 0x0000000a 类型 TYPE_MATRIXTRANSFORM ⇒ 表内总数 468
[create] 通道 2(0x10000002) 句柄 0x000001d5 类型 TYPE_PATHGEOMETRY ⇒ 表内总数 469
[create] 通道 2(0x10000002) 句柄 0x0000000a 类型 TYPE_MATRIXTRANSFORM ⇒ 表内总数 469
[create] 通道 2(0x10000002) 句柄 0x000001d6 类型 TYPE_GEOMETRYDRAWING ⇒ 表内总数 470
[create] 通道 2(0x10000002) 句柄 0x000001d7 类型 TYPE_SOLIDCOLORBRUSH ⇒ 表内总数 471
[create] 通道 2(0x10000002) 句柄 0x0000000a 类型 TYPE_MATRIXTRANSFORM ⇒ 表内总数 471
[create] 通道 2(0x10000002) 句柄 0x0000000a 类型 TYPE_MATRIXTRANSFORM ⇒ 表内总数 471
[create] 通道 2(0x10000002) 句柄 0x000001d8 类型 TYPE_PATHGEOMETRY ⇒ 表内总数 472
[create] 通道 2(0x10000002) 句柄 0x0000000a 类型 TYPE_MATRIXTRANSFORM ⇒ 表内总数 472
[create] 通道 2(0x10000002) 句柄 0x000001d9 类型 TYPE_VISUAL ⇒ 表内总数 473
[create] 通道 2(0x10000002) 句柄 0x000001da 类型 TYPE_RENDERDATA ⇒ 表内总数 474
[create] 通道 2(0x10000002) 句柄 0x0000001c 类型 TYPE_SOLIDCOLORBRUSH ⇒ 表内总数 474
[create] 通道 2(0x10000002) 句柄 0x000001db 类型 TYPE_GLYPHRUN ⇒ 表内总数 475
[create] 通道 2(0x10000002) 句柄 0x0000001c 类型 TYPE_SOLIDCOLORBRUSH ⇒ 表内总数 475
[create] 通道 2(0x10000002) 句柄 0x000001dc 类型 TYPE_GLYPHRUN ⇒ 表内总数 476
[create] 通道 2(0x10000002) 句柄 0x0000001c 类型 TYPE_SOLIDCOLORBRUSH ⇒ 表内总数 476
[create] 通道 2(0x10000002) 句柄 0x000001dd 类型 TYPE_GLYPHRUN ⇒ 表内总数 477
[create] 通道 2(0x10000002) 句柄 0x000001de 类型 TYPE_VISUAL ⇒ 表内总数 478
[create] 通道 2(0x10000002) 句柄 0x000001df 类型 TYPE_VISUAL ⇒ 表内总数 479
[create] 通道 2(0x10000002) 句柄 0x000001e0 类型 TYPE_VISUAL ⇒ 表内总数 480
[create] 通道 2(0x10000002) 句柄 0x000001e1 类型 TYPE_RENDERDATA ⇒ 表内总数 481
[create] 通道 2(0x10000002) 句柄 0x00000015 类型 TYPE_SOLIDCOLORBRUSH ⇒ 表内总数 481
[create] 通道 2(0x10000002) 句柄 0x000001e2 类型 TYPE_VISUAL ⇒ 表内总数 482
[create] 通道 2(0x10000002) 句柄 0x000001e3 类型 TYPE_VISUAL ⇒ 表内总数 483
[create] 通道 2(0x10000002) 句柄 0x000001e4 类型 TYPE_VISUAL ⇒ 表内总数 484
[create] 通道 2(0x10000002) 句柄 0x000001e5 类型 TYPE_RENDERDATA ⇒ 表内总数 485
[create] 通道 2(0x10000002) 句柄 0x000001e6 类型 TYPE_DRAWINGBRUSH ⇒ 表内总数 486
[create] 通道 2(0x10000002) 句柄 0x0000000a 类型 TYPE_MATRIXTRANSFORM ⇒ 表内总数 486
[create] 通道 2(0x10000002) 句柄 0x0000000a 类型 TYPE_MATRIXTRANSFORM ⇒ 表内总数 486
[create] 通道 2(0x10000002) 句柄 0x000001e7 类型 TYPE_DRAWINGGROUP ⇒ 表内总数 487
[create] 通道 2(0x10000002) 句柄 0x000001e8 类型 TYPE_GEOMETRYDRAWING ⇒ 表内总数 488
[create] 通道 2(0x10000002) 句柄 0x000001e9 类型 TYPE_SOLIDCOLORBRUSH ⇒ 表内总数 489
[create] 通道 2(0x10000002) 句柄 0x0000000a 类型 TYPE_MATRIXTRANSFORM ⇒ 表内总数 489
[create] 通道 2(0x10000002) 句柄 0x0000000a 类型 TYPE_MATRIXTRANSFORM ⇒ 表内总数 489
[create] 通道 2(0x10000002) 句柄 0x000001ea 类型 TYPE_PATHGEOMETRY ⇒ 表内总数 490
[create] 通道 2(0x10000002) 句柄 0x0000000a 类型 TYPE_MATRIXTRANSFORM ⇒ 表内总数 490
[create] 通道 2(0x10000002) 句柄 0x000001eb 类型 TYPE_GEOMETRYDRAWING ⇒ 表内总数 491
[create] 通道 2(0x10000002) 句柄 0x000001ec 类型 TYPE_SOLIDCOLORBRUSH ⇒ 表内总数 492
[create] 通道 2(0x10000002) 句柄 0x0000000a 类型 TYPE_MATRIXTRANSFORM ⇒ 表内总数 492
[create] 通道 2(0x10000002) 句柄 0x0000000a 类型 TYPE_MATRIXTRANSFORM ⇒ 表内总数 492
[create] 通道 2(0x10000002) 句柄 0x000001ed 类型 TYPE_PATHGEOMETRY ⇒ 表内总数 493
[create] 通道 2(0x10000002) 句柄 0x0000000a 类型 TYPE_MATRIXTRANSFORM ⇒ 表内总数 493
[create] 通道 2(0x10000002) 句柄 0x000001ee 类型 TYPE_GEOMETRYDRAWING ⇒ 表内总数 494
[create] 通道 2(0x10000002) 句柄 0x000001ef 类型 TYPE_SOLIDCOLORBRUSH ⇒ 表内总数 495
[create] 通道 2(0x10000002) 句柄 0x0000000a 类型 TYPE_MATRIXTRANSFORM ⇒ 表内总数 495
[create] 通道 2(0x10000002) 句柄 0x0000000a 类型 TYPE_MATRIXTRANSFORM ⇒ 表内总数 495
[create] 通道 2(0x10000002) 句柄 0x000001f0 类型 TYPE_PATHGEOMETRY ⇒ 表内总数 496
[create] 通道 2(0x10000002) 句柄 0x0000000a 类型 TYPE_MATRIXTRANSFORM ⇒ 表内总数 496
[create] 通道 2(0x10000002) 句柄 0x000001f1 类型 TYPE_GEOMETRYDRAWING ⇒ 表内总数 497
[create] 通道 2(0x10000002) 句柄 0x000001f2 类型 TYPE_SOLIDCOLORBRUSH ⇒ 表内总数 498
[create] 通道 2(0x10000002) 句柄 0x0000000a 类型 TYPE_MATRIXTRANSFORM ⇒ 表内总数 498
[create] 通道 2(0x10000002) 句柄 0x0000000a 类型 TYPE_MATRIXTRANSFORM ⇒ 表内总数 498
[create] 通道 2(0x10000002) 句柄 0x000001f3 类型 TYPE_PATHGEOMETRY ⇒ 表内总数 499
[create] 通道 2(0x10000002) 句柄 0x0000000a 类型 TYPE_MATRIXTRANSFORM ⇒ 表内总数 499
[create] 通道 2(0x10000002) 句柄 0x000001f4 类型 TYPE_VISUAL ⇒ 表内总数 500
[create] 通道 2(0x10000002) 句柄 0x000001f5 类型 TYPE_RENDERDATA ⇒ 表内总数 501
[create] 通道 2(0x10000002) 句柄 0x0000001c 类型 TYPE_SOLIDCOLORBRUSH ⇒ 表内总数 501
[create] 通道 2(0x10000002) 句柄 0x000001f6 类型 TYPE_GLYPHRUN ⇒ 表内总数 502
[create] 通道 2(0x10000002) 句柄 0x0000001c 类型 TYPE_SOLIDCOLORBRUSH ⇒ 表内总数 502
[create] 通道 2(0x10000002) 句柄 0x000001f7 类型 TYPE_GLYPHRUN ⇒ 表内总数 503
[create] 通道 2(0x10000002) 句柄 0x0000001c 类型 TYPE_SOLIDCOLORBRUSH ⇒ 表内总数 503
[create] 通道 2(0x10000002) 句柄 0x000001f8 类型 TYPE_GLYPHRUN ⇒ 表内总数 504
[create] 通道 2(0x10000002) 句柄 0x000001f9 类型 TYPE_VISUAL ⇒ 表内总数 505
[create] 通道 2(0x10000002) 句柄 0x000001fa 类型 TYPE_VISUAL ⇒ 表内总数 506
[create] 通道 2(0x10000002) 句柄 0x000001fb 类型 TYPE_VISUAL ⇒ 表内总数 507
[create] 通道 2(0x10000002) 句柄 0x000001fc 类型 TYPE_RENDERDATA ⇒ 表内总数 508
[create] 通道 2(0x10000002) 句柄 0x00000015 类型 TYPE_SOLIDCOLORBRUSH ⇒ 表内总数 508
[create] 通道 2(0x10000002) 句柄 0x000001fd 类型 TYPE_VISUAL ⇒ 表内总数 509
[create] 通道 2(0x10000002) 句柄 0x000001fe 类型 TYPE_VISUAL ⇒ 表内总数 510
[create] 通道 2(0x10000002) 句柄 0x000001ff 类型 TYPE_VISUAL ⇒ 表内总数 511
[create] 通道 2(0x10000002) 句柄 0x00000200 类型 TYPE_RENDERDATA ⇒ 表内总数 512
[create] 通道 2(0x10000002) 句柄 0x00000201 类型 TYPE_DRAWINGBRUSH ⇒ 表内总数 513
[create] 通道 2(0x10000002) 句柄 0x0000000a 类型 TYPE_MATRIXTRANSFORM ⇒ 表内总数 513
[create] 通道 2(0x10000002) 句柄 0x0000000a 类型 TYPE_MATRIXTRANSFORM ⇒ 表内总数 513
[create] 通道 2(0x10000002) 句柄 0x00000202 类型 TYPE_DRAWINGGROUP ⇒ 表内总数 514
[create] 通道 2(0x10000002) 句柄 0x00000203 类型 TYPE_GEOMETRYDRAWING ⇒ 表内总数 515
[create] 通道 2(0x10000002) 句柄 0x00000204 类型 TYPE_SOLIDCOLORBRUSH ⇒ 表内总数 516
[create] 通道 2(0x10000002) 句柄 0x0000000a 类型 TYPE_MATRIXTRANSFORM ⇒ 表内总数 516
[create] 通道 2(0x10000002) 句柄 0x0000000a 类型 TYPE_MATRIXTRANSFORM ⇒ 表内总数 516
[create] 通道 2(0x10000002) 句柄 0x00000205 类型 TYPE_PATHGEOMETRY ⇒ 表内总数 517
[create] 通道 2(0x10000002) 句柄 0x0000000a 类型 TYPE_MATRIXTRANSFORM ⇒ 表内总数 517
[create] 通道 2(0x10000002) 句柄 0x00000206 类型 TYPE_GEOMETRYDRAWING ⇒ 表内总数 518
[create] 通道 2(0x10000002) 句柄 0x00000207 类型 TYPE_SOLIDCOLORBRUSH ⇒ 表内总数 519
[create] 通道 2(0x10000002) 句柄 0x0000000a 类型 TYPE_MATRIXTRANSFORM ⇒ 表内总数 519
[create] 通道 2(0x10000002) 句柄 0x0000000a 类型 TYPE_MATRIXTRANSFORM ⇒ 表内总数 519
[create] 通道 2(0x10000002) 句柄 0x00000208 类型 TYPE_PATHGEOMETRY ⇒ 表内总数 520
[create] 通道 2(0x10000002) 句柄 0x0000000a 类型 TYPE_MATRIXTRANSFORM ⇒ 表内总数 520
[create] 通道 2(0x10000002) 句柄 0x00000209 类型 TYPE_GEOMETRYDRAWING ⇒ 表内总数 521
[create] 通道 2(0x10000002) 句柄 0x0000020a 类型 TYPE_SOLIDCOLORBRUSH ⇒ 表内总数 522
[create] 通道 2(0x10000002) 句柄 0x0000000a 类型 TYPE_MATRIXTRANSFORM ⇒ 表内总数 522
[create] 通道 2(0x10000002) 句柄 0x0000000a 类型 TYPE_MATRIXTRANSFORM ⇒ 表内总数 522
[create] 通道 2(0x10000002) 句柄 0x0000020b 类型 TYPE_PATHGEOMETRY ⇒ 表内总数 523
[create] 通道 2(0x10000002) 句柄 0x0000000a 类型 TYPE_MATRIXTRANSFORM ⇒ 表内总数 523
[create] 通道 2(0x10000002) 句柄 0x0000020c 类型 TYPE_GEOMETRYDRAWING ⇒ 表内总数 524
[create] 通道 2(0x10000002) 句柄 0x0000020d 类型 TYPE_SOLIDCOLORBRUSH ⇒ 表内总数 525
[create] 通道 2(0x10000002) 句柄 0x0000000a 类型 TYPE_MATRIXTRANSFORM ⇒ 表内总数 525
[create] 通道 2(0x10000002) 句柄 0x0000000a 类型 TYPE_MATRIXTRANSFORM ⇒ 表内总数 525
[create] 通道 2(0x10000002) 句柄 0x0000020e 类型 TYPE_PATHGEOMETRY ⇒ 表内总数 526
[create] 通道 2(0x10000002) 句柄 0x0000000a 类型 TYPE_MATRIXTRANSFORM ⇒ 表内总数 526
[create] 通道 2(0x10000002) 句柄 0x0000020f 类型 TYPE_VISUAL ⇒ 表内总数 527
[create] 通道 2(0x10000002) 句柄 0x00000210 类型 TYPE_RENDERDATA ⇒ 表内总数 528
[create] 通道 2(0x10000002) 句柄 0x0000001c 类型 TYPE_SOLIDCOLORBRUSH ⇒ 表内总数 528
[create] 通道 2(0x10000002) 句柄 0x00000211 类型 TYPE_GLYPHRUN ⇒ 表内总数 529
[create] 通道 2(0x10000002) 句柄 0x0000001c 类型 TYPE_SOLIDCOLORBRUSH ⇒ 表内总数 529
[create] 通道 2(0x10000002) 句柄 0x00000212 类型 TYPE_GLYPHRUN ⇒ 表内总数 530
[create] 通道 2(0x10000002) 句柄 0x0000001c 类型 TYPE_SOLIDCOLORBRUSH ⇒ 表内总数 530
[create] 通道 2(0x10000002) 句柄 0x00000213 类型 TYPE_GLYPHRUN ⇒ 表内总数 531
[create] 通道 2(0x10000002) 句柄 0x00000214 类型 TYPE_VISUAL ⇒ 表内总数 532
[create] 通道 2(0x10000002) 句柄 0x00000215 类型 TYPE_VISUAL ⇒ 表内总数 533
[create] 通道 2(0x10000002) 句柄 0x00000216 类型 TYPE_VISUAL ⇒ 表内总数 534
[create] 通道 2(0x10000002) 句柄 0x00000217 类型 TYPE_RENDERDATA ⇒ 表内总数 535
[create] 通道 2(0x10000002) 句柄 0x00000015 类型 TYPE_SOLIDCOLORBRUSH ⇒ 表内总数 535
[create] 通道 2(0x10000002) 句柄 0x00000218 类型 TYPE_VISUAL ⇒ 表内总数 536
[create] 通道 2(0x10000002) 句柄 0x00000219 类型 TYPE_VISUAL ⇒ 表内总数 537
[create] 通道 2(0x10000002) 句柄 0x0000021a 类型 TYPE_VISUAL ⇒ 表内总数 538
[create] 通道 2(0x10000002) 句柄 0x0000021b 类型 TYPE_RENDERDATA ⇒ 表内总数 539
[create] 通道 2(0x10000002) 句柄 0x0000021c 类型 TYPE_DRAWINGBRUSH ⇒ 表内总数 540
[create] 通道 2(0x10000002) 句柄 0x0000000a 类型 TYPE_MATRIXTRANSFORM ⇒ 表内总数 540
[create] 通道 2(0x10000002) 句柄 0x0000000a 类型 TYPE_MATRIXTRANSFORM ⇒ 表内总数 540
[create] 通道 2(0x10000002) 句柄 0x0000021d 类型 TYPE_DRAWINGGROUP ⇒ 表内总数 541
[create] 通道 2(0x10000002) 句柄 0x0000021e 类型 TYPE_GEOMETRYDRAWING ⇒ 表内总数 542
[create] 通道 2(0x10000002) 句柄 0x0000021f 类型 TYPE_SOLIDCOLORBRUSH ⇒ 表内总数 543
[create] 通道 2(0x10000002) 句柄 0x0000000a 类型 TYPE_MATRIXTRANSFORM ⇒ 表内总数 543
[create] 通道 2(0x10000002) 句柄 0x0000000a 类型 TYPE_MATRIXTRANSFORM ⇒ 表内总数 543
[create] 通道 2(0x10000002) 句柄 0x00000220 类型 TYPE_PATHGEOMETRY ⇒ 表内总数 544
[create] 通道 2(0x10000002) 句柄 0x0000000a 类型 TYPE_MATRIXTRANSFORM ⇒ 表内总数 544
[create] 通道 2(0x10000002) 句柄 0x00000221 类型 TYPE_GEOMETRYDRAWING ⇒ 表内总数 545
[create] 通道 2(0x10000002) 句柄 0x00000222 类型 TYPE_SOLIDCOLORBRUSH ⇒ 表内总数 546
[create] 通道 2(0x10000002) 句柄 0x0000000a 类型 TYPE_MATRIXTRANSFORM ⇒ 表内总数 546
[create] 通道 2(0x10000002) 句柄 0x0000000a 类型 TYPE_MATRIXTRANSFORM ⇒ 表内总数 546
[create] 通道 2(0x10000002) 句柄 0x00000223 类型 TYPE_PATHGEOMETRY ⇒ 表内总数 547
[create] 通道 2(0x10000002) 句柄 0x0000000a 类型 TYPE_MATRIXTRANSFORM ⇒ 表内总数 547
[create] 通道 2(0x10000002) 句柄 0x00000224 类型 TYPE_GEOMETRYDRAWING ⇒ 表内总数 548
[create] 通道 2(0x10000002) 句柄 0x00000225 类型 TYPE_SOLIDCOLORBRUSH ⇒ 表内总数 549
[create] 通道 2(0x10000002) 句柄 0x0000000a 类型 TYPE_MATRIXTRANSFORM ⇒ 表内总数 549
[create] 通道 2(0x10000002) 句柄 0x0000000a 类型 TYPE_MATRIXTRANSFORM ⇒ 表内总数 549
[create] 通道 2(0x10000002) 句柄 0x00000226 类型 TYPE_PATHGEOMETRY ⇒ 表内总数 550
[create] 通道 2(0x10000002) 句柄 0x0000000a 类型 TYPE_MATRIXTRANSFORM ⇒ 表内总数 550
[create] 通道 2(0x10000002) 句柄 0x00000227 类型 TYPE_VISUAL ⇒ 表内总数 551
[create] 通道 2(0x10000002) 句柄 0x00000228 类型 TYPE_RENDERDATA ⇒ 表内总数 552
[create] 通道 2(0x10000002) 句柄 0x0000001c 类型 TYPE_SOLIDCOLORBRUSH ⇒ 表内总数 552
[create] 通道 2(0x10000002) 句柄 0x00000229 类型 TYPE_GLYPHRUN ⇒ 表内总数 553
[create] 通道 2(0x10000002) 句柄 0x0000001c 类型 TYPE_SOLIDCOLORBRUSH ⇒ 表内总数 553
[create] 通道 2(0x10000002) 句柄 0x0000022a 类型 TYPE_GLYPHRUN ⇒ 表内总数 554
[create] 通道 2(0x10000002) 句柄 0x0000001c 类型 TYPE_SOLIDCOLORBRUSH ⇒ 表内总数 554
[create] 通道 2(0x10000002) 句柄 0x0000022b 类型 TYPE_GLYPHRUN ⇒ 表内总数 555
[create] 通道 2(0x10000002) 句柄 0x0000022c 类型 TYPE_VISUAL ⇒ 表内总数 556
[create] 通道 2(0x10000002) 句柄 0x0000022d 类型 TYPE_VISUAL ⇒ 表内总数 557
[create] 通道 2(0x10000002) 句柄 0x0000022e 类型 TYPE_VISUAL ⇒ 表内总数 558
[create] 通道 2(0x10000002) 句柄 0x0000022f 类型 TYPE_RENDERDATA ⇒ 表内总数 559
[create] 通道 2(0x10000002) 句柄 0x00000015 类型 TYPE_SOLIDCOLORBRUSH ⇒ 表内总数 559
[create] 通道 2(0x10000002) 句柄 0x00000230 类型 TYPE_VISUAL ⇒ 表内总数 560
[create] 通道 2(0x10000002) 句柄 0x00000231 类型 TYPE_VISUAL ⇒ 表内总数 561
[create] 通道 2(0x10000002) 句柄 0x00000232 类型 TYPE_VISUAL ⇒ 表内总数 562
[create] 通道 2(0x10000002) 句柄 0x00000233 类型 TYPE_RENDERDATA ⇒ 表内总数 563
[create] 通道 2(0x10000002) 句柄 0x00000234 类型 TYPE_DRAWINGBRUSH ⇒ 表内总数 564
[create] 通道 2(0x10000002) 句柄 0x0000000a 类型 TYPE_MATRIXTRANSFORM ⇒ 表内总数 564
[create] 通道 2(0x10000002) 句柄 0x0000000a 类型 TYPE_MATRIXTRANSFORM ⇒ 表内总数 564
[create] 通道 2(0x10000002) 句柄 0x00000235 类型 TYPE_DRAWINGGROUP ⇒ 表内总数 565
[create] 通道 2(0x10000002) 句柄 0x00000236 类型 TYPE_GEOMETRYDRAWING ⇒ 表内总数 566
[create] 通道 2(0x10000002) 句柄 0x00000237 类型 TYPE_SOLIDCOLORBRUSH ⇒ 表内总数 567
[create] 通道 2(0x10000002) 句柄 0x0000000a 类型 TYPE_MATRIXTRANSFORM ⇒ 表内总数 567
[create] 通道 2(0x10000002) 句柄 0x0000000a 类型 TYPE_MATRIXTRANSFORM ⇒ 表内总数 567
[create] 通道 2(0x10000002) 句柄 0x00000238 类型 TYPE_PATHGEOMETRY ⇒ 表内总数 568
[create] 通道 2(0x10000002) 句柄 0x0000000a 类型 TYPE_MATRIXTRANSFORM ⇒ 表内总数 568
[create] 通道 2(0x10000002) 句柄 0x00000239 类型 TYPE_GEOMETRYDRAWING ⇒ 表内总数 569
[create] 通道 2(0x10000002) 句柄 0x0000023a 类型 TYPE_SOLIDCOLORBRUSH ⇒ 表内总数 570
[create] 通道 2(0x10000002) 句柄 0x0000000a 类型 TYPE_MATRIXTRANSFORM ⇒ 表内总数 570
[create] 通道 2(0x10000002) 句柄 0x0000000a 类型 TYPE_MATRIXTRANSFORM ⇒ 表内总数 570
[create] 通道 2(0x10000002) 句柄 0x0000023b 类型 TYPE_PATHGEOMETRY ⇒ 表内总数 571
[create] 通道 2(0x10000002) 句柄 0x0000000a 类型 TYPE_MATRIXTRANSFORM ⇒ 表内总数 571
[create] 通道 2(0x10000002) 句柄 0x0000023c 类型 TYPE_GEOMETRYDRAWING ⇒ 表内总数 572
[create] 通道 2(0x10000002) 句柄 0x0000023d 类型 TYPE_SOLIDCOLORBRUSH ⇒ 表内总数 573
[create] 通道 2(0x10000002) 句柄 0x0000000a 类型 TYPE_MATRIXTRANSFORM ⇒ 表内总数 573
[create] 通道 2(0x10000002) 句柄 0x0000000a 类型 TYPE_MATRIXTRANSFORM ⇒ 表内总数 573
[create] 通道 2(0x10000002) 句柄 0x0000023e 类型 TYPE_PATHGEOMETRY ⇒ 表内总数 574
[create] 通道 2(0x10000002) 句柄 0x0000000a 类型 TYPE_MATRIXTRANSFORM ⇒ 表内总数 574
[create] 通道 2(0x10000002) 句柄 0x0000023f 类型 TYPE_GEOMETRYDRAWING ⇒ 表内总数 575
[create] 通道 2(0x10000002) 句柄 0x00000240 类型 TYPE_SOLIDCOLORBRUSH ⇒ 表内总数 576
[create] 通道 2(0x10000002) 句柄 0x0000000a 类型 TYPE_MATRIXTRANSFORM ⇒ 表内总数 576
[create] 通道 2(0x10000002) 句柄 0x0000000a 类型 TYPE_MATRIXTRANSFORM ⇒ 表内总数 576
[create] 通道 2(0x10000002) 句柄 0x00000241 类型 TYPE_PATHGEOMETRY ⇒ 表内总数 577
[create] 通道 2(0x10000002) 句柄 0x0000000a 类型 TYPE_MATRIXTRANSFORM ⇒ 表内总数 577
[create] 通道 2(0x10000002) 句柄 0x00000242 类型 TYPE_VISUAL ⇒ 表内总数 578
[create] 通道 2(0x10000002) 句柄 0x00000243 类型 TYPE_RENDERDATA ⇒ 表内总数 579
[create] 通道 2(0x10000002) 句柄 0x0000001c 类型 TYPE_SOLIDCOLORBRUSH ⇒ 表内总数 579
[create] 通道 2(0x10000002) 句柄 0x00000244 类型 TYPE_GLYPHRUN ⇒ 表内总数 580
[create] 通道 2(0x10000002) 句柄 0x0000001c 类型 TYPE_SOLIDCOLORBRUSH ⇒ 表内总数 580
[create] 通道 2(0x10000002) 句柄 0x00000245 类型 TYPE_GLYPHRUN ⇒ 表内总数 581
[create] 通道 2(0x10000002) 句柄 0x0000001c 类型 TYPE_SOLIDCOLORBRUSH ⇒ 表内总数 581
[create] 通道 2(0x10000002) 句柄 0x00000246 类型 TYPE_GLYPHRUN ⇒ 表内总数 582
[create] 通道 2(0x10000002) 句柄 0x00000247 类型 TYPE_VISUAL ⇒ 表内总数 583
[create] 通道 2(0x10000002) 句柄 0x00000248 类型 TYPE_VISUAL ⇒ 表内总数 584
[create] 通道 2(0x10000002) 句柄 0x00000249 类型 TYPE_VISUAL ⇒ 表内总数 585
[create] 通道 2(0x10000002) 句柄 0x0000024a 类型 TYPE_RENDERDATA ⇒ 表内总数 586
[create] 通道 2(0x10000002) 句柄 0x00000015 类型 TYPE_SOLIDCOLORBRUSH ⇒ 表内总数 586
[create] 通道 2(0x10000002) 句柄 0x0000024b 类型 TYPE_VISUAL ⇒ 表内总数 587
[create] 通道 2(0x10000002) 句柄 0x0000024c 类型 TYPE_VISUAL ⇒ 表内总数 588
[create] 通道 2(0x10000002) 句柄 0x0000024d 类型 TYPE_VISUAL ⇒ 表内总数 589
[create] 通道 2(0x10000002) 句柄 0x0000024e 类型 TYPE_RENDERDATA ⇒ 表内总数 590
[create] 通道 2(0x10000002) 句柄 0x0000024f 类型 TYPE_DRAWINGBRUSH ⇒ 表内总数 591
[create] 通道 2(0x10000002) 句柄 0x0000000a 类型 TYPE_MATRIXTRANSFORM ⇒ 表内总数 591
[create] 通道 2(0x10000002) 句柄 0x0000000a 类型 TYPE_MATRIXTRANSFORM ⇒ 表内总数 591
[create] 通道 2(0x10000002) 句柄 0x00000250 类型 TYPE_DRAWINGGROUP ⇒ 表内总数 592
[create] 通道 2(0x10000002) 句柄 0x00000251 类型 TYPE_GEOMETRYDRAWING ⇒ 表内总数 593
[create] 通道 2(0x10000002) 句柄 0x00000252 类型 TYPE_SOLIDCOLORBRUSH ⇒ 表内总数 594
[create] 通道 2(0x10000002) 句柄 0x0000000a 类型 TYPE_MATRIXTRANSFORM ⇒ 表内总数 594
[create] 通道 2(0x10000002) 句柄 0x0000000a 类型 TYPE_MATRIXTRANSFORM ⇒ 表内总数 594
[create] 通道 2(0x10000002) 句柄 0x00000253 类型 TYPE_PATHGEOMETRY ⇒ 表内总数 595
[create] 通道 2(0x10000002) 句柄 0x0000000a 类型 TYPE_MATRIXTRANSFORM ⇒ 表内总数 595
[create] 通道 2(0x10000002) 句柄 0x00000254 类型 TYPE_GEOMETRYDRAWING ⇒ 表内总数 596
[create] 通道 2(0x10000002) 句柄 0x00000255 类型 TYPE_SOLIDCOLORBRUSH ⇒ 表内总数 597
[create] 通道 2(0x10000002) 句柄 0x0000000a 类型 TYPE_MATRIXTRANSFORM ⇒ 表内总数 597
[create] 通道 2(0x10000002) 句柄 0x0000000a 类型 TYPE_MATRIXTRANSFORM ⇒ 表内总数 597
[create] 通道 2(0x10000002) 句柄 0x00000256 类型 TYPE_PATHGEOMETRY ⇒ 表内总数 598
[create] 通道 2(0x10000002) 句柄 0x0000000a 类型 TYPE_MATRIXTRANSFORM ⇒ 表内总数 598
[create] 通道 2(0x10000002) 句柄 0x00000257 类型 TYPE_GEOMETRYDRAWING ⇒ 表内总数 599
[create] 通道 2(0x10000002) 句柄 0x00000258 类型 TYPE_SOLIDCOLORBRUSH ⇒ 表内总数 600
[create] 通道 2(0x10000002) 句柄 0x0000000a 类型 TYPE_MATRIXTRANSFORM ⇒ 表内总数 600
[create] 通道 2(0x10000002) 句柄 0x0000000a 类型 TYPE_MATRIXTRANSFORM ⇒ 表内总数 600
[create] 通道 2(0x10000002) 句柄 0x00000259 类型 TYPE_PATHGEOMETRY ⇒ 表内总数 601
[create] 通道 2(0x10000002) 句柄 0x0000000a 类型 TYPE_MATRIXTRANSFORM ⇒ 表内总数 601
[create] 通道 2(0x10000002) 句柄 0x0000025a 类型 TYPE_GEOMETRYDRAWING ⇒ 表内总数 602
[create] 通道 2(0x10000002) 句柄 0x0000025b 类型 TYPE_SOLIDCOLORBRUSH ⇒ 表内总数 603
[create] 通道 2(0x10000002) 句柄 0x0000000a 类型 TYPE_MATRIXTRANSFORM ⇒ 表内总数 603
[create] 通道 2(0x10000002) 句柄 0x0000000a 类型 TYPE_MATRIXTRANSFORM ⇒ 表内总数 603
[create] 通道 2(0x10000002) 句柄 0x0000025c 类型 TYPE_PATHGEOMETRY ⇒ 表内总数 604
[create] 通道 2(0x10000002) 句柄 0x0000000a 类型 TYPE_MATRIXTRANSFORM ⇒ 表内总数 604
[create] 通道 2(0x10000002) 句柄 0x0000025d 类型 TYPE_GEOMETRYDRAWING ⇒ 表内总数 605
[create] 通道 2(0x10000002) 句柄 0x0000025e 类型 TYPE_SOLIDCOLORBRUSH ⇒ 表内总数 606
[create] 通道 2(0x10000002) 句柄 0x0000000a 类型 TYPE_MATRIXTRANSFORM ⇒ 表内总数 606
[create] 通道 2(0x10000002) 句柄 0x0000000a 类型 TYPE_MATRIXTRANSFORM ⇒ 表内总数 606
[create] 通道 2(0x10000002) 句柄 0x0000025f 类型 TYPE_PATHGEOMETRY ⇒ 表内总数 607
[create] 通道 2(0x10000002) 句柄 0x0000000a 类型 TYPE_MATRIXTRANSFORM ⇒ 表内总数 607
[create] 通道 2(0x10000002) 句柄 0x00000260 类型 TYPE_GEOMETRYDRAWING ⇒ 表内总数 608
[create] 通道 2(0x10000002) 句柄 0x00000261 类型 TYPE_SOLIDCOLORBRUSH ⇒ 表内总数 609
[create] 通道 2(0x10000002) 句柄 0x0000000a 类型 TYPE_MATRIXTRANSFORM ⇒ 表内总数 609
[create] 通道 2(0x10000002) 句柄 0x0000000a 类型 TYPE_MATRIXTRANSFORM ⇒ 表内总数 609
[create] 通道 2(0x10000002) 句柄 0x00000262 类型 TYPE_PATHGEOMETRY ⇒ 表内总数 610
[create] 通道 2(0x10000002) 句柄 0x0000000a 类型 TYPE_MATRIXTRANSFORM ⇒ 表内总数 610
[create] 通道 2(0x10000002) 句柄 0x00000263 类型 TYPE_GEOMETRYDRAWING ⇒ 表内总数 611
[create] 通道 2(0x10000002) 句柄 0x00000264 类型 TYPE_SOLIDCOLORBRUSH ⇒ 表内总数 612
[create] 通道 2(0x10000002) 句柄 0x0000000a 类型 TYPE_MATRIXTRANSFORM ⇒ 表内总数 612
[create] 通道 2(0x10000002) 句柄 0x0000000a 类型 TYPE_MATRIXTRANSFORM ⇒ 表内总数 612
[create] 通道 2(0x10000002) 句柄 0x00000265 类型 TYPE_PATHGEOMETRY ⇒ 表内总数 613
[create] 通道 2(0x10000002) 句柄 0x0000000a 类型 TYPE_MATRIXTRANSFORM ⇒ 表内总数 613
[create] 通道 2(0x10000002) 句柄 0x00000266 类型 TYPE_GEOMETRYDRAWING ⇒ 表内总数 614
[create] 通道 2(0x10000002) 句柄 0x00000267 类型 TYPE_SOLIDCOLORBRUSH ⇒ 表内总数 615
[create] 通道 2(0x10000002) 句柄 0x0000000a 类型 TYPE_MATRIXTRANSFORM ⇒ 表内总数 615
[create] 通道 2(0x10000002) 句柄 0x0000000a 类型 TYPE_MATRIXTRANSFORM ⇒ 表内总数 615
[create] 通道 2(0x10000002) 句柄 0x00000268 类型 TYPE_PATHGEOMETRY ⇒ 表内总数 616
[create] 通道 2(0x10000002) 句柄 0x0000000a 类型 TYPE_MATRIXTRANSFORM ⇒ 表内总数 616
[create] 通道 2(0x10000002) 句柄 0x00000269 类型 TYPE_GEOMETRYDRAWING ⇒ 表内总数 617
[create] 通道 2(0x10000002) 句柄 0x0000026a 类型 TYPE_SOLIDCOLORBRUSH ⇒ 表内总数 618
[create] 通道 2(0x10000002) 句柄 0x0000000a 类型 TYPE_MATRIXTRANSFORM ⇒ 表内总数 618
[create] 通道 2(0x10000002) 句柄 0x0000000a 类型 TYPE_MATRIXTRANSFORM ⇒ 表内总数 618
[create] 通道 2(0x10000002) 句柄 0x0000026b 类型 TYPE_PATHGEOMETRY ⇒ 表内总数 619
[create] 通道 2(0x10000002) 句柄 0x0000000a 类型 TYPE_MATRIXTRANSFORM ⇒ 表内总数 619
[create] 通道 2(0x10000002) 句柄 0x0000026c 类型 TYPE_GEOMETRYDRAWING ⇒ 表内总数 620
[create] 通道 2(0x10000002) 句柄 0x0000026d 类型 TYPE_SOLIDCOLORBRUSH ⇒ 表内总数 621
[create] 通道 2(0x10000002) 句柄 0x0000000a 类型 TYPE_MATRIXTRANSFORM ⇒ 表内总数 621
[create] 通道 2(0x10000002) 句柄 0x0000000a 类型 TYPE_MATRIXTRANSFORM ⇒ 表内总数 621
[create] 通道 2(0x10000002) 句柄 0x0000026e 类型 TYPE_PATHGEOMETRY ⇒ 表内总数 622
[create] 通道 2(0x10000002) 句柄 0x0000000a 类型 TYPE_MATRIXTRANSFORM ⇒ 表内总数 622
[create] 通道 2(0x10000002) 句柄 0x0000026f 类型 TYPE_VISUAL ⇒ 表内总数 623
[create] 通道 2(0x10000002) 句柄 0x00000270 类型 TYPE_RENDERDATA ⇒ 表内总数 624
[create] 通道 2(0x10000002) 句柄 0x0000001c 类型 TYPE_SOLIDCOLORBRUSH ⇒ 表内总数 624
[create] 通道 2(0x10000002) 句柄 0x00000271 类型 TYPE_GLYPHRUN ⇒ 表内总数 625
[create] 通道 2(0x10000002) 句柄 0x0000001c 类型 TYPE_SOLIDCOLORBRUSH ⇒ 表内总数 625
[create] 通道 2(0x10000002) 句柄 0x00000272 类型 TYPE_GLYPHRUN ⇒ 表内总数 626
[create] 通道 2(0x10000002) 句柄 0x0000001c 类型 TYPE_SOLIDCOLORBRUSH ⇒ 表内总数 626
[create] 通道 2(0x10000002) 句柄 0x00000273 类型 TYPE_GLYPHRUN ⇒ 表内总数 627
[create] 通道 2(0x10000002) 句柄 0x00000274 类型 TYPE_VISUAL ⇒ 表内总数 628
[create] 通道 2(0x10000002) 句柄 0x00000275 类型 TYPE_VISUAL ⇒ 表内总数 629
[create] 通道 2(0x10000002) 句柄 0x00000276 类型 TYPE_VISUAL ⇒ 表内总数 630
[create] 通道 2(0x10000002) 句柄 0x00000277 类型 TYPE_RENDERDATA ⇒ 表内总数 631
[create] 通道 2(0x10000002) 句柄 0x00000015 类型 TYPE_SOLIDCOLORBRUSH ⇒ 表内总数 631
[create] 通道 2(0x10000002) 句柄 0x00000278 类型 TYPE_VISUAL ⇒ 表内总数 632
[create] 通道 2(0x10000002) 句柄 0x00000279 类型 TYPE_VISUAL ⇒ 表内总数 633
[create] 通道 2(0x10000002) 句柄 0x0000027a 类型 TYPE_VISUAL ⇒ 表内总数 634
[create] 通道 2(0x10000002) 句柄 0x0000027b 类型 TYPE_RENDERDATA ⇒ 表内总数 635
[create] 通道 2(0x10000002) 句柄 0x0000027c 类型 TYPE_DRAWINGBRUSH ⇒ 表内总数 636
[create] 通道 2(0x10000002) 句柄 0x0000000a 类型 TYPE_MATRIXTRANSFORM ⇒ 表内总数 636
[create] 通道 2(0x10000002) 句柄 0x0000000a 类型 TYPE_MATRIXTRANSFORM ⇒ 表内总数 636
[create] 通道 2(0x10000002) 句柄 0x0000027d 类型 TYPE_DRAWINGGROUP ⇒ 表内总数 637
[create] 通道 2(0x10000002) 句柄 0x0000027e 类型 TYPE_GEOMETRYDRAWING ⇒ 表内总数 638
[create] 通道 2(0x10000002) 句柄 0x0000027f 类型 TYPE_SOLIDCOLORBRUSH ⇒ 表内总数 639
[create] 通道 2(0x10000002) 句柄 0x0000000a 类型 TYPE_MATRIXTRANSFORM ⇒ 表内总数 639
[create] 通道 2(0x10000002) 句柄 0x0000000a 类型 TYPE_MATRIXTRANSFORM ⇒ 表内总数 639
[create] 通道 2(0x10000002) 句柄 0x00000280 类型 TYPE_PATHGEOMETRY ⇒ 表内总数 640
[create] 通道 2(0x10000002) 句柄 0x0000000a 类型 TYPE_MATRIXTRANSFORM ⇒ 表内总数 640
[create] 通道 2(0x10000002) 句柄 0x00000281 类型 TYPE_GEOMETRYDRAWING ⇒ 表内总数 641
[create] 通道 2(0x10000002) 句柄 0x00000282 类型 TYPE_SOLIDCOLORBRUSH ⇒ 表内总数 642
[create] 通道 2(0x10000002) 句柄 0x0000000a 类型 TYPE_MATRIXTRANSFORM ⇒ 表内总数 642
[create] 通道 2(0x10000002) 句柄 0x0000000a 类型 TYPE_MATRIXTRANSFORM ⇒ 表内总数 642
[create] 通道 2(0x10000002) 句柄 0x00000283 类型 TYPE_PATHGEOMETRY ⇒ 表内总数 643
[create] 通道 2(0x10000002) 句柄 0x0000000a 类型 TYPE_MATRIXTRANSFORM ⇒ 表内总数 643
[create] 通道 2(0x10000002) 句柄 0x00000284 类型 TYPE_GEOMETRYDRAWING ⇒ 表内总数 644
[create] 通道 2(0x10000002) 句柄 0x00000285 类型 TYPE_SOLIDCOLORBRUSH ⇒ 表内总数 645
[create] 通道 2(0x10000002) 句柄 0x0000000a 类型 TYPE_MATRIXTRANSFORM ⇒ 表内总数 645
[create] 通道 2(0x10000002) 句柄 0x0000000a 类型 TYPE_MATRIXTRANSFORM ⇒ 表内总数 645
[create] 通道 2(0x10000002) 句柄 0x00000286 类型 TYPE_PATHGEOMETRY ⇒ 表内总数 646
[create] 通道 2(0x10000002) 句柄 0x0000000a 类型 TYPE_MATRIXTRANSFORM ⇒ 表内总数 646
[create] 通道 2(0x10000002) 句柄 0x00000287 类型 TYPE_GEOMETRYDRAWING ⇒ 表内总数 647
[create] 通道 2(0x10000002) 句柄 0x00000288 类型 TYPE_SOLIDCOLORBRUSH ⇒ 表内总数 648
[create] 通道 2(0x10000002) 句柄 0x0000000a 类型 TYPE_MATRIXTRANSFORM ⇒ 表内总数 648
[create] 通道 2(0x10000002) 句柄 0x0000000a 类型 TYPE_MATRIXTRANSFORM ⇒ 表内总数 648
[create] 通道 2(0x10000002) 句柄 0x00000289 类型 TYPE_PATHGEOMETRY ⇒ 表内总数 649
[create] 通道 2(0x10000002) 句柄 0x0000000a 类型 TYPE_MATRIXTRANSFORM ⇒ 表内总数 649
[create] 通道 2(0x10000002) 句柄 0x0000028a 类型 TYPE_GEOMETRYDRAWING ⇒ 表内总数 650
[create] 通道 2(0x10000002) 句柄 0x0000028b 类型 TYPE_SOLIDCOLORBRUSH ⇒ 表内总数 651
[create] 通道 2(0x10000002) 句柄 0x0000000a 类型 TYPE_MATRIXTRANSFORM ⇒ 表内总数 651
[create] 通道 2(0x10000002) 句柄 0x0000000a 类型 TYPE_MATRIXTRANSFORM ⇒ 表内总数 651
[create] 通道 2(0x10000002) 句柄 0x0000028c 类型 TYPE_PATHGEOMETRY ⇒ 表内总数 652
[create] 通道 2(0x10000002) 句柄 0x0000000a 类型 TYPE_MATRIXTRANSFORM ⇒ 表内总数 652
[create] 通道 2(0x10000002) 句柄 0x0000028d 类型 TYPE_GEOMETRYDRAWING ⇒ 表内总数 653
[create] 通道 2(0x10000002) 句柄 0x0000028e 类型 TYPE_SOLIDCOLORBRUSH ⇒ 表内总数 654
[create] 通道 2(0x10000002) 句柄 0x0000000a 类型 TYPE_MATRIXTRANSFORM ⇒ 表内总数 654
[create] 通道 2(0x10000002) 句柄 0x0000000a 类型 TYPE_MATRIXTRANSFORM ⇒ 表内总数 654
[create] 通道 2(0x10000002) 句柄 0x0000028f 类型 TYPE_PATHGEOMETRY ⇒ 表内总数 655
[create] 通道 2(0x10000002) 句柄 0x0000000a 类型 TYPE_MATRIXTRANSFORM ⇒ 表内总数 655
[create] 通道 2(0x10000002) 句柄 0x00000290 类型 TYPE_GEOMETRYDRAWING ⇒ 表内总数 656
[create] 通道 2(0x10000002) 句柄 0x00000291 类型 TYPE_SOLIDCOLORBRUSH ⇒ 表内总数 657
[create] 通道 2(0x10000002) 句柄 0x0000000a 类型 TYPE_MATRIXTRANSFORM ⇒ 表内总数 657
[create] 通道 2(0x10000002) 句柄 0x0000000a 类型 TYPE_MATRIXTRANSFORM ⇒ 表内总数 657
[create] 通道 2(0x10000002) 句柄 0x00000292 类型 TYPE_PATHGEOMETRY ⇒ 表内总数 658
[create] 通道 2(0x10000002) 句柄 0x0000000a 类型 TYPE_MATRIXTRANSFORM ⇒ 表内总数 658
[create] 通道 2(0x10000002) 句柄 0x00000293 类型 TYPE_GEOMETRYDRAWING ⇒ 表内总数 659
[create] 通道 2(0x10000002) 句柄 0x00000294 类型 TYPE_SOLIDCOLORBRUSH ⇒ 表内总数 660
[create] 通道 2(0x10000002) 句柄 0x0000000a 类型 TYPE_MATRIXTRANSFORM ⇒ 表内总数 660
[create] 通道 2(0x10000002) 句柄 0x0000000a 类型 TYPE_MATRIXTRANSFORM ⇒ 表内总数 660
[create] 通道 2(0x10000002) 句柄 0x00000295 类型 TYPE_PATHGEOMETRY ⇒ 表内总数 661
[create] 通道 2(0x10000002) 句柄 0x0000000a 类型 TYPE_MATRIXTRANSFORM ⇒ 表内总数 661
[create] 通道 2(0x10000002) 句柄 0x00000296 类型 TYPE_GEOMETRYDRAWING ⇒ 表内总数 662
[create] 通道 2(0x10000002) 句柄 0x00000297 类型 TYPE_SOLIDCOLORBRUSH ⇒ 表内总数 663
[create] 通道 2(0x10000002) 句柄 0x0000000a 类型 TYPE_MATRIXTRANSFORM ⇒ 表内总数 663
[create] 通道 2(0x10000002) 句柄 0x0000000a 类型 TYPE_MATRIXTRANSFORM ⇒ 表内总数 663
[create] 通道 2(0x10000002) 句柄 0x00000298 类型 TYPE_PATHGEOMETRY ⇒ 表内总数 664
[create] 通道 2(0x10000002) 句柄 0x0000000a 类型 TYPE_MATRIXTRANSFORM ⇒ 表内总数 664
[create] 通道 2(0x10000002) 句柄 0x00000299 类型 TYPE_GEOMETRYDRAWING ⇒ 表内总数 665
[create] 通道 2(0x10000002) 句柄 0x0000029a 类型 TYPE_SOLIDCOLORBRUSH ⇒ 表内总数 666
[create] 通道 2(0x10000002) 句柄 0x0000000a 类型 TYPE_MATRIXTRANSFORM ⇒ 表内总数 666
[create] 通道 2(0x10000002) 句柄 0x0000000a 类型 TYPE_MATRIXTRANSFORM ⇒ 表内总数 666
[create] 通道 2(0x10000002) 句柄 0x0000029b 类型 TYPE_PATHGEOMETRY ⇒ 表内总数 667
[create] 通道 2(0x10000002) 句柄 0x0000000a 类型 TYPE_MATRIXTRANSFORM ⇒ 表内总数 667
[create] 通道 2(0x10000002) 句柄 0x0000029c 类型 TYPE_GEOMETRYDRAWING ⇒ 表内总数 668
[create] 通道 2(0x10000002) 句柄 0x0000029d 类型 TYPE_SOLIDCOLORBRUSH ⇒ 表内总数 669
[create] 通道 2(0x10000002) 句柄 0x0000000a 类型 TYPE_MATRIXTRANSFORM ⇒ 表内总数 669
[create] 通道 2(0x10000002) 句柄 0x0000000a 类型 TYPE_MATRIXTRANSFORM ⇒ 表内总数 669
[create] 通道 2(0x10000002) 句柄 0x0000029e 类型 TYPE_PATHGEOMETRY ⇒ 表内总数 670
[create] 通道 2(0x10000002) 句柄 0x0000000a 类型 TYPE_MATRIXTRANSFORM ⇒ 表内总数 670
[create] 通道 2(0x10000002) 句柄 0x0000029f 类型 TYPE_GEOMETRYDRAWING ⇒ 表内总数 671
[create] 通道 2(0x10000002) 句柄 0x000002a0 类型 TYPE_SOLIDCOLORBRUSH ⇒ 表内总数 672
[create] 通道 2(0x10000002) 句柄 0x0000000a 类型 TYPE_MATRIXTRANSFORM ⇒ 表内总数 672
[create] 通道 2(0x10000002) 句柄 0x0000000a 类型 TYPE_MATRIXTRANSFORM ⇒ 表内总数 672
[create] 通道 2(0x10000002) 句柄 0x000002a1 类型 TYPE_PATHGEOMETRY ⇒ 表内总数 673
[create] 通道 2(0x10000002) 句柄 0x0000000a 类型 TYPE_MATRIXTRANSFORM ⇒ 表内总数 673
[create] 通道 2(0x10000002) 句柄 0x000002a2 类型 TYPE_GEOMETRYDRAWING ⇒ 表内总数 674
[create] 通道 2(0x10000002) 句柄 0x000002a3 类型 TYPE_SOLIDCOLORBRUSH ⇒ 表内总数 675
[create] 通道 2(0x10000002) 句柄 0x0000000a 类型 TYPE_MATRIXTRANSFORM ⇒ 表内总数 675
[create] 通道 2(0x10000002) 句柄 0x0000000a 类型 TYPE_MATRIXTRANSFORM ⇒ 表内总数 675
[create] 通道 2(0x10000002) 句柄 0x000002a4 类型 TYPE_PATHGEOMETRY ⇒ 表内总数 676
[create] 通道 2(0x10000002) 句柄 0x0000000a 类型 TYPE_MATRIXTRANSFORM ⇒ 表内总数 676
[create] 通道 2(0x10000002) 句柄 0x000002a5 类型 TYPE_GEOMETRYDRAWING ⇒ 表内总数 677
[create] 通道 2(0x10000002) 句柄 0x000002a6 类型 TYPE_SOLIDCOLORBRUSH ⇒ 表内总数 678
[create] 通道 2(0x10000002) 句柄 0x0000000a 类型 TYPE_MATRIXTRANSFORM ⇒ 表内总数 678
[create] 通道 2(0x10000002) 句柄 0x0000000a 类型 TYPE_MATRIXTRANSFORM ⇒ 表内总数 678
[create] 通道 2(0x10000002) 句柄 0x000002a7 类型 TYPE_PATHGEOMETRY ⇒ 表内总数 679
[create] 通道 2(0x10000002) 句柄 0x0000000a 类型 TYPE_MATRIXTRANSFORM ⇒ 表内总数 679
[create] 通道 2(0x10000002) 句柄 0x000002a8 类型 TYPE_VISUAL ⇒ 表内总数 680
[create] 通道 2(0x10000002) 句柄 0x000002a9 类型 TYPE_RENDERDATA ⇒ 表内总数 681
[create] 通道 2(0x10000002) 句柄 0x0000001c 类型 TYPE_SOLIDCOLORBRUSH ⇒ 表内总数 681
[create] 通道 2(0x10000002) 句柄 0x000002aa 类型 TYPE_GLYPHRUN ⇒ 表内总数 682
[create] 通道 2(0x10000002) 句柄 0x0000001c 类型 TYPE_SOLIDCOLORBRUSH ⇒ 表内总数 682
[create] 通道 2(0x10000002) 句柄 0x000002ab 类型 TYPE_GLYPHRUN ⇒ 表内总数 683
[create] 通道 2(0x10000002) 句柄 0x0000001c 类型 TYPE_SOLIDCOLORBRUSH ⇒ 表内总数 683
[create] 通道 2(0x10000002) 句柄 0x000002ac 类型 TYPE_GLYPHRUN ⇒ 表内总数 684
[create] 通道 2(0x10000002) 句柄 0x000002ad 类型 TYPE_VISUAL ⇒ 表内总数 685
[create] 通道 2(0x10000002) 句柄 0x000002ae 类型 TYPE_VISUAL ⇒ 表内总数 686
[create] 通道 2(0x10000002) 句柄 0x000002af 类型 TYPE_VISUAL ⇒ 表内总数 687
[create] 通道 2(0x10000002) 句柄 0x000002b0 类型 TYPE_RENDERDATA ⇒ 表内总数 688
[create] 通道 2(0x10000002) 句柄 0x00000015 类型 TYPE_SOLIDCOLORBRUSH ⇒ 表内总数 688
[create] 通道 2(0x10000002) 句柄 0x000002b1 类型 TYPE_VISUAL ⇒ 表内总数 689
[create] 通道 2(0x10000002) 句柄 0x000002b2 类型 TYPE_VISUAL ⇒ 表内总数 690
[create] 通道 2(0x10000002) 句柄 0x000002b3 类型 TYPE_VISUAL ⇒ 表内总数 691
[create] 通道 2(0x10000002) 句柄 0x000002b4 类型 TYPE_RENDERDATA ⇒ 表内总数 692
[create] 通道 2(0x10000002) 句柄 0x000002b5 类型 TYPE_DRAWINGBRUSH ⇒ 表内总数 693
[create] 通道 2(0x10000002) 句柄 0x0000000a 类型 TYPE_MATRIXTRANSFORM ⇒ 表内总数 693
[create] 通道 2(0x10000002) 句柄 0x0000000a 类型 TYPE_MATRIXTRANSFORM ⇒ 表内总数 693
[create] 通道 2(0x10000002) 句柄 0x000002b6 类型 TYPE_DRAWINGGROUP ⇒ 表内总数 694
[create] 通道 2(0x10000002) 句柄 0x000002b7 类型 TYPE_GEOMETRYDRAWING ⇒ 表内总数 695
[create] 通道 2(0x10000002) 句柄 0x000002b8 类型 TYPE_SOLIDCOLORBRUSH ⇒ 表内总数 696
[create] 通道 2(0x10000002) 句柄 0x0000000a 类型 TYPE_MATRIXTRANSFORM ⇒ 表内总数 696
[create] 通道 2(0x10000002) 句柄 0x0000000a 类型 TYPE_MATRIXTRANSFORM ⇒ 表内总数 696
[create] 通道 2(0x10000002) 句柄 0x000002b9 类型 TYPE_PATHGEOMETRY ⇒ 表内总数 697
[create] 通道 2(0x10000002) 句柄 0x0000000a 类型 TYPE_MATRIXTRANSFORM ⇒ 表内总数 697
[create] 通道 2(0x10000002) 句柄 0x000002ba 类型 TYPE_GEOMETRYDRAWING ⇒ 表内总数 698
[create] 通道 2(0x10000002) 句柄 0x000002bb 类型 TYPE_SOLIDCOLORBRUSH ⇒ 表内总数 699
[create] 通道 2(0x10000002) 句柄 0x0000000a 类型 TYPE_MATRIXTRANSFORM ⇒ 表内总数 699
[create] 通道 2(0x10000002) 句柄 0x0000000a 类型 TYPE_MATRIXTRANSFORM ⇒ 表内总数 699
[create] 通道 2(0x10000002) 句柄 0x000002bc 类型 TYPE_PATHGEOMETRY ⇒ 表内总数 700
[create] 通道 2(0x10000002) 句柄 0x0000000a 类型 TYPE_MATRIXTRANSFORM ⇒ 表内总数 700
[create] 通道 2(0x10000002) 句柄 0x000002bd 类型 TYPE_GEOMETRYDRAWING ⇒ 表内总数 701
[create] 通道 2(0x10000002) 句柄 0x000002be 类型 TYPE_SOLIDCOLORBRUSH ⇒ 表内总数 702
[create] 通道 2(0x10000002) 句柄 0x0000000a 类型 TYPE_MATRIXTRANSFORM ⇒ 表内总数 702
[create] 通道 2(0x10000002) 句柄 0x0000000a 类型 TYPE_MATRIXTRANSFORM ⇒ 表内总数 702
[create] 通道 2(0x10000002) 句柄 0x000002bf 类型 TYPE_PATHGEOMETRY ⇒ 表内总数 703
[create] 通道 2(0x10000002) 句柄 0x0000000a 类型 TYPE_MATRIXTRANSFORM ⇒ 表内总数 703
[create] 通道 2(0x10000002) 句柄 0x000002c0 类型 TYPE_GEOMETRYDRAWING ⇒ 表内总数 704
[create] 通道 2(0x10000002) 句柄 0x000002c1 类型 TYPE_SOLIDCOLORBRUSH ⇒ 表内总数 705
[create] 通道 2(0x10000002) 句柄 0x0000000a 类型 TYPE_MATRIXTRANSFORM ⇒ 表内总数 705
[create] 通道 2(0x10000002) 句柄 0x0000000a 类型 TYPE_MATRIXTRANSFORM ⇒ 表内总数 705
[create] 通道 2(0x10000002) 句柄 0x000002c2 类型 TYPE_PATHGEOMETRY ⇒ 表内总数 706
[create] 通道 2(0x10000002) 句柄 0x0000000a 类型 TYPE_MATRIXTRANSFORM ⇒ 表内总数 706
[create] 通道 2(0x10000002) 句柄 0x000002c3 类型 TYPE_VISUAL ⇒ 表内总数 707
[create] 通道 2(0x10000002) 句柄 0x000002c4 类型 TYPE_RENDERDATA ⇒ 表内总数 708
[create] 通道 2(0x10000002) 句柄 0x0000001c 类型 TYPE_SOLIDCOLORBRUSH ⇒ 表内总数 708
[create] 通道 2(0x10000002) 句柄 0x000002c5 类型 TYPE_GLYPHRUN ⇒ 表内总数 709
[create] 通道 2(0x10000002) 句柄 0x0000001c 类型 TYPE_SOLIDCOLORBRUSH ⇒ 表内总数 709
[create] 通道 2(0x10000002) 句柄 0x000002c6 类型 TYPE_GLYPHRUN ⇒ 表内总数 710
[create] 通道 2(0x10000002) 句柄 0x0000001c 类型 TYPE_SOLIDCOLORBRUSH ⇒ 表内总数 710
[create] 通道 2(0x10000002) 句柄 0x000002c7 类型 TYPE_GLYPHRUN ⇒ 表内总数 711
[create] 通道 2(0x10000002) 句柄 0x000002c8 类型 TYPE_VISUAL ⇒ 表内总数 712
[create] 通道 2(0x10000002) 句柄 0x000002c9 类型 TYPE_VISUAL ⇒ 表内总数 713
[create] 通道 2(0x10000002) 句柄 0x000002ca 类型 TYPE_VISUAL ⇒ 表内总数 714
[create] 通道 2(0x10000002) 句柄 0x000002cb 类型 TYPE_RENDERDATA ⇒ 表内总数 715
[create] 通道 2(0x10000002) 句柄 0x00000015 类型 TYPE_SOLIDCOLORBRUSH ⇒ 表内总数 715
[create] 通道 2(0x10000002) 句柄 0x000002cc 类型 TYPE_VISUAL ⇒ 表内总数 716
[create] 通道 2(0x10000002) 句柄 0x000002cd 类型 TYPE_VISUAL ⇒ 表内总数 717
[create] 通道 2(0x10000002) 句柄 0x000002ce 类型 TYPE_VISUAL ⇒ 表内总数 718
[create] 通道 2(0x10000002) 句柄 0x000002cf 类型 TYPE_RENDERDATA ⇒ 表内总数 719
[create] 通道 2(0x10000002) 句柄 0x000002d0 类型 TYPE_DRAWINGBRUSH ⇒ 表内总数 720
[create] 通道 2(0x10000002) 句柄 0x0000000a 类型 TYPE_MATRIXTRANSFORM ⇒ 表内总数 720
[create] 通道 2(0x10000002) 句柄 0x0000000a 类型 TYPE_MATRIXTRANSFORM ⇒ 表内总数 720
[create] 通道 2(0x10000002) 句柄 0x000002d1 类型 TYPE_DRAWINGGROUP ⇒ 表内总数 721
[create] 通道 2(0x10000002) 句柄 0x000002d2 类型 TYPE_GEOMETRYDRAWING ⇒ 表内总数 722
[create] 通道 2(0x10000002) 句柄 0x000002d3 类型 TYPE_SOLIDCOLORBRUSH ⇒ 表内总数 723
[create] 通道 2(0x10000002) 句柄 0x0000000a 类型 TYPE_MATRIXTRANSFORM ⇒ 表内总数 723
[create] 通道 2(0x10000002) 句柄 0x0000000a 类型 TYPE_MATRIXTRANSFORM ⇒ 表内总数 723
[create] 通道 2(0x10000002) 句柄 0x000002d4 类型 TYPE_PATHGEOMETRY ⇒ 表内总数 724
[create] 通道 2(0x10000002) 句柄 0x0000000a 类型 TYPE_MATRIXTRANSFORM ⇒ 表内总数 724
[create] 通道 2(0x10000002) 句柄 0x000002d5 类型 TYPE_GEOMETRYDRAWING ⇒ 表内总数 725
[create] 通道 2(0x10000002) 句柄 0x000002d6 类型 TYPE_SOLIDCOLORBRUSH ⇒ 表内总数 726
[create] 通道 2(0x10000002) 句柄 0x0000000a 类型 TYPE_MATRIXTRANSFORM ⇒ 表内总数 726
[create] 通道 2(0x10000002) 句柄 0x0000000a 类型 TYPE_MATRIXTRANSFORM ⇒ 表内总数 726
[create] 通道 2(0x10000002) 句柄 0x000002d7 类型 TYPE_PATHGEOMETRY ⇒ 表内总数 727
[create] 通道 2(0x10000002) 句柄 0x0000000a 类型 TYPE_MATRIXTRANSFORM ⇒ 表内总数 727
[create] 通道 2(0x10000002) 句柄 0x000002d8 类型 TYPE_GEOMETRYDRAWING ⇒ 表内总数 728
[create] 通道 2(0x10000002) 句柄 0x000002d9 类型 TYPE_SOLIDCOLORBRUSH ⇒ 表内总数 729
[create] 通道 2(0x10000002) 句柄 0x0000000a 类型 TYPE_MATRIXTRANSFORM ⇒ 表内总数 729
[create] 通道 2(0x10000002) 句柄 0x0000000a 类型 TYPE_MATRIXTRANSFORM ⇒ 表内总数 729
[create] 通道 2(0x10000002) 句柄 0x000002da 类型 TYPE_PATHGEOMETRY ⇒ 表内总数 730
[create] 通道 2(0x10000002) 句柄 0x0000000a 类型 TYPE_MATRIXTRANSFORM ⇒ 表内总数 730
[create] 通道 2(0x10000002) 句柄 0x000002db 类型 TYPE_GEOMETRYDRAWING ⇒ 表内总数 731
[create] 通道 2(0x10000002) 句柄 0x000002dc 类型 TYPE_SOLIDCOLORBRUSH ⇒ 表内总数 732
[create] 通道 2(0x10000002) 句柄 0x0000000a 类型 TYPE_MATRIXTRANSFORM ⇒ 表内总数 732
[create] 通道 2(0x10000002) 句柄 0x0000000a 类型 TYPE_MATRIXTRANSFORM ⇒ 表内总数 732
[create] 通道 2(0x10000002) 句柄 0x000002dd 类型 TYPE_PATHGEOMETRY ⇒ 表内总数 733
[create] 通道 2(0x10000002) 句柄 0x0000000a 类型 TYPE_MATRIXTRANSFORM ⇒ 表内总数 733
[create] 通道 2(0x10000002) 句柄 0x000002de 类型 TYPE_GEOMETRYDRAWING ⇒ 表内总数 734
[create] 通道 2(0x10000002) 句柄 0x000002df 类型 TYPE_SOLIDCOLORBRUSH ⇒ 表内总数 735
[create] 通道 2(0x10000002) 句柄 0x0000000a 类型 TYPE_MATRIXTRANSFORM ⇒ 表内总数 735
[create] 通道 2(0x10000002) 句柄 0x0000000a 类型 TYPE_MATRIXTRANSFORM ⇒ 表内总数 735
[create] 通道 2(0x10000002) 句柄 0x000002e0 类型 TYPE_PATHGEOMETRY ⇒ 表内总数 736
[create] 通道 2(0x10000002) 句柄 0x0000000a 类型 TYPE_MATRIXTRANSFORM ⇒ 表内总数 736
[create] 通道 2(0x10000002) 句柄 0x000002e1 类型 TYPE_GEOMETRYDRAWING ⇒ 表内总数 737
[create] 通道 2(0x10000002) 句柄 0x000002e2 类型 TYPE_SOLIDCOLORBRUSH ⇒ 表内总数 738
[create] 通道 2(0x10000002) 句柄 0x0000000a 类型 TYPE_MATRIXTRANSFORM ⇒ 表内总数 738
[create] 通道 2(0x10000002) 句柄 0x0000000a 类型 TYPE_MATRIXTRANSFORM ⇒ 表内总数 738
[create] 通道 2(0x10000002) 句柄 0x000002e3 类型 TYPE_PATHGEOMETRY ⇒ 表内总数 739
[create] 通道 2(0x10000002) 句柄 0x0000000a 类型 TYPE_MATRIXTRANSFORM ⇒ 表内总数 739
[create] 通道 2(0x10000002) 句柄 0x000002e4 类型 TYPE_VISUAL ⇒ 表内总数 740
[create] 通道 2(0x10000002) 句柄 0x000002e5 类型 TYPE_RENDERDATA ⇒ 表内总数 741
[create] 通道 2(0x10000002) 句柄 0x0000001c 类型 TYPE_SOLIDCOLORBRUSH ⇒ 表内总数 741
[create] 通道 2(0x10000002) 句柄 0x000002e6 类型 TYPE_GLYPHRUN ⇒ 表内总数 742
[create] 通道 2(0x10000002) 句柄 0x0000001c 类型 TYPE_SOLIDCOLORBRUSH ⇒ 表内总数 742
[create] 通道 2(0x10000002) 句柄 0x000002e7 类型 TYPE_GLYPHRUN ⇒ 表内总数 743
[create] 通道 2(0x10000002) 句柄 0x0000001c 类型 TYPE_SOLIDCOLORBRUSH ⇒ 表内总数 743
[create] 通道 2(0x10000002) 句柄 0x000002e8 类型 TYPE_GLYPHRUN ⇒ 表内总数 744
[create] 通道 2(0x10000002) 句柄 0x000002e9 类型 TYPE_VISUAL ⇒ 表内总数 745
[create] 通道 2(0x10000002) 句柄 0x000002ea 类型 TYPE_VISUAL ⇒ 表内总数 746
[create] 通道 2(0x10000002) 句柄 0x000002eb 类型 TYPE_VISUAL ⇒ 表内总数 747
[create] 通道 2(0x10000002) 句柄 0x000002ec 类型 TYPE_RENDERDATA ⇒ 表内总数 748
[create] 通道 2(0x10000002) 句柄 0x00000015 类型 TYPE_SOLIDCOLORBRUSH ⇒ 表内总数 748
[create] 通道 2(0x10000002) 句柄 0x000002ed 类型 TYPE_VISUAL ⇒ 表内总数 749
[create] 通道 2(0x10000002) 句柄 0x000002ee 类型 TYPE_VISUAL ⇒ 表内总数 750
[create] 通道 2(0x10000002) 句柄 0x000002ef 类型 TYPE_VISUAL ⇒ 表内总数 751
[create] 通道 2(0x10000002) 句柄 0x000002f0 类型 TYPE_RENDERDATA ⇒ 表内总数 752
[create] 通道 2(0x10000002) 句柄 0x000002f1 类型 TYPE_DRAWINGBRUSH ⇒ 表内总数 753
[create] 通道 2(0x10000002) 句柄 0x0000000a 类型 TYPE_MATRIXTRANSFORM ⇒ 表内总数 753
[create] 通道 2(0x10000002) 句柄 0x0000000a 类型 TYPE_MATRIXTRANSFORM ⇒ 表内总数 753
[create] 通道 2(0x10000002) 句柄 0x000002f2 类型 TYPE_DRAWINGGROUP ⇒ 表内总数 754
[create] 通道 2(0x10000002) 句柄 0x000002f3 类型 TYPE_GEOMETRYDRAWING ⇒ 表内总数 755
[create] 通道 2(0x10000002) 句柄 0x000002f4 类型 TYPE_SOLIDCOLORBRUSH ⇒ 表内总数 756
[create] 通道 2(0x10000002) 句柄 0x0000000a 类型 TYPE_MATRIXTRANSFORM ⇒ 表内总数 756
[create] 通道 2(0x10000002) 句柄 0x0000000a 类型 TYPE_MATRIXTRANSFORM ⇒ 表内总数 756
[create] 通道 2(0x10000002) 句柄 0x000002f5 类型 TYPE_PATHGEOMETRY ⇒ 表内总数 757
[create] 通道 2(0x10000002) 句柄 0x0000000a 类型 TYPE_MATRIXTRANSFORM ⇒ 表内总数 757
[create] 通道 2(0x10000002) 句柄 0x000002f6 类型 TYPE_GEOMETRYDRAWING ⇒ 表内总数 758
[create] 通道 2(0x10000002) 句柄 0x000002f7 类型 TYPE_SOLIDCOLORBRUSH ⇒ 表内总数 759
[create] 通道 2(0x10000002) 句柄 0x0000000a 类型 TYPE_MATRIXTRANSFORM ⇒ 表内总数 759
[create] 通道 2(0x10000002) 句柄 0x0000000a 类型 TYPE_MATRIXTRANSFORM ⇒ 表内总数 759
[create] 通道 2(0x10000002) 句柄 0x000002f8 类型 TYPE_PATHGEOMETRY ⇒ 表内总数 760
[create] 通道 2(0x10000002) 句柄 0x0000000a 类型 TYPE_MATRIXTRANSFORM ⇒ 表内总数 760
[create] 通道 2(0x10000002) 句柄 0x000002f9 类型 TYPE_GEOMETRYDRAWING ⇒ 表内总数 761
[create] 通道 2(0x10000002) 句柄 0x000002fa 类型 TYPE_SOLIDCOLORBRUSH ⇒ 表内总数 762
[create] 通道 2(0x10000002) 句柄 0x0000000a 类型 TYPE_MATRIXTRANSFORM ⇒ 表内总数 762
[create] 通道 2(0x10000002) 句柄 0x0000000a 类型 TYPE_MATRIXTRANSFORM ⇒ 表内总数 762
[create] 通道 2(0x10000002) 句柄 0x000002fb 类型 TYPE_PATHGEOMETRY ⇒ 表内总数 763
[create] 通道 2(0x10000002) 句柄 0x0000000a 类型 TYPE_MATRIXTRANSFORM ⇒ 表内总数 763
[create] 通道 2(0x10000002) 句柄 0x000002fc 类型 TYPE_GEOMETRYDRAWING ⇒ 表内总数 764
[create] 通道 2(0x10000002) 句柄 0x000002fd 类型 TYPE_SOLIDCOLORBRUSH ⇒ 表内总数 765
[create] 通道 2(0x10000002) 句柄 0x0000000a 类型 TYPE_MATRIXTRANSFORM ⇒ 表内总数 765
[create] 通道 2(0x10000002) 句柄 0x0000000a 类型 TYPE_MATRIXTRANSFORM ⇒ 表内总数 765
[create] 通道 2(0x10000002) 句柄 0x000002fe 类型 TYPE_PATHGEOMETRY ⇒ 表内总数 766
[create] 通道 2(0x10000002) 句柄 0x0000000a 类型 TYPE_MATRIXTRANSFORM ⇒ 表内总数 766
[create] 通道 2(0x10000002) 句柄 0x000002ff 类型 TYPE_VISUAL ⇒ 表内总数 767
[create] 通道 2(0x10000002) 句柄 0x00000300 类型 TYPE_RENDERDATA ⇒ 表内总数 768
[create] 通道 2(0x10000002) 句柄 0x0000001c 类型 TYPE_SOLIDCOLORBRUSH ⇒ 表内总数 768
[create] 通道 2(0x10000002) 句柄 0x00000301 类型 TYPE_GLYPHRUN ⇒ 表内总数 769
[create] 通道 2(0x10000002) 句柄 0x0000001c 类型 TYPE_SOLIDCOLORBRUSH ⇒ 表内总数 769
[create] 通道 2(0x10000002) 句柄 0x00000302 类型 TYPE_GLYPHRUN ⇒ 表内总数 770
[create] 通道 2(0x10000002) 句柄 0x0000001c 类型 TYPE_SOLIDCOLORBRUSH ⇒ 表内总数 770
[create] 通道 2(0x10000002) 句柄 0x00000303 类型 TYPE_GLYPHRUN ⇒ 表内总数 771
[create] 通道 2(0x10000002) 句柄 0x00000304 类型 TYPE_VISUAL ⇒ 表内总数 772
[create] 通道 2(0x10000002) 句柄 0x00000305 类型 TYPE_VISUAL ⇒ 表内总数 773
[create] 通道 2(0x10000002) 句柄 0x00000306 类型 TYPE_VISUAL ⇒ 表内总数 774
[create] 通道 2(0x10000002) 句柄 0x00000307 类型 TYPE_RENDERDATA ⇒ 表内总数 775
[create] 通道 2(0x10000002) 句柄 0x00000015 类型 TYPE_SOLIDCOLORBRUSH ⇒ 表内总数 775
[create] 通道 2(0x10000002) 句柄 0x00000308 类型 TYPE_VISUAL ⇒ 表内总数 776
[create] 通道 2(0x10000002) 句柄 0x00000309 类型 TYPE_VISUAL ⇒ 表内总数 777
[create] 通道 2(0x10000002) 句柄 0x0000030a 类型 TYPE_VISUAL ⇒ 表内总数 778
[create] 通道 2(0x10000002) 句柄 0x0000030b 类型 TYPE_RENDERDATA ⇒ 表内总数 779
[create] 通道 2(0x10000002) 句柄 0x0000030c 类型 TYPE_DRAWINGBRUSH ⇒ 表内总数 780
[create] 通道 2(0x10000002) 句柄 0x0000000a 类型 TYPE_MATRIXTRANSFORM ⇒ 表内总数 780
[create] 通道 2(0x10000002) 句柄 0x0000000a 类型 TYPE_MATRIXTRANSFORM ⇒ 表内总数 780
[create] 通道 2(0x10000002) 句柄 0x0000030d 类型 TYPE_DRAWINGGROUP ⇒ 表内总数 781
[create] 通道 2(0x10000002) 句柄 0x0000030e 类型 TYPE_GEOMETRYDRAWING ⇒ 表内总数 782
[create] 通道 2(0x10000002) 句柄 0x0000030f 类型 TYPE_SOLIDCOLORBRUSH ⇒ 表内总数 783
[create] 通道 2(0x10000002) 句柄 0x0000000a 类型 TYPE_MATRIXTRANSFORM ⇒ 表内总数 783
[create] 通道 2(0x10000002) 句柄 0x0000000a 类型 TYPE_MATRIXTRANSFORM ⇒ 表内总数 783
[create] 通道 2(0x10000002) 句柄 0x00000310 类型 TYPE_PATHGEOMETRY ⇒ 表内总数 784
[create] 通道 2(0x10000002) 句柄 0x0000000a 类型 TYPE_MATRIXTRANSFORM ⇒ 表内总数 784
[create] 通道 2(0x10000002) 句柄 0x00000311 类型 TYPE_GEOMETRYDRAWING ⇒ 表内总数 785
[create] 通道 2(0x10000002) 句柄 0x00000312 类型 TYPE_SOLIDCOLORBRUSH ⇒ 表内总数 786
[create] 通道 2(0x10000002) 句柄 0x0000000a 类型 TYPE_MATRIXTRANSFORM ⇒ 表内总数 786
[create] 通道 2(0x10000002) 句柄 0x0000000a 类型 TYPE_MATRIXTRANSFORM ⇒ 表内总数 786
[create] 通道 2(0x10000002) 句柄 0x00000313 类型 TYPE_PATHGEOMETRY ⇒ 表内总数 787
[create] 通道 2(0x10000002) 句柄 0x0000000a 类型 TYPE_MATRIXTRANSFORM ⇒ 表内总数 787
[create] 通道 2(0x10000002) 句柄 0x00000314 类型 TYPE_GEOMETRYDRAWING ⇒ 表内总数 788
[create] 通道 2(0x10000002) 句柄 0x00000315 类型 TYPE_SOLIDCOLORBRUSH ⇒ 表内总数 789
[create] 通道 2(0x10000002) 句柄 0x0000000a 类型 TYPE_MATRIXTRANSFORM ⇒ 表内总数 789
[create] 通道 2(0x10000002) 句柄 0x0000000a 类型 TYPE_MATRIXTRANSFORM ⇒ 表内总数 789
[create] 通道 2(0x10000002) 句柄 0x00000316 类型 TYPE_PATHGEOMETRY ⇒ 表内总数 790
[create] 通道 2(0x10000002) 句柄 0x0000000a 类型 TYPE_MATRIXTRANSFORM ⇒ 表内总数 790
[create] 通道 2(0x10000002) 句柄 0x00000317 类型 TYPE_GEOMETRYDRAWING ⇒ 表内总数 791
[create] 通道 2(0x10000002) 句柄 0x00000318 类型 TYPE_SOLIDCOLORBRUSH ⇒ 表内总数 792
[create] 通道 2(0x10000002) 句柄 0x0000000a 类型 TYPE_MATRIXTRANSFORM ⇒ 表内总数 792
[create] 通道 2(0x10000002) 句柄 0x0000000a 类型 TYPE_MATRIXTRANSFORM ⇒ 表内总数 792
[create] 通道 2(0x10000002) 句柄 0x00000319 类型 TYPE_PATHGEOMETRY ⇒ 表内总数 793
[create] 通道 2(0x10000002) 句柄 0x0000000a 类型 TYPE_MATRIXTRANSFORM ⇒ 表内总数 793
[create] 通道 2(0x10000002) 句柄 0x0000031a 类型 TYPE_GEOMETRYDRAWING ⇒ 表内总数 794
[create] 通道 2(0x10000002) 句柄 0x0000031b 类型 TYPE_SOLIDCOLORBRUSH ⇒ 表内总数 795
[create] 通道 2(0x10000002) 句柄 0x0000000a 类型 TYPE_MATRIXTRANSFORM ⇒ 表内总数 795
[create] 通道 2(0x10000002) 句柄 0x0000000a 类型 TYPE_MATRIXTRANSFORM ⇒ 表内总数 795
[create] 通道 2(0x10000002) 句柄 0x0000031c 类型 TYPE_PATHGEOMETRY ⇒ 表内总数 796
[create] 通道 2(0x10000002) 句柄 0x0000000a 类型 TYPE_MATRIXTRANSFORM ⇒ 表内总数 796
[create] 通道 2(0x10000002) 句柄 0x0000031d 类型 TYPE_GEOMETRYDRAWING ⇒ 表内总数 797
[create] 通道 2(0x10000002) 句柄 0x0000031e 类型 TYPE_SOLIDCOLORBRUSH ⇒ 表内总数 798
[create] 通道 2(0x10000002) 句柄 0x0000000a 类型 TYPE_MATRIXTRANSFORM ⇒ 表内总数 798
[create] 通道 2(0x10000002) 句柄 0x0000000a 类型 TYPE_MATRIXTRANSFORM ⇒ 表内总数 798
[create] 通道 2(0x10000002) 句柄 0x0000031f 类型 TYPE_PATHGEOMETRY ⇒ 表内总数 799
[create] 通道 2(0x10000002) 句柄 0x0000000a 类型 TYPE_MATRIXTRANSFORM ⇒ 表内总数 799
[create] 通道 2(0x10000002) 句柄 0x00000320 类型 TYPE_GEOMETRYDRAWING ⇒ 表内总数 800
[create] 通道 2(0x10000002) 句柄 0x00000321 类型 TYPE_SOLIDCOLORBRUSH ⇒ 表内总数 801
[create] 通道 2(0x10000002) 句柄 0x0000000a 类型 TYPE_MATRIXTRANSFORM ⇒ 表内总数 801
[create] 通道 2(0x10000002) 句柄 0x0000000a 类型 TYPE_MATRIXTRANSFORM ⇒ 表内总数 801
[create] 通道 2(0x10000002) 句柄 0x00000322 类型 TYPE_PATHGEOMETRY ⇒ 表内总数 802
[create] 通道 2(0x10000002) 句柄 0x0000000a 类型 TYPE_MATRIXTRANSFORM ⇒ 表内总数 802
[create] 通道 2(0x10000002) 句柄 0x00000323 类型 TYPE_GEOMETRYDRAWING ⇒ 表内总数 803
[create] 通道 2(0x10000002) 句柄 0x00000324 类型 TYPE_SOLIDCOLORBRUSH ⇒ 表内总数 804
[create] 通道 2(0x10000002) 句柄 0x0000000a 类型 TYPE_MATRIXTRANSFORM ⇒ 表内总数 804
[create] 通道 2(0x10000002) 句柄 0x0000000a 类型 TYPE_MATRIXTRANSFORM ⇒ 表内总数 804
[create] 通道 2(0x10000002) 句柄 0x00000325 类型 TYPE_PATHGEOMETRY ⇒ 表内总数 805
[create] 通道 2(0x10000002) 句柄 0x0000000a 类型 TYPE_MATRIXTRANSFORM ⇒ 表内总数 805
[create] 通道 2(0x10000002) 句柄 0x00000326 类型 TYPE_VISUAL ⇒ 表内总数 806
[create] 通道 2(0x10000002) 句柄 0x00000327 类型 TYPE_RENDERDATA ⇒ 表内总数 807
[create] 通道 2(0x10000002) 句柄 0x0000001c 类型 TYPE_SOLIDCOLORBRUSH ⇒ 表内总数 807
[create] 通道 2(0x10000002) 句柄 0x00000328 类型 TYPE_GLYPHRUN ⇒ 表内总数 808
[create] 通道 2(0x10000002) 句柄 0x0000001c 类型 TYPE_SOLIDCOLORBRUSH ⇒ 表内总数 808
[create] 通道 2(0x10000002) 句柄 0x00000329 类型 TYPE_GLYPHRUN ⇒ 表内总数 809
[create] 通道 2(0x10000002) 句柄 0x0000001c 类型 TYPE_SOLIDCOLORBRUSH ⇒ 表内总数 809
[create] 通道 2(0x10000002) 句柄 0x0000032a 类型 TYPE_GLYPHRUN ⇒ 表内总数 810
[create] 通道 2(0x10000002) 句柄 0x0000032b 类型 TYPE_VISUAL ⇒ 表内总数 811
[create] 通道 2(0x10000002) 句柄 0x0000032c 类型 TYPE_VISUAL ⇒ 表内总数 812
[create] 通道 2(0x10000002) 句柄 0x0000032d 类型 TYPE_VISUAL ⇒ 表内总数 813
[create] 通道 2(0x10000002) 句柄 0x0000032e 类型 TYPE_RENDERDATA ⇒ 表内总数 814
[create] 通道 2(0x10000002) 句柄 0x00000015 类型 TYPE_SOLIDCOLORBRUSH ⇒ 表内总数 814
[create] 通道 2(0x10000002) 句柄 0x0000032f 类型 TYPE_VISUAL ⇒ 表内总数 815
[create] 通道 2(0x10000002) 句柄 0x00000330 类型 TYPE_VISUAL ⇒ 表内总数 816
[create] 通道 2(0x10000002) 句柄 0x00000331 类型 TYPE_VISUAL ⇒ 表内总数 817
[create] 通道 2(0x10000002) 句柄 0x00000332 类型 TYPE_RENDERDATA ⇒ 表内总数 818
[create] 通道 2(0x10000002) 句柄 0x00000333 类型 TYPE_DRAWINGBRUSH ⇒ 表内总数 819
[create] 通道 2(0x10000002) 句柄 0x0000000a 类型 TYPE_MATRIXTRANSFORM ⇒ 表内总数 819
[create] 通道 2(0x10000002) 句柄 0x0000000a 类型 TYPE_MATRIXTRANSFORM ⇒ 表内总数 819
[create] 通道 2(0x10000002) 句柄 0x00000334 类型 TYPE_DRAWINGGROUP ⇒ 表内总数 820
[create] 通道 2(0x10000002) 句柄 0x00000335 类型 TYPE_GEOMETRYDRAWING ⇒ 表内总数 821
[create] 通道 2(0x10000002) 句柄 0x00000336 类型 TYPE_SOLIDCOLORBRUSH ⇒ 表内总数 822
[create] 通道 2(0x10000002) 句柄 0x0000000a 类型 TYPE_MATRIXTRANSFORM ⇒ 表内总数 822
[create] 通道 2(0x10000002) 句柄 0x0000000a 类型 TYPE_MATRIXTRANSFORM ⇒ 表内总数 822
[create] 通道 2(0x10000002) 句柄 0x00000337 类型 TYPE_PATHGEOMETRY ⇒ 表内总数 823
[create] 通道 2(0x10000002) 句柄 0x0000000a 类型 TYPE_MATRIXTRANSFORM ⇒ 表内总数 823
[create] 通道 2(0x10000002) 句柄 0x00000338 类型 TYPE_GEOMETRYDRAWING ⇒ 表内总数 824
[create] 通道 2(0x10000002) 句柄 0x00000339 类型 TYPE_SOLIDCOLORBRUSH ⇒ 表内总数 825
[create] 通道 2(0x10000002) 句柄 0x0000000a 类型 TYPE_MATRIXTRANSFORM ⇒ 表内总数 825
[create] 通道 2(0x10000002) 句柄 0x0000000a 类型 TYPE_MATRIXTRANSFORM ⇒ 表内总数 825
[create] 通道 2(0x10000002) 句柄 0x0000033a 类型 TYPE_PATHGEOMETRY ⇒ 表内总数 826
[create] 通道 2(0x10000002) 句柄 0x0000000a 类型 TYPE_MATRIXTRANSFORM ⇒ 表内总数 826
[create] 通道 2(0x10000002) 句柄 0x0000033b 类型 TYPE_GEOMETRYDRAWING ⇒ 表内总数 827
[create] 通道 2(0x10000002) 句柄 0x0000033c 类型 TYPE_SOLIDCOLORBRUSH ⇒ 表内总数 828
[create] 通道 2(0x10000002) 句柄 0x0000000a 类型 TYPE_MATRIXTRANSFORM ⇒ 表内总数 828
[create] 通道 2(0x10000002) 句柄 0x0000000a 类型 TYPE_MATRIXTRANSFORM ⇒ 表内总数 828
[create] 通道 2(0x10000002) 句柄 0x0000033d 类型 TYPE_PATHGEOMETRY ⇒ 表内总数 829
[create] 通道 2(0x10000002) 句柄 0x0000000a 类型 TYPE_MATRIXTRANSFORM ⇒ 表内总数 829
[create] 通道 2(0x10000002) 句柄 0x0000033e 类型 TYPE_GEOMETRYDRAWING ⇒ 表内总数 830
[create] 通道 2(0x10000002) 句柄 0x0000033f 类型 TYPE_SOLIDCOLORBRUSH ⇒ 表内总数 831
[create] 通道 2(0x10000002) 句柄 0x0000000a 类型 TYPE_MATRIXTRANSFORM ⇒ 表内总数 831
[create] 通道 2(0x10000002) 句柄 0x0000000a 类型 TYPE_MATRIXTRANSFORM ⇒ 表内总数 831
[create] 通道 2(0x10000002) 句柄 0x00000340 类型 TYPE_PATHGEOMETRY ⇒ 表内总数 832
[create] 通道 2(0x10000002) 句柄 0x0000000a 类型 TYPE_MATRIXTRANSFORM ⇒ 表内总数 832
[create] 通道 2(0x10000002) 句柄 0x00000341 类型 TYPE_GEOMETRYDRAWING ⇒ 表内总数 833
[create] 通道 2(0x10000002) 句柄 0x00000342 类型 TYPE_SOLIDCOLORBRUSH ⇒ 表内总数 834
[create] 通道 2(0x10000002) 句柄 0x0000000a 类型 TYPE_MATRIXTRANSFORM ⇒ 表内总数 834
[create] 通道 2(0x10000002) 句柄 0x0000000a 类型 TYPE_MATRIXTRANSFORM ⇒ 表内总数 834
[create] 通道 2(0x10000002) 句柄 0x00000343 类型 TYPE_PATHGEOMETRY ⇒ 表内总数 835
[create] 通道 2(0x10000002) 句柄 0x0000000a 类型 TYPE_MATRIXTRANSFORM ⇒ 表内总数 835
[create] 通道 2(0x10000002) 句柄 0x00000344 类型 TYPE_VISUAL ⇒ 表内总数 836
[create] 通道 2(0x10000002) 句柄 0x00000345 类型 TYPE_RENDERDATA ⇒ 表内总数 837
[create] 通道 2(0x10000002) 句柄 0x0000001c 类型 TYPE_SOLIDCOLORBRUSH ⇒ 表内总数 837
[create] 通道 2(0x10000002) 句柄 0x00000346 类型 TYPE_GLYPHRUN ⇒ 表内总数 838
[create] 通道 2(0x10000002) 句柄 0x0000001c 类型 TYPE_SOLIDCOLORBRUSH ⇒ 表内总数 838
[create] 通道 2(0x10000002) 句柄 0x00000347 类型 TYPE_GLYPHRUN ⇒ 表内总数 839
[create] 通道 2(0x10000002) 句柄 0x0000001c 类型 TYPE_SOLIDCOLORBRUSH ⇒ 表内总数 839
[create] 通道 2(0x10000002) 句柄 0x00000348 类型 TYPE_GLYPHRUN ⇒ 表内总数 840
[create] 通道 2(0x10000002) 句柄 0x00000349 类型 TYPE_VISUAL ⇒ 表内总数 841
[create] 通道 2(0x10000002) 句柄 0x0000034a 类型 TYPE_VISUAL ⇒ 表内总数 842
[create] 通道 2(0x10000002) 句柄 0x0000034b 类型 TYPE_VISUAL ⇒ 表内总数 843
[create] 通道 2(0x10000002) 句柄 0x0000034c 类型 TYPE_RENDERDATA ⇒ 表内总数 844
[create] 通道 2(0x10000002) 句柄 0x00000015 类型 TYPE_SOLIDCOLORBRUSH ⇒ 表内总数 844
[create] 通道 2(0x10000002) 句柄 0x0000034d 类型 TYPE_VISUAL ⇒ 表内总数 845
[create] 通道 2(0x10000002) 句柄 0x0000034e 类型 TYPE_VISUAL ⇒ 表内总数 846
[create] 通道 2(0x10000002) 句柄 0x0000034f 类型 TYPE_VISUAL ⇒ 表内总数 847
[create] 通道 2(0x10000002) 句柄 0x00000350 类型 TYPE_RENDERDATA ⇒ 表内总数 848
[create] 通道 2(0x10000002) 句柄 0x00000351 类型 TYPE_DRAWINGBRUSH ⇒ 表内总数 849
[create] 通道 2(0x10000002) 句柄 0x0000000a 类型 TYPE_MATRIXTRANSFORM ⇒ 表内总数 849
[create] 通道 2(0x10000002) 句柄 0x0000000a 类型 TYPE_MATRIXTRANSFORM ⇒ 表内总数 849
[create] 通道 2(0x10000002) 句柄 0x00000352 类型 TYPE_DRAWINGGROUP ⇒ 表内总数 850
[create] 通道 2(0x10000002) 句柄 0x00000353 类型 TYPE_GEOMETRYDRAWING ⇒ 表内总数 851
[create] 通道 2(0x10000002) 句柄 0x00000354 类型 TYPE_SOLIDCOLORBRUSH ⇒ 表内总数 852
[create] 通道 2(0x10000002) 句柄 0x0000000a 类型 TYPE_MATRIXTRANSFORM ⇒ 表内总数 852
[create] 通道 2(0x10000002) 句柄 0x0000000a 类型 TYPE_MATRIXTRANSFORM ⇒ 表内总数 852
[create] 通道 2(0x10000002) 句柄 0x00000355 类型 TYPE_PATHGEOMETRY ⇒ 表内总数 853
[create] 通道 2(0x10000002) 句柄 0x0000000a 类型 TYPE_MATRIXTRANSFORM ⇒ 表内总数 853
[create] 通道 2(0x10000002) 句柄 0x00000356 类型 TYPE_GEOMETRYDRAWING ⇒ 表内总数 854
[create] 通道 2(0x10000002) 句柄 0x00000357 类型 TYPE_SOLIDCOLORBRUSH ⇒ 表内总数 855
[create] 通道 2(0x10000002) 句柄 0x0000000a 类型 TYPE_MATRIXTRANSFORM ⇒ 表内总数 855
[create] 通道 2(0x10000002) 句柄 0x0000000a 类型 TYPE_MATRIXTRANSFORM ⇒ 表内总数 855
[create] 通道 2(0x10000002) 句柄 0x00000358 类型 TYPE_PATHGEOMETRY ⇒ 表内总数 856
[create] 通道 2(0x10000002) 句柄 0x0000000a 类型 TYPE_MATRIXTRANSFORM ⇒ 表内总数 856
[create] 通道 2(0x10000002) 句柄 0x00000359 类型 TYPE_GEOMETRYDRAWING ⇒ 表内总数 857
[create] 通道 2(0x10000002) 句柄 0x0000035a 类型 TYPE_SOLIDCOLORBRUSH ⇒ 表内总数 858
[create] 通道 2(0x10000002) 句柄 0x0000000a 类型 TYPE_MATRIXTRANSFORM ⇒ 表内总数 858
[create] 通道 2(0x10000002) 句柄 0x0000000a 类型 TYPE_MATRIXTRANSFORM ⇒ 表内总数 858
[create] 通道 2(0x10000002) 句柄 0x0000035b 类型 TYPE_PATHGEOMETRY ⇒ 表内总数 859
[create] 通道 2(0x10000002) 句柄 0x0000000a 类型 TYPE_MATRIXTRANSFORM ⇒ 表内总数 859
[create] 通道 2(0x10000002) 句柄 0x0000035c 类型 TYPE_GEOMETRYDRAWING ⇒ 表内总数 860
[create] 通道 2(0x10000002) 句柄 0x0000035d 类型 TYPE_SOLIDCOLORBRUSH ⇒ 表内总数 861
[create] 通道 2(0x10000002) 句柄 0x0000000a 类型 TYPE_MATRIXTRANSFORM ⇒ 表内总数 861
[create] 通道 2(0x10000002) 句柄 0x0000000a 类型 TYPE_MATRIXTRANSFORM ⇒ 表内总数 861
[create] 通道 2(0x10000002) 句柄 0x0000035e 类型 TYPE_PATHGEOMETRY ⇒ 表内总数 862
[create] 通道 2(0x10000002) 句柄 0x0000000a 类型 TYPE_MATRIXTRANSFORM ⇒ 表内总数 862
[create] 通道 2(0x10000002) 句柄 0x0000035f 类型 TYPE_GEOMETRYDRAWING ⇒ 表内总数 863
[create] 通道 2(0x10000002) 句柄 0x00000360 类型 TYPE_SOLIDCOLORBRUSH ⇒ 表内总数 864
[create] 通道 2(0x10000002) 句柄 0x0000000a 类型 TYPE_MATRIXTRANSFORM ⇒ 表内总数 864
[create] 通道 2(0x10000002) 句柄 0x0000000a 类型 TYPE_MATRIXTRANSFORM ⇒ 表内总数 864
[create] 通道 2(0x10000002) 句柄 0x00000361 类型 TYPE_PATHGEOMETRY ⇒ 表内总数 865
[create] 通道 2(0x10000002) 句柄 0x0000000a 类型 TYPE_MATRIXTRANSFORM ⇒ 表内总数 865
[create] 通道 2(0x10000002) 句柄 0x00000362 类型 TYPE_VISUAL ⇒ 表内总数 866
[create] 通道 2(0x10000002) 句柄 0x00000363 类型 TYPE_RENDERDATA ⇒ 表内总数 867
[create] 通道 2(0x10000002) 句柄 0x0000001c 类型 TYPE_SOLIDCOLORBRUSH ⇒ 表内总数 867
[create] 通道 2(0x10000002) 句柄 0x00000364 类型 TYPE_GLYPHRUN ⇒ 表内总数 868
[create] 通道 2(0x10000002) 句柄 0x0000001c 类型 TYPE_SOLIDCOLORBRUSH ⇒ 表内总数 868
[create] 通道 2(0x10000002) 句柄 0x00000365 类型 TYPE_GLYPHRUN ⇒ 表内总数 869
[create] 通道 2(0x10000002) 句柄 0x0000001c 类型 TYPE_SOLIDCOLORBRUSH ⇒ 表内总数 869
[create] 通道 2(0x10000002) 句柄 0x00000366 类型 TYPE_GLYPHRUN ⇒ 表内总数 870
[create] 通道 2(0x10000002) 句柄 0x00000367 类型 TYPE_VISUAL ⇒ 表内总数 871
[create] 通道 2(0x10000002) 句柄 0x00000368 类型 TYPE_VISUAL ⇒ 表内总数 872
[create] 通道 2(0x10000002) 句柄 0x00000369 类型 TYPE_VISUAL ⇒ 表内总数 873
[create] 通道 2(0x10000002) 句柄 0x0000036a 类型 TYPE_RENDERDATA ⇒ 表内总数 874
[create] 通道 2(0x10000002) 句柄 0x00000015 类型 TYPE_SOLIDCOLORBRUSH ⇒ 表内总数 874
[create] 通道 2(0x10000002) 句柄 0x0000036b 类型 TYPE_VISUAL ⇒ 表内总数 875
[create] 通道 2(0x10000002) 句柄 0x0000036c 类型 TYPE_VISUAL ⇒ 表内总数 876
[create] 通道 2(0x10000002) 句柄 0x0000036d 类型 TYPE_VISUAL ⇒ 表内总数 877
[create] 通道 2(0x10000002) 句柄 0x0000036e 类型 TYPE_RENDERDATA ⇒ 表内总数 878
[create] 通道 2(0x10000002) 句柄 0x0000036f 类型 TYPE_DRAWINGBRUSH ⇒ 表内总数 879
[create] 通道 2(0x10000002) 句柄 0x0000000a 类型 TYPE_MATRIXTRANSFORM ⇒ 表内总数 879
[create] 通道 2(0x10000002) 句柄 0x0000000a 类型 TYPE_MATRIXTRANSFORM ⇒ 表内总数 879
[create] 通道 2(0x10000002) 句柄 0x00000370 类型 TYPE_DRAWINGGROUP ⇒ 表内总数 880
[create] 通道 2(0x10000002) 句柄 0x00000371 类型 TYPE_GEOMETRYDRAWING ⇒ 表内总数 881
[create] 通道 2(0x10000002) 句柄 0x00000372 类型 TYPE_SOLIDCOLORBRUSH ⇒ 表内总数 882
[create] 通道 2(0x10000002) 句柄 0x0000000a 类型 TYPE_MATRIXTRANSFORM ⇒ 表内总数 882
[create] 通道 2(0x10000002) 句柄 0x0000000a 类型 TYPE_MATRIXTRANSFORM ⇒ 表内总数 882
[create] 通道 2(0x10000002) 句柄 0x00000373 类型 TYPE_PATHGEOMETRY ⇒ 表内总数 883
[create] 通道 2(0x10000002) 句柄 0x0000000a 类型 TYPE_MATRIXTRANSFORM ⇒ 表内总数 883
[create] 通道 2(0x10000002) 句柄 0x00000374 类型 TYPE_GEOMETRYDRAWING ⇒ 表内总数 884
[create] 通道 2(0x10000002) 句柄 0x00000375 类型 TYPE_SOLIDCOLORBRUSH ⇒ 表内总数 885
[create] 通道 2(0x10000002) 句柄 0x0000000a 类型 TYPE_MATRIXTRANSFORM ⇒ 表内总数 885
[create] 通道 2(0x10000002) 句柄 0x0000000a 类型 TYPE_MATRIXTRANSFORM ⇒ 表内总数 885
[create] 通道 2(0x10000002) 句柄 0x00000376 类型 TYPE_PATHGEOMETRY ⇒ 表内总数 886
[create] 通道 2(0x10000002) 句柄 0x0000000a 类型 TYPE_MATRIXTRANSFORM ⇒ 表内总数 886
[create] 通道 2(0x10000002) 句柄 0x00000377 类型 TYPE_GEOMETRYDRAWING ⇒ 表内总数 887
[create] 通道 2(0x10000002) 句柄 0x00000378 类型 TYPE_SOLIDCOLORBRUSH ⇒ 表内总数 888
[create] 通道 2(0x10000002) 句柄 0x0000000a 类型 TYPE_MATRIXTRANSFORM ⇒ 表内总数 888
[create] 通道 2(0x10000002) 句柄 0x0000000a 类型 TYPE_MATRIXTRANSFORM ⇒ 表内总数 888
[create] 通道 2(0x10000002) 句柄 0x00000379 类型 TYPE_PATHGEOMETRY ⇒ 表内总数 889
[create] 通道 2(0x10000002) 句柄 0x0000000a 类型 TYPE_MATRIXTRANSFORM ⇒ 表内总数 889
[create] 通道 2(0x10000002) 句柄 0x0000037a 类型 TYPE_VISUAL ⇒ 表内总数 890
[create] 通道 2(0x10000002) 句柄 0x0000037b 类型 TYPE_RENDERDATA ⇒ 表内总数 891
[create] 通道 2(0x10000002) 句柄 0x0000001c 类型 TYPE_SOLIDCOLORBRUSH ⇒ 表内总数 891
[create] 通道 2(0x10000002) 句柄 0x0000037c 类型 TYPE_GLYPHRUN ⇒ 表内总数 892
[create] 通道 2(0x10000002) 句柄 0x0000001c 类型 TYPE_SOLIDCOLORBRUSH ⇒ 表内总数 892
[create] 通道 2(0x10000002) 句柄 0x0000037d 类型 TYPE_GLYPHRUN ⇒ 表内总数 893
[create] 通道 2(0x10000002) 句柄 0x0000001c 类型 TYPE_SOLIDCOLORBRUSH ⇒ 表内总数 893
[create] 通道 2(0x10000002) 句柄 0x0000037e 类型 TYPE_GLYPHRUN ⇒ 表内总数 894
[create] 通道 2(0x10000002) 句柄 0x0000037f 类型 TYPE_VISUAL ⇒ 表内总数 895
[create] 通道 2(0x10000002) 句柄 0x00000380 类型 TYPE_VISUAL ⇒ 表内总数 896
[create] 通道 2(0x10000002) 句柄 0x00000381 类型 TYPE_VISUAL ⇒ 表内总数 897
[create] 通道 2(0x10000002) 句柄 0x00000382 类型 TYPE_RENDERDATA ⇒ 表内总数 898
[create] 通道 2(0x10000002) 句柄 0x00000015 类型 TYPE_SOLIDCOLORBRUSH ⇒ 表内总数 898
[create] 通道 2(0x10000002) 句柄 0x00000383 类型 TYPE_VISUAL ⇒ 表内总数 899
[create] 通道 2(0x10000002) 句柄 0x00000384 类型 TYPE_VISUAL ⇒ 表内总数 900
[create] 通道 2(0x10000002) 句柄 0x00000385 类型 TYPE_VISUAL ⇒ 表内总数 901
[create] 通道 2(0x10000002) 句柄 0x00000386 类型 TYPE_RENDERDATA ⇒ 表内总数 902
[create] 通道 2(0x10000002) 句柄 0x00000387 类型 TYPE_DRAWINGBRUSH ⇒ 表内总数 903
[create] 通道 2(0x10000002) 句柄 0x0000000a 类型 TYPE_MATRIXTRANSFORM ⇒ 表内总数 903
[create] 通道 2(0x10000002) 句柄 0x0000000a 类型 TYPE_MATRIXTRANSFORM ⇒ 表内总数 903
[create] 通道 2(0x10000002) 句柄 0x00000388 类型 TYPE_DRAWINGGROUP ⇒ 表内总数 904
[create] 通道 2(0x10000002) 句柄 0x00000389 类型 TYPE_GEOMETRYDRAWING ⇒ 表内总数 905
[create] 通道 2(0x10000002) 句柄 0x0000038a 类型 TYPE_SOLIDCOLORBRUSH ⇒ 表内总数 906
[create] 通道 2(0x10000002) 句柄 0x0000000a 类型 TYPE_MATRIXTRANSFORM ⇒ 表内总数 906
[create] 通道 2(0x10000002) 句柄 0x0000000a 类型 TYPE_MATRIXTRANSFORM ⇒ 表内总数 906
[create] 通道 2(0x10000002) 句柄 0x0000038b 类型 TYPE_PATHGEOMETRY ⇒ 表内总数 907
[create] 通道 2(0x10000002) 句柄 0x0000000a 类型 TYPE_MATRIXTRANSFORM ⇒ 表内总数 907
[create] 通道 2(0x10000002) 句柄 0x0000038c 类型 TYPE_GEOMETRYDRAWING ⇒ 表内总数 908
[create] 通道 2(0x10000002) 句柄 0x0000038d 类型 TYPE_SOLIDCOLORBRUSH ⇒ 表内总数 909
[create] 通道 2(0x10000002) 句柄 0x0000000a 类型 TYPE_MATRIXTRANSFORM ⇒ 表内总数 909
[create] 通道 2(0x10000002) 句柄 0x0000000a 类型 TYPE_MATRIXTRANSFORM ⇒ 表内总数 909
[create] 通道 2(0x10000002) 句柄 0x0000038e 类型 TYPE_PATHGEOMETRY ⇒ 表内总数 910
[create] 通道 2(0x10000002) 句柄 0x0000000a 类型 TYPE_MATRIXTRANSFORM ⇒ 表内总数 910
[create] 通道 2(0x10000002) 句柄 0x0000038f 类型 TYPE_GEOMETRYDRAWING ⇒ 表内总数 911
[create] 通道 2(0x10000002) 句柄 0x00000390 类型 TYPE_SOLIDCOLORBRUSH ⇒ 表内总数 912
[create] 通道 2(0x10000002) 句柄 0x0000000a 类型 TYPE_MATRIXTRANSFORM ⇒ 表内总数 912
[create] 通道 2(0x10000002) 句柄 0x0000000a 类型 TYPE_MATRIXTRANSFORM ⇒ 表内总数 912
[create] 通道 2(0x10000002) 句柄 0x00000391 类型 TYPE_PATHGEOMETRY ⇒ 表内总数 913
[create] 通道 2(0x10000002) 句柄 0x0000000a 类型 TYPE_MATRIXTRANSFORM ⇒ 表内总数 913
[create] 通道 2(0x10000002) 句柄 0x00000392 类型 TYPE_GEOMETRYDRAWING ⇒ 表内总数 914
[create] 通道 2(0x10000002) 句柄 0x00000393 类型 TYPE_SOLIDCOLORBRUSH ⇒ 表内总数 915
[create] 通道 2(0x10000002) 句柄 0x0000000a 类型 TYPE_MATRIXTRANSFORM ⇒ 表内总数 915
[create] 通道 2(0x10000002) 句柄 0x0000000a 类型 TYPE_MATRIXTRANSFORM ⇒ 表内总数 915
[create] 通道 2(0x10000002) 句柄 0x00000394 类型 TYPE_PATHGEOMETRY ⇒ 表内总数 916
[create] 通道 2(0x10000002) 句柄 0x0000000a 类型 TYPE_MATRIXTRANSFORM ⇒ 表内总数 916
[create] 通道 2(0x10000002) 句柄 0x00000395 类型 TYPE_GEOMETRYDRAWING ⇒ 表内总数 917
[create] 通道 2(0x10000002) 句柄 0x00000396 类型 TYPE_SOLIDCOLORBRUSH ⇒ 表内总数 918
[create] 通道 2(0x10000002) 句柄 0x0000000a 类型 TYPE_MATRIXTRANSFORM ⇒ 表内总数 918
[create] 通道 2(0x10000002) 句柄 0x0000000a 类型 TYPE_MATRIXTRANSFORM ⇒ 表内总数 918
[create] 通道 2(0x10000002) 句柄 0x00000397 类型 TYPE_PATHGEOMETRY ⇒ 表内总数 919
[create] 通道 2(0x10000002) 句柄 0x0000000a 类型 TYPE_MATRIXTRANSFORM ⇒ 表内总数 919
[create] 通道 2(0x10000002) 句柄 0x00000398 类型 TYPE_GEOMETRYDRAWING ⇒ 表内总数 920
[create] 通道 2(0x10000002) 句柄 0x00000399 类型 TYPE_SOLIDCOLORBRUSH ⇒ 表内总数 921
[create] 通道 2(0x10000002) 句柄 0x0000000a 类型 TYPE_MATRIXTRANSFORM ⇒ 表内总数 921
[create] 通道 2(0x10000002) 句柄 0x0000000a 类型 TYPE_MATRIXTRANSFORM ⇒ 表内总数 921
[create] 通道 2(0x10000002) 句柄 0x0000039a 类型 TYPE_PATHGEOMETRY ⇒ 表内总数 922
[create] 通道 2(0x10000002) 句柄 0x0000000a 类型 TYPE_MATRIXTRANSFORM ⇒ 表内总数 922
[create] 通道 2(0x10000002) 句柄 0x0000039b 类型 TYPE_GEOMETRYDRAWING ⇒ 表内总数 923
[create] 通道 2(0x10000002) 句柄 0x0000039c 类型 TYPE_SOLIDCOLORBRUSH ⇒ 表内总数 924
[create] 通道 2(0x10000002) 句柄 0x0000000a 类型 TYPE_MATRIXTRANSFORM ⇒ 表内总数 924
[create] 通道 2(0x10000002) 句柄 0x0000000a 类型 TYPE_MATRIXTRANSFORM ⇒ 表内总数 924
[create] 通道 2(0x10000002) 句柄 0x0000039d 类型 TYPE_PATHGEOMETRY ⇒ 表内总数 925
[create] 通道 2(0x10000002) 句柄 0x0000000a 类型 TYPE_MATRIXTRANSFORM ⇒ 表内总数 925
[create] 通道 2(0x10000002) 句柄 0x0000039e 类型 TYPE_GEOMETRYDRAWING ⇒ 表内总数 926
[create] 通道 2(0x10000002) 句柄 0x0000039f 类型 TYPE_SOLIDCOLORBRUSH ⇒ 表内总数 927
[create] 通道 2(0x10000002) 句柄 0x0000000a 类型 TYPE_MATRIXTRANSFORM ⇒ 表内总数 927
[create] 通道 2(0x10000002) 句柄 0x0000000a 类型 TYPE_MATRIXTRANSFORM ⇒ 表内总数 927
[create] 通道 2(0x10000002) 句柄 0x000003a0 类型 TYPE_PATHGEOMETRY ⇒ 表内总数 928
[create] 通道 2(0x10000002) 句柄 0x0000000a 类型 TYPE_MATRIXTRANSFORM ⇒ 表内总数 928
[create] 通道 2(0x10000002) 句柄 0x000003a1 类型 TYPE_GEOMETRYDRAWING ⇒ 表内总数 929
[create] 通道 2(0x10000002) 句柄 0x000003a2 类型 TYPE_SOLIDCOLORBRUSH ⇒ 表内总数 930
[create] 通道 2(0x10000002) 句柄 0x0000000a 类型 TYPE_MATRIXTRANSFORM ⇒ 表内总数 930
[create] 通道 2(0x10000002) 句柄 0x0000000a 类型 TYPE_MATRIXTRANSFORM ⇒ 表内总数 930
[create] 通道 2(0x10000002) 句柄 0x000003a3 类型 TYPE_PATHGEOMETRY ⇒ 表内总数 931
[create] 通道 2(0x10000002) 句柄 0x0000000a 类型 TYPE_MATRIXTRANSFORM ⇒ 表内总数 931
[create] 通道 2(0x10000002) 句柄 0x000003a4 类型 TYPE_GEOMETRYDRAWING ⇒ 表内总数 932
[create] 通道 2(0x10000002) 句柄 0x000003a5 类型 TYPE_SOLIDCOLORBRUSH ⇒ 表内总数 933
[create] 通道 2(0x10000002) 句柄 0x0000000a 类型 TYPE_MATRIXTRANSFORM ⇒ 表内总数 933
[create] 通道 2(0x10000002) 句柄 0x0000000a 类型 TYPE_MATRIXTRANSFORM ⇒ 表内总数 933
[create] 通道 2(0x10000002) 句柄 0x000003a6 类型 TYPE_PATHGEOMETRY ⇒ 表内总数 934
[create] 通道 2(0x10000002) 句柄 0x0000000a 类型 TYPE_MATRIXTRANSFORM ⇒ 表内总数 934
[create] 通道 2(0x10000002) 句柄 0x000003a7 类型 TYPE_GEOMETRYDRAWING ⇒ 表内总数 935
[create] 通道 2(0x10000002) 句柄 0x000003a8 类型 TYPE_SOLIDCOLORBRUSH ⇒ 表内总数 936
[create] 通道 2(0x10000002) 句柄 0x0000000a 类型 TYPE_MATRIXTRANSFORM ⇒ 表内总数 936
[create] 通道 2(0x10000002) 句柄 0x0000000a 类型 TYPE_MATRIXTRANSFORM ⇒ 表内总数 936
[create] 通道 2(0x10000002) 句柄 0x000003a9 类型 TYPE_PATHGEOMETRY ⇒ 表内总数 937
[create] 通道 2(0x10000002) 句柄 0x0000000a 类型 TYPE_MATRIXTRANSFORM ⇒ 表内总数 937
[create] 通道 2(0x10000002) 句柄 0x000003aa 类型 TYPE_GEOMETRYDRAWING ⇒ 表内总数 938
[create] 通道 2(0x10000002) 句柄 0x000003ab 类型 TYPE_SOLIDCOLORBRUSH ⇒ 表内总数 939
[create] 通道 2(0x10000002) 句柄 0x0000000a 类型 TYPE_MATRIXTRANSFORM ⇒ 表内总数 939
[create] 通道 2(0x10000002) 句柄 0x0000000a 类型 TYPE_MATRIXTRANSFORM ⇒ 表内总数 939
[create] 通道 2(0x10000002) 句柄 0x000003ac 类型 TYPE_PATHGEOMETRY ⇒ 表内总数 940
[create] 通道 2(0x10000002) 句柄 0x0000000a 类型 TYPE_MATRIXTRANSFORM ⇒ 表内总数 940
[create] 通道 2(0x10000002) 句柄 0x000003ad 类型 TYPE_GEOMETRYDRAWING ⇒ 表内总数 941
[create] 通道 2(0x10000002) 句柄 0x000003ae 类型 TYPE_SOLIDCOLORBRUSH ⇒ 表内总数 942
[create] 通道 2(0x10000002) 句柄 0x0000000a 类型 TYPE_MATRIXTRANSFORM ⇒ 表内总数 942
[create] 通道 2(0x10000002) 句柄 0x0000000a 类型 TYPE_MATRIXTRANSFORM ⇒ 表内总数 942
[create] 通道 2(0x10000002) 句柄 0x000003af 类型 TYPE_PATHGEOMETRY ⇒ 表内总数 943
[create] 通道 2(0x10000002) 句柄 0x0000000a 类型 TYPE_MATRIXTRANSFORM ⇒ 表内总数 943
[create] 通道 2(0x10000002) 句柄 0x000003b0 类型 TYPE_GEOMETRYDRAWING ⇒ 表内总数 944
[create] 通道 2(0x10000002) 句柄 0x000003b1 类型 TYPE_SOLIDCOLORBRUSH ⇒ 表内总数 945
[create] 通道 2(0x10000002) 句柄 0x0000000a 类型 TYPE_MATRIXTRANSFORM ⇒ 表内总数 945
[create] 通道 2(0x10000002) 句柄 0x0000000a 类型 TYPE_MATRIXTRANSFORM ⇒ 表内总数 945
[create] 通道 2(0x10000002) 句柄 0x000003b2 类型 TYPE_PATHGEOMETRY ⇒ 表内总数 946
[create] 通道 2(0x10000002) 句柄 0x0000000a 类型 TYPE_MATRIXTRANSFORM ⇒ 表内总数 946
[create] 通道 2(0x10000002) 句柄 0x000003b3 类型 TYPE_GEOMETRYDRAWING ⇒ 表内总数 947
[create] 通道 2(0x10000002) 句柄 0x000003b4 类型 TYPE_SOLIDCOLORBRUSH ⇒ 表内总数 948
[create] 通道 2(0x10000002) 句柄 0x0000000a 类型 TYPE_MATRIXTRANSFORM ⇒ 表内总数 948
[create] 通道 2(0x10000002) 句柄 0x0000000a 类型 TYPE_MATRIXTRANSFORM ⇒ 表内总数 948
[create] 通道 2(0x10000002) 句柄 0x000003b5 类型 TYPE_PATHGEOMETRY ⇒ 表内总数 949
[create] 通道 2(0x10000002) 句柄 0x0000000a 类型 TYPE_MATRIXTRANSFORM ⇒ 表内总数 949
[create] 通道 2(0x10000002) 句柄 0x000003b6 类型 TYPE_GEOMETRYDRAWING ⇒ 表内总数 950
[create] 通道 2(0x10000002) 句柄 0x000003b7 类型 TYPE_SOLIDCOLORBRUSH ⇒ 表内总数 951
[create] 通道 2(0x10000002) 句柄 0x0000000a 类型 TYPE_MATRIXTRANSFORM ⇒ 表内总数 951
[create] 通道 2(0x10000002) 句柄 0x0000000a 类型 TYPE_MATRIXTRANSFORM ⇒ 表内总数 951
[create] 通道 2(0x10000002) 句柄 0x000003b8 类型 TYPE_PATHGEOMETRY ⇒ 表内总数 952
[create] 通道 2(0x10000002) 句柄 0x0000000a 类型 TYPE_MATRIXTRANSFORM ⇒ 表内总数 952
[create] 通道 2(0x10000002) 句柄 0x000003b9 类型 TYPE_GEOMETRYDRAWING ⇒ 表内总数 953
[create] 通道 2(0x10000002) 句柄 0x000003ba 类型 TYPE_SOLIDCOLORBRUSH ⇒ 表内总数 954
[create] 通道 2(0x10000002) 句柄 0x0000000a 类型 TYPE_MATRIXTRANSFORM ⇒ 表内总数 954
[create] 通道 2(0x10000002) 句柄 0x0000000a 类型 TYPE_MATRIXTRANSFORM ⇒ 表内总数 954
[create] 通道 2(0x10000002) 句柄 0x000003bb 类型 TYPE_PATHGEOMETRY ⇒ 表内总数 955
[create] 通道 2(0x10000002) 句柄 0x0000000a 类型 TYPE_MATRIXTRANSFORM ⇒ 表内总数 955
[create] 通道 2(0x10000002) 句柄 0x000003bc 类型 TYPE_GEOMETRYDRAWING ⇒ 表内总数 956
[create] 通道 2(0x10000002) 句柄 0x000003bd 类型 TYPE_SOLIDCOLORBRUSH ⇒ 表内总数 957
[create] 通道 2(0x10000002) 句柄 0x0000000a 类型 TYPE_MATRIXTRANSFORM ⇒ 表内总数 957
[create] 通道 2(0x10000002) 句柄 0x0000000a 类型 TYPE_MATRIXTRANSFORM ⇒ 表内总数 957
[create] 通道 2(0x10000002) 句柄 0x000003be 类型 TYPE_PATHGEOMETRY ⇒ 表内总数 958
[create] 通道 2(0x10000002) 句柄 0x0000000a 类型 TYPE_MATRIXTRANSFORM ⇒ 表内总数 958
[create] 通道 2(0x10000002) 句柄 0x000003bf 类型 TYPE_GEOMETRYDRAWING ⇒ 表内总数 959
[create] 通道 2(0x10000002) 句柄 0x000003c0 类型 TYPE_SOLIDCOLORBRUSH ⇒ 表内总数 960
[create] 通道 2(0x10000002) 句柄 0x0000000a 类型 TYPE_MATRIXTRANSFORM ⇒ 表内总数 960
[create] 通道 2(0x10000002) 句柄 0x0000000a 类型 TYPE_MATRIXTRANSFORM ⇒ 表内总数 960
[create] 通道 2(0x10000002) 句柄 0x000003c1 类型 TYPE_PATHGEOMETRY ⇒ 表内总数 961
[create] 通道 2(0x10000002) 句柄 0x0000000a 类型 TYPE_MATRIXTRANSFORM ⇒ 表内总数 961
[create] 通道 2(0x10000002) 句柄 0x000003c2 类型 TYPE_GEOMETRYDRAWING ⇒ 表内总数 962
[create] 通道 2(0x10000002) 句柄 0x000003c3 类型 TYPE_SOLIDCOLORBRUSH ⇒ 表内总数 963
[create] 通道 2(0x10000002) 句柄 0x0000000a 类型 TYPE_MATRIXTRANSFORM ⇒ 表内总数 963
[create] 通道 2(0x10000002) 句柄 0x0000000a 类型 TYPE_MATRIXTRANSFORM ⇒ 表内总数 963
[create] 通道 2(0x10000002) 句柄 0x000003c4 类型 TYPE_PATHGEOMETRY ⇒ 表内总数 964
[create] 通道 2(0x10000002) 句柄 0x0000000a 类型 TYPE_MATRIXTRANSFORM ⇒ 表内总数 964
[create] 通道 2(0x10000002) 句柄 0x000003c5 类型 TYPE_GEOMETRYDRAWING ⇒ 表内总数 965
[create] 通道 2(0x10000002) 句柄 0x000003c6 类型 TYPE_SOLIDCOLORBRUSH ⇒ 表内总数 966
[create] 通道 2(0x10000002) 句柄 0x0000000a 类型 TYPE_MATRIXTRANSFORM ⇒ 表内总数 966
[create] 通道 2(0x10000002) 句柄 0x0000000a 类型 TYPE_MATRIXTRANSFORM ⇒ 表内总数 966
[create] 通道 2(0x10000002) 句柄 0x000003c7 类型 TYPE_PATHGEOMETRY ⇒ 表内总数 967
[create] 通道 2(0x10000002) 句柄 0x0000000a 类型 TYPE_MATRIXTRANSFORM ⇒ 表内总数 967
[create] 通道 2(0x10000002) 句柄 0x000003c8 类型 TYPE_VISUAL ⇒ 表内总数 968
[create] 通道 2(0x10000002) 句柄 0x000003c9 类型 TYPE_RENDERDATA ⇒ 表内总数 969
[create] 通道 2(0x10000002) 句柄 0x0000001c 类型 TYPE_SOLIDCOLORBRUSH ⇒ 表内总数 969
[create] 通道 2(0x10000002) 句柄 0x000003ca 类型 TYPE_GLYPHRUN ⇒ 表内总数 970
[create] 通道 2(0x10000002) 句柄 0x0000001c 类型 TYPE_SOLIDCOLORBRUSH ⇒ 表内总数 970
[create] 通道 2(0x10000002) 句柄 0x000003cb 类型 TYPE_GLYPHRUN ⇒ 表内总数 971
[create] 通道 2(0x10000002) 句柄 0x0000001c 类型 TYPE_SOLIDCOLORBRUSH ⇒ 表内总数 971
[create] 通道 2(0x10000002) 句柄 0x000003cc 类型 TYPE_GLYPHRUN ⇒ 表内总数 972
[create] 通道 2(0x10000002) 句柄 0x000003cd 类型 TYPE_VISUAL ⇒ 表内总数 973
[create] 通道 2(0x10000002) 句柄 0x000003ce 类型 TYPE_VISUAL ⇒ 表内总数 974
[create] 通道 2(0x10000002) 句柄 0x000003cf 类型 TYPE_VISUAL ⇒ 表内总数 975
[create] 通道 2(0x10000002) 句柄 0x000003d0 类型 TYPE_RENDERDATA ⇒ 表内总数 976
[create] 通道 2(0x10000002) 句柄 0x00000015 类型 TYPE_SOLIDCOLORBRUSH ⇒ 表内总数 976
[create] 通道 2(0x10000002) 句柄 0x000003d1 类型 TYPE_VISUAL ⇒ 表内总数 977
[create] 通道 2(0x10000002) 句柄 0x000003d2 类型 TYPE_VISUAL ⇒ 表内总数 978
[create] 通道 2(0x10000002) 句柄 0x000003d3 类型 TYPE_VISUAL ⇒ 表内总数 979
[create] 通道 2(0x10000002) 句柄 0x000003d4 类型 TYPE_RENDERDATA ⇒ 表内总数 980
[create] 通道 2(0x10000002) 句柄 0x000003d5 类型 TYPE_DRAWINGBRUSH ⇒ 表内总数 981
[create] 通道 2(0x10000002) 句柄 0x0000000a 类型 TYPE_MATRIXTRANSFORM ⇒ 表内总数 981
[create] 通道 2(0x10000002) 句柄 0x0000000a 类型 TYPE_MATRIXTRANSFORM ⇒ 表内总数 981
[create] 通道 2(0x10000002) 句柄 0x000003d6 类型 TYPE_DRAWINGGROUP ⇒ 表内总数 982
[create] 通道 2(0x10000002) 句柄 0x000003d7 类型 TYPE_GEOMETRYDRAWING ⇒ 表内总数 983
[create] 通道 2(0x10000002) 句柄 0x000003d8 类型 TYPE_SOLIDCOLORBRUSH ⇒ 表内总数 984
[create] 通道 2(0x10000002) 句柄 0x0000000a 类型 TYPE_MATRIXTRANSFORM ⇒ 表内总数 984
[create] 通道 2(0x10000002) 句柄 0x0000000a 类型 TYPE_MATRIXTRANSFORM ⇒ 表内总数 984
[create] 通道 2(0x10000002) 句柄 0x000003d9 类型 TYPE_PATHGEOMETRY ⇒ 表内总数 985
[create] 通道 2(0x10000002) 句柄 0x0000000a 类型 TYPE_MATRIXTRANSFORM ⇒ 表内总数 985
[create] 通道 2(0x10000002) 句柄 0x000003da 类型 TYPE_GEOMETRYDRAWING ⇒ 表内总数 986
[create] 通道 2(0x10000002) 句柄 0x000003db 类型 TYPE_SOLIDCOLORBRUSH ⇒ 表内总数 987
[create] 通道 2(0x10000002) 句柄 0x0000000a 类型 TYPE_MATRIXTRANSFORM ⇒ 表内总数 987
[create] 通道 2(0x10000002) 句柄 0x0000000a 类型 TYPE_MATRIXTRANSFORM ⇒ 表内总数 987
[create] 通道 2(0x10000002) 句柄 0x000003dc 类型 TYPE_PATHGEOMETRY ⇒ 表内总数 988
[create] 通道 2(0x10000002) 句柄 0x0000000a 类型 TYPE_MATRIXTRANSFORM ⇒ 表内总数 988
[create] 通道 2(0x10000002) 句柄 0x000003dd 类型 TYPE_GEOMETRYDRAWING ⇒ 表内总数 989
[create] 通道 2(0x10000002) 句柄 0x000003de 类型 TYPE_SOLIDCOLORBRUSH ⇒ 表内总数 990
[create] 通道 2(0x10000002) 句柄 0x0000000a 类型 TYPE_MATRIXTRANSFORM ⇒ 表内总数 990
[create] 通道 2(0x10000002) 句柄 0x0000000a 类型 TYPE_MATRIXTRANSFORM ⇒ 表内总数 990
[create] 通道 2(0x10000002) 句柄 0x000003df 类型 TYPE_PATHGEOMETRY ⇒ 表内总数 991
[create] 通道 2(0x10000002) 句柄 0x0000000a 类型 TYPE_MATRIXTRANSFORM ⇒ 表内总数 991
[create] 通道 2(0x10000002) 句柄 0x000003e0 类型 TYPE_GEOMETRYDRAWING ⇒ 表内总数 992
[create] 通道 2(0x10000002) 句柄 0x000003e1 类型 TYPE_SOLIDCOLORBRUSH ⇒ 表内总数 993
[create] 通道 2(0x10000002) 句柄 0x0000000a 类型 TYPE_MATRIXTRANSFORM ⇒ 表内总数 993
[create] 通道 2(0x10000002) 句柄 0x0000000a 类型 TYPE_MATRIXTRANSFORM ⇒ 表内总数 993
[create] 通道 2(0x10000002) 句柄 0x000003e2 类型 TYPE_PATHGEOMETRY ⇒ 表内总数 994
[create] 通道 2(0x10000002) 句柄 0x0000000a 类型 TYPE_MATRIXTRANSFORM ⇒ 表内总数 994
[create] 通道 2(0x10000002) 句柄 0x000003e3 类型 TYPE_VISUAL ⇒ 表内总数 995
[create] 通道 2(0x10000002) 句柄 0x000003e4 类型 TYPE_RENDERDATA ⇒ 表内总数 996
[create] 通道 2(0x10000002) 句柄 0x0000001c 类型 TYPE_SOLIDCOLORBRUSH ⇒ 表内总数 996
[create] 通道 2(0x10000002) 句柄 0x000003e5 类型 TYPE_GLYPHRUN ⇒ 表内总数 997
[create] 通道 2(0x10000002) 句柄 0x0000001c 类型 TYPE_SOLIDCOLORBRUSH ⇒ 表内总数 997
[create] 通道 2(0x10000002) 句柄 0x000003e6 类型 TYPE_GLYPHRUN ⇒ 表内总数 998
[create] 通道 2(0x10000002) 句柄 0x0000001c 类型 TYPE_SOLIDCOLORBRUSH ⇒ 表内总数 998
[create] 通道 2(0x10000002) 句柄 0x000003e7 类型 TYPE_GLYPHRUN ⇒ 表内总数 999
[create] 通道 2(0x10000002) 句柄 0x000003e8 类型 TYPE_VISUAL ⇒ 表内总数 1000
[create] 通道 2(0x10000002) 句柄 0x000003e9 类型 TYPE_VISUAL ⇒ 表内总数 1001
[create] 通道 2(0x10000002) 句柄 0x000003ea 类型 TYPE_VISUAL ⇒ 表内总数 1002
[create] 通道 2(0x10000002) 句柄 0x000003eb 类型 TYPE_RENDERDATA ⇒ 表内总数 1003
[create] 通道 2(0x10000002) 句柄 0x00000015 类型 TYPE_SOLIDCOLORBRUSH ⇒ 表内总数 1003
[create] 通道 2(0x10000002) 句柄 0x000003ec 类型 TYPE_VISUAL ⇒ 表内总数 1004
[create] 通道 2(0x10000002) 句柄 0x000003ed 类型 TYPE_VISUAL ⇒ 表内总数 1005
[create] 通道 2(0x10000002) 句柄 0x000003ee 类型 TYPE_VISUAL ⇒ 表内总数 1006
[create] 通道 2(0x10000002) 句柄 0x000003ef 类型 TYPE_RENDERDATA ⇒ 表内总数 1007
[create] 通道 2(0x10000002) 句柄 0x000003f0 类型 TYPE_DRAWINGBRUSH ⇒ 表内总数 1008
[create] 通道 2(0x10000002) 句柄 0x0000000a 类型 TYPE_MATRIXTRANSFORM ⇒ 表内总数 1008
[create] 通道 2(0x10000002) 句柄 0x0000000a 类型 TYPE_MATRIXTRANSFORM ⇒ 表内总数 1008
[create] 通道 2(0x10000002) 句柄 0x000003f1 类型 TYPE_DRAWINGGROUP ⇒ 表内总数 1009
[create] 通道 2(0x10000002) 句柄 0x000003f2 类型 TYPE_GEOMETRYDRAWING ⇒ 表内总数 1010
[create] 通道 2(0x10000002) 句柄 0x000003f3 类型 TYPE_SOLIDCOLORBRUSH ⇒ 表内总数 1011
[create] 通道 2(0x10000002) 句柄 0x0000000a 类型 TYPE_MATRIXTRANSFORM ⇒ 表内总数 1011
[create] 通道 2(0x10000002) 句柄 0x0000000a 类型 TYPE_MATRIXTRANSFORM ⇒ 表内总数 1011
[create] 通道 2(0x10000002) 句柄 0x000003f4 类型 TYPE_PATHGEOMETRY ⇒ 表内总数 1012
[create] 通道 2(0x10000002) 句柄 0x0000000a 类型 TYPE_MATRIXTRANSFORM ⇒ 表内总数 1012
[create] 通道 2(0x10000002) 句柄 0x000003f5 类型 TYPE_GEOMETRYDRAWING ⇒ 表内总数 1013
[create] 通道 2(0x10000002) 句柄 0x000003f6 类型 TYPE_SOLIDCOLORBRUSH ⇒ 表内总数 1014
[create] 通道 2(0x10000002) 句柄 0x0000000a 类型 TYPE_MATRIXTRANSFORM ⇒ 表内总数 1014
[create] 通道 2(0x10000002) 句柄 0x0000000a 类型 TYPE_MATRIXTRANSFORM ⇒ 表内总数 1014
[create] 通道 2(0x10000002) 句柄 0x000003f7 类型 TYPE_PATHGEOMETRY ⇒ 表内总数 1015
[create] 通道 2(0x10000002) 句柄 0x0000000a 类型 TYPE_MATRIXTRANSFORM ⇒ 表内总数 1015
[create] 通道 2(0x10000002) 句柄 0x000003f8 类型 TYPE_GEOMETRYDRAWING ⇒ 表内总数 1016
[create] 通道 2(0x10000002) 句柄 0x000003f9 类型 TYPE_SOLIDCOLORBRUSH ⇒ 表内总数 1017
[create] 通道 2(0x10000002) 句柄 0x0000000a 类型 TYPE_MATRIXTRANSFORM ⇒ 表内总数 1017
[create] 通道 2(0x10000002) 句柄 0x0000000a 类型 TYPE_MATRIXTRANSFORM ⇒ 表内总数 1017
[create] 通道 2(0x10000002) 句柄 0x000003fa 类型 TYPE_PATHGEOMETRY ⇒ 表内总数 1018
[create] 通道 2(0x10000002) 句柄 0x0000000a 类型 TYPE_MATRIXTRANSFORM ⇒ 表内总数 1018
[create] 通道 2(0x10000002) 句柄 0x000003fb 类型 TYPE_GEOMETRYDRAWING ⇒ 表内总数 1019
[create] 通道 2(0x10000002) 句柄 0x000003fc 类型 TYPE_SOLIDCOLORBRUSH ⇒ 表内总数 1020
[create] 通道 2(0x10000002) 句柄 0x0000000a 类型 TYPE_MATRIXTRANSFORM ⇒ 表内总数 1020
[create] 通道 2(0x10000002) 句柄 0x0000000a 类型 TYPE_MATRIXTRANSFORM ⇒ 表内总数 1020
[create] 通道 2(0x10000002) 句柄 0x000003fd 类型 TYPE_PATHGEOMETRY ⇒ 表内总数 1021
[create] 通道 2(0x10000002) 句柄 0x0000000a 类型 TYPE_MATRIXTRANSFORM ⇒ 表内总数 1021
[create] 通道 2(0x10000002) 句柄 0x000003fe 类型 TYPE_VISUAL ⇒ 表内总数 1022
[create] 通道 2(0x10000002) 句柄 0x000003ff 类型 TYPE_RENDERDATA ⇒ 表内总数 1023
[create] 通道 2(0x10000002) 句柄 0x0000001c 类型 TYPE_SOLIDCOLORBRUSH ⇒ 表内总数 1023
[create] 通道 2(0x10000002) 句柄 0x00000400 类型 TYPE_GLYPHRUN ⇒ 表内总数 1024
[create] 通道 2(0x10000002) 句柄 0x0000001c 类型 TYPE_SOLIDCOLORBRUSH ⇒ 表内总数 1024
[create] 通道 2(0x10000002) 句柄 0x00000401 类型 TYPE_GLYPHRUN ⇒ 表内总数 1025
[create] 通道 2(0x10000002) 句柄 0x0000001c 类型 TYPE_SOLIDCOLORBRUSH ⇒ 表内总数 1025
[create] 通道 2(0x10000002) 句柄 0x00000402 类型 TYPE_GLYPHRUN ⇒ 表内总数 1026
[create] 通道 2(0x10000002) 句柄 0x00000403 类型 TYPE_VISUAL ⇒ 表内总数 1027
[create] 通道 2(0x10000002) 句柄 0x00000404 类型 TYPE_VISUAL ⇒ 表内总数 1028
[create] 通道 2(0x10000002) 句柄 0x00000405 类型 TYPE_VISUAL ⇒ 表内总数 1029
[create] 通道 2(0x10000002) 句柄 0x00000406 类型 TYPE_RENDERDATA ⇒ 表内总数 1030
[create] 通道 2(0x10000002) 句柄 0x00000015 类型 TYPE_SOLIDCOLORBRUSH ⇒ 表内总数 1030
[create] 通道 2(0x10000002) 句柄 0x00000407 类型 TYPE_VISUAL ⇒ 表内总数 1031
[create] 通道 2(0x10000002) 句柄 0x00000408 类型 TYPE_VISUAL ⇒ 表内总数 1032
[create] 通道 2(0x10000002) 句柄 0x00000409 类型 TYPE_VISUAL ⇒ 表内总数 1033
[create] 通道 2(0x10000002) 句柄 0x0000040a 类型 TYPE_RENDERDATA ⇒ 表内总数 1034
[create] 通道 2(0x10000002) 句柄 0x0000040b 类型 TYPE_DRAWINGBRUSH ⇒ 表内总数 1035
[create] 通道 2(0x10000002) 句柄 0x0000000a 类型 TYPE_MATRIXTRANSFORM ⇒ 表内总数 1035
[create] 通道 2(0x10000002) 句柄 0x0000000a 类型 TYPE_MATRIXTRANSFORM ⇒ 表内总数 1035
[create] 通道 2(0x10000002) 句柄 0x0000040c 类型 TYPE_DRAWINGGROUP ⇒ 表内总数 1036
[create] 通道 2(0x10000002) 句柄 0x0000040d 类型 TYPE_GEOMETRYDRAWING ⇒ 表内总数 1037
[create] 通道 2(0x10000002) 句柄 0x0000040e 类型 TYPE_SOLIDCOLORBRUSH ⇒ 表内总数 1038
[create] 通道 2(0x10000002) 句柄 0x0000000a 类型 TYPE_MATRIXTRANSFORM ⇒ 表内总数 1038
[create] 通道 2(0x10000002) 句柄 0x0000000a 类型 TYPE_MATRIXTRANSFORM ⇒ 表内总数 1038
[create] 通道 2(0x10000002) 句柄 0x0000040f 类型 TYPE_PATHGEOMETRY ⇒ 表内总数 1039
[create] 通道 2(0x10000002) 句柄 0x0000000a 类型 TYPE_MATRIXTRANSFORM ⇒ 表内总数 1039
[create] 通道 2(0x10000002) 句柄 0x00000410 类型 TYPE_GEOMETRYDRAWING ⇒ 表内总数 1040
[create] 通道 2(0x10000002) 句柄 0x00000411 类型 TYPE_SOLIDCOLORBRUSH ⇒ 表内总数 1041
[create] 通道 2(0x10000002) 句柄 0x0000000a 类型 TYPE_MATRIXTRANSFORM ⇒ 表内总数 1041
[create] 通道 2(0x10000002) 句柄 0x0000000a 类型 TYPE_MATRIXTRANSFORM ⇒ 表内总数 1041
[create] 通道 2(0x10000002) 句柄 0x00000412 类型 TYPE_PATHGEOMETRY ⇒ 表内总数 1042
[create] 通道 2(0x10000002) 句柄 0x0000000a 类型 TYPE_MATRIXTRANSFORM ⇒ 表内总数 1042
[create] 通道 2(0x10000002) 句柄 0x00000413 类型 TYPE_GEOMETRYDRAWING ⇒ 表内总数 1043
[create] 通道 2(0x10000002) 句柄 0x00000414 类型 TYPE_SOLIDCOLORBRUSH ⇒ 表内总数 1044
[create] 通道 2(0x10000002) 句柄 0x0000000a 类型 TYPE_MATRIXTRANSFORM ⇒ 表内总数 1044
[create] 通道 2(0x10000002) 句柄 0x0000000a 类型 TYPE_MATRIXTRANSFORM ⇒ 表内总数 1044
[create] 通道 2(0x10000002) 句柄 0x00000415 类型 TYPE_PATHGEOMETRY ⇒ 表内总数 1045
[create] 通道 2(0x10000002) 句柄 0x0000000a 类型 TYPE_MATRIXTRANSFORM ⇒ 表内总数 1045
[create] 通道 2(0x10000002) 句柄 0x00000416 类型 TYPE_GEOMETRYDRAWING ⇒ 表内总数 1046
[create] 通道 2(0x10000002) 句柄 0x00000417 类型 TYPE_SOLIDCOLORBRUSH ⇒ 表内总数 1047
[create] 通道 2(0x10000002) 句柄 0x0000000a 类型 TYPE_MATRIXTRANSFORM ⇒ 表内总数 1047
[create] 通道 2(0x10000002) 句柄 0x0000000a 类型 TYPE_MATRIXTRANSFORM ⇒ 表内总数 1047
[create] 通道 2(0x10000002) 句柄 0x00000418 类型 TYPE_PATHGEOMETRY ⇒ 表内总数 1048
[create] 通道 2(0x10000002) 句柄 0x0000000a 类型 TYPE_MATRIXTRANSFORM ⇒ 表内总数 1048
[create] 通道 2(0x10000002) 句柄 0x00000419 类型 TYPE_GEOMETRYDRAWING ⇒ 表内总数 1049
[create] 通道 2(0x10000002) 句柄 0x0000041a 类型 TYPE_SOLIDCOLORBRUSH ⇒ 表内总数 1050
[create] 通道 2(0x10000002) 句柄 0x0000000a 类型 TYPE_MATRIXTRANSFORM ⇒ 表内总数 1050
[create] 通道 2(0x10000002) 句柄 0x0000000a 类型 TYPE_MATRIXTRANSFORM ⇒ 表内总数 1050
[create] 通道 2(0x10000002) 句柄 0x0000041b 类型 TYPE_PATHGEOMETRY ⇒ 表内总数 1051
[create] 通道 2(0x10000002) 句柄 0x0000000a 类型 TYPE_MATRIXTRANSFORM ⇒ 表内总数 1051
[create] 通道 2(0x10000002) 句柄 0x0000041c 类型 TYPE_GEOMETRYDRAWING ⇒ 表内总数 1052
[create] 通道 2(0x10000002) 句柄 0x0000041d 类型 TYPE_SOLIDCOLORBRUSH ⇒ 表内总数 1053
[create] 通道 2(0x10000002) 句柄 0x0000000a 类型 TYPE_MATRIXTRANSFORM ⇒ 表内总数 1053
[create] 通道 2(0x10000002) 句柄 0x0000000a 类型 TYPE_MATRIXTRANSFORM ⇒ 表内总数 1053
[create] 通道 2(0x10000002) 句柄 0x0000041e 类型 TYPE_PATHGEOMETRY ⇒ 表内总数 1054
[create] 通道 2(0x10000002) 句柄 0x0000000a 类型 TYPE_MATRIXTRANSFORM ⇒ 表内总数 1054
[create] 通道 2(0x10000002) 句柄 0x0000041f 类型 TYPE_GEOMETRYDRAWING ⇒ 表内总数 1055
[create] 通道 2(0x10000002) 句柄 0x00000420 类型 TYPE_SOLIDCOLORBRUSH ⇒ 表内总数 1056
[create] 通道 2(0x10000002) 句柄 0x0000000a 类型 TYPE_MATRIXTRANSFORM ⇒ 表内总数 1056
[create] 通道 2(0x10000002) 句柄 0x0000000a 类型 TYPE_MATRIXTRANSFORM ⇒ 表内总数 1056
[create] 通道 2(0x10000002) 句柄 0x00000421 类型 TYPE_PATHGEOMETRY ⇒ 表内总数 1057
[create] 通道 2(0x10000002) 句柄 0x0000000a 类型 TYPE_MATRIXTRANSFORM ⇒ 表内总数 1057
[create] 通道 2(0x10000002) 句柄 0x00000422 类型 TYPE_VISUAL ⇒ 表内总数 1058
[create] 通道 2(0x10000002) 句柄 0x00000423 类型 TYPE_RENDERDATA ⇒ 表内总数 1059
[create] 通道 2(0x10000002) 句柄 0x0000001c 类型 TYPE_SOLIDCOLORBRUSH ⇒ 表内总数 1059
[create] 通道 2(0x10000002) 句柄 0x00000424 类型 TYPE_GLYPHRUN ⇒ 表内总数 1060
[create] 通道 2(0x10000002) 句柄 0x0000001c 类型 TYPE_SOLIDCOLORBRUSH ⇒ 表内总数 1060
[create] 通道 2(0x10000002) 句柄 0x00000425 类型 TYPE_GLYPHRUN ⇒ 表内总数 1061
[create] 通道 2(0x10000002) 句柄 0x0000001c 类型 TYPE_SOLIDCOLORBRUSH ⇒ 表内总数 1061
[create] 通道 2(0x10000002) 句柄 0x00000426 类型 TYPE_GLYPHRUN ⇒ 表内总数 1062
[create] 通道 2(0x10000002) 句柄 0x00000427 类型 TYPE_VISUAL ⇒ 表内总数 1063
[create] 通道 2(0x10000002) 句柄 0x00000428 类型 TYPE_VISUAL ⇒ 表内总数 1064
[create] 通道 2(0x10000002) 句柄 0x00000429 类型 TYPE_VISUAL ⇒ 表内总数 1065
[create] 通道 2(0x10000002) 句柄 0x0000042a 类型 TYPE_RENDERDATA ⇒ 表内总数 1066
[create] 通道 2(0x10000002) 句柄 0x00000015 类型 TYPE_SOLIDCOLORBRUSH ⇒ 表内总数 1066
[create] 通道 2(0x10000002) 句柄 0x0000042b 类型 TYPE_VISUAL ⇒ 表内总数 1067
[create] 通道 2(0x10000002) 句柄 0x0000042c 类型 TYPE_VISUAL ⇒ 表内总数 1068
[create] 通道 2(0x10000002) 句柄 0x0000042d 类型 TYPE_VISUAL ⇒ 表内总数 1069
[create] 通道 2(0x10000002) 句柄 0x0000042e 类型 TYPE_RENDERDATA ⇒ 表内总数 1070
[create] 通道 2(0x10000002) 句柄 0x0000042f 类型 TYPE_DRAWINGBRUSH ⇒ 表内总数 1071
[create] 通道 2(0x10000002) 句柄 0x0000000a 类型 TYPE_MATRIXTRANSFORM ⇒ 表内总数 1071
[create] 通道 2(0x10000002) 句柄 0x0000000a 类型 TYPE_MATRIXTRANSFORM ⇒ 表内总数 1071
[create] 通道 2(0x10000002) 句柄 0x00000430 类型 TYPE_DRAWINGGROUP ⇒ 表内总数 1072
[create] 通道 2(0x10000002) 句柄 0x00000431 类型 TYPE_GEOMETRYDRAWING ⇒ 表内总数 1073
[create] 通道 2(0x10000002) 句柄 0x00000432 类型 TYPE_SOLIDCOLORBRUSH ⇒ 表内总数 1074
[create] 通道 2(0x10000002) 句柄 0x0000000a 类型 TYPE_MATRIXTRANSFORM ⇒ 表内总数 1074
[create] 通道 2(0x10000002) 句柄 0x0000000a 类型 TYPE_MATRIXTRANSFORM ⇒ 表内总数 1074
[create] 通道 2(0x10000002) 句柄 0x00000433 类型 TYPE_PATHGEOMETRY ⇒ 表内总数 1075
[create] 通道 2(0x10000002) 句柄 0x0000000a 类型 TYPE_MATRIXTRANSFORM ⇒ 表内总数 1075
[create] 通道 2(0x10000002) 句柄 0x00000434 类型 TYPE_GEOMETRYDRAWING ⇒ 表内总数 1076
[create] 通道 2(0x10000002) 句柄 0x00000435 类型 TYPE_SOLIDCOLORBRUSH ⇒ 表内总数 1077
[create] 通道 2(0x10000002) 句柄 0x0000000a 类型 TYPE_MATRIXTRANSFORM ⇒ 表内总数 1077
[create] 通道 2(0x10000002) 句柄 0x0000000a 类型 TYPE_MATRIXTRANSFORM ⇒ 表内总数 1077
[create] 通道 2(0x10000002) 句柄 0x00000436 类型 TYPE_PATHGEOMETRY ⇒ 表内总数 1078
[create] 通道 2(0x10000002) 句柄 0x0000000a 类型 TYPE_MATRIXTRANSFORM ⇒ 表内总数 1078
[create] 通道 2(0x10000002) 句柄 0x00000437 类型 TYPE_GEOMETRYDRAWING ⇒ 表内总数 1079
[create] 通道 2(0x10000002) 句柄 0x00000438 类型 TYPE_SOLIDCOLORBRUSH ⇒ 表内总数 1080
[create] 通道 2(0x10000002) 句柄 0x0000000a 类型 TYPE_MATRIXTRANSFORM ⇒ 表内总数 1080
[create] 通道 2(0x10000002) 句柄 0x0000000a 类型 TYPE_MATRIXTRANSFORM ⇒ 表内总数 1080
[create] 通道 2(0x10000002) 句柄 0x00000439 类型 TYPE_PATHGEOMETRY ⇒ 表内总数 1081
[create] 通道 2(0x10000002) 句柄 0x0000000a 类型 TYPE_MATRIXTRANSFORM ⇒ 表内总数 1081
[create] 通道 2(0x10000002) 句柄 0x0000043a 类型 TYPE_GEOMETRYDRAWING ⇒ 表内总数 1082
[create] 通道 2(0x10000002) 句柄 0x0000043b 类型 TYPE_SOLIDCOLORBRUSH ⇒ 表内总数 1083
[create] 通道 2(0x10000002) 句柄 0x0000000a 类型 TYPE_MATRIXTRANSFORM ⇒ 表内总数 1083
[create] 通道 2(0x10000002) 句柄 0x0000000a 类型 TYPE_MATRIXTRANSFORM ⇒ 表内总数 1083
[create] 通道 2(0x10000002) 句柄 0x0000043c 类型 TYPE_PATHGEOMETRY ⇒ 表内总数 1084
[create] 通道 2(0x10000002) 句柄 0x0000000a 类型 TYPE_MATRIXTRANSFORM ⇒ 表内总数 1084
[create] 通道 2(0x10000002) 句柄 0x0000043d 类型 TYPE_VISUAL ⇒ 表内总数 1085
[create] 通道 2(0x10000002) 句柄 0x0000043e 类型 TYPE_RENDERDATA ⇒ 表内总数 1086
[create] 通道 2(0x10000002) 句柄 0x0000001c 类型 TYPE_SOLIDCOLORBRUSH ⇒ 表内总数 1086
[create] 通道 2(0x10000002) 句柄 0x0000043f 类型 TYPE_GLYPHRUN ⇒ 表内总数 1087
[create] 通道 2(0x10000002) 句柄 0x0000001c 类型 TYPE_SOLIDCOLORBRUSH ⇒ 表内总数 1087
[create] 通道 2(0x10000002) 句柄 0x00000440 类型 TYPE_GLYPHRUN ⇒ 表内总数 1088
[create] 通道 2(0x10000002) 句柄 0x0000001c 类型 TYPE_SOLIDCOLORBRUSH ⇒ 表内总数 1088
[create] 通道 2(0x10000002) 句柄 0x00000441 类型 TYPE_GLYPHRUN ⇒ 表内总数 1089
[create] 通道 2(0x10000002) 句柄 0x00000442 类型 TYPE_VISUAL ⇒ 表内总数 1090
[create] 通道 2(0x10000002) 句柄 0x00000443 类型 TYPE_VISUAL ⇒ 表内总数 1091
[create] 通道 2(0x10000002) 句柄 0x00000444 类型 TYPE_VISUAL ⇒ 表内总数 1092
[create] 通道 2(0x10000002) 句柄 0x00000445 类型 TYPE_RENDERDATA ⇒ 表内总数 1093
[create] 通道 2(0x10000002) 句柄 0x00000015 类型 TYPE_SOLIDCOLORBRUSH ⇒ 表内总数 1093
[create] 通道 2(0x10000002) 句柄 0x00000446 类型 TYPE_VISUAL ⇒ 表内总数 1094
[create] 通道 2(0x10000002) 句柄 0x00000447 类型 TYPE_VISUAL ⇒ 表内总数 1095
[create] 通道 2(0x10000002) 句柄 0x00000448 类型 TYPE_VISUAL ⇒ 表内总数 1096
[create] 通道 2(0x10000002) 句柄 0x00000449 类型 TYPE_RENDERDATA ⇒ 表内总数 1097
[create] 通道 2(0x10000002) 句柄 0x0000044a 类型 TYPE_DRAWINGBRUSH ⇒ 表内总数 1098
[create] 通道 2(0x10000002) 句柄 0x0000000a 类型 TYPE_MATRIXTRANSFORM ⇒ 表内总数 1098
[create] 通道 2(0x10000002) 句柄 0x0000000a 类型 TYPE_MATRIXTRANSFORM ⇒ 表内总数 1098
[create] 通道 2(0x10000002) 句柄 0x0000044b 类型 TYPE_DRAWINGGROUP ⇒ 表内总数 1099
[create] 通道 2(0x10000002) 句柄 0x0000044c 类型 TYPE_GEOMETRYDRAWING ⇒ 表内总数 1100
[create] 通道 2(0x10000002) 句柄 0x0000044d 类型 TYPE_SOLIDCOLORBRUSH ⇒ 表内总数 1101
[create] 通道 2(0x10000002) 句柄 0x0000000a 类型 TYPE_MATRIXTRANSFORM ⇒ 表内总数 1101
[create] 通道 2(0x10000002) 句柄 0x0000000a 类型 TYPE_MATRIXTRANSFORM ⇒ 表内总数 1101
[create] 通道 2(0x10000002) 句柄 0x0000044e 类型 TYPE_PATHGEOMETRY ⇒ 表内总数 1102
[create] 通道 2(0x10000002) 句柄 0x0000000a 类型 TYPE_MATRIXTRANSFORM ⇒ 表内总数 1102
[create] 通道 2(0x10000002) 句柄 0x0000044f 类型 TYPE_GEOMETRYDRAWING ⇒ 表内总数 1103
[create] 通道 2(0x10000002) 句柄 0x00000450 类型 TYPE_SOLIDCOLORBRUSH ⇒ 表内总数 1104
[create] 通道 2(0x10000002) 句柄 0x0000000a 类型 TYPE_MATRIXTRANSFORM ⇒ 表内总数 1104
[create] 通道 2(0x10000002) 句柄 0x0000000a 类型 TYPE_MATRIXTRANSFORM ⇒ 表内总数 1104
[create] 通道 2(0x10000002) 句柄 0x00000451 类型 TYPE_PATHGEOMETRY ⇒ 表内总数 1105
[create] 通道 2(0x10000002) 句柄 0x0000000a 类型 TYPE_MATRIXTRANSFORM ⇒ 表内总数 1105
[create] 通道 2(0x10000002) 句柄 0x00000452 类型 TYPE_GEOMETRYDRAWING ⇒ 表内总数 1106
[create] 通道 2(0x10000002) 句柄 0x00000453 类型 TYPE_SOLIDCOLORBRUSH ⇒ 表内总数 1107
[create] 通道 2(0x10000002) 句柄 0x0000000a 类型 TYPE_MATRIXTRANSFORM ⇒ 表内总数 1107
[create] 通道 2(0x10000002) 句柄 0x0000000a 类型 TYPE_MATRIXTRANSFORM ⇒ 表内总数 1107
[create] 通道 2(0x10000002) 句柄 0x00000454 类型 TYPE_PATHGEOMETRY ⇒ 表内总数 1108
[create] 通道 2(0x10000002) 句柄 0x0000000a 类型 TYPE_MATRIXTRANSFORM ⇒ 表内总数 1108
[create] 通道 2(0x10000002) 句柄 0x00000455 类型 TYPE_GEOMETRYDRAWING ⇒ 表内总数 1109
[create] 通道 2(0x10000002) 句柄 0x00000456 类型 TYPE_SOLIDCOLORBRUSH ⇒ 表内总数 1110
[create] 通道 2(0x10000002) 句柄 0x0000000a 类型 TYPE_MATRIXTRANSFORM ⇒ 表内总数 1110
[create] 通道 2(0x10000002) 句柄 0x0000000a 类型 TYPE_MATRIXTRANSFORM ⇒ 表内总数 1110
[create] 通道 2(0x10000002) 句柄 0x00000457 类型 TYPE_PATHGEOMETRY ⇒ 表内总数 1111
[create] 通道 2(0x10000002) 句柄 0x0000000a 类型 TYPE_MATRIXTRANSFORM ⇒ 表内总数 1111
[create] 通道 2(0x10000002) 句柄 0x00000458 类型 TYPE_GEOMETRYDRAWING ⇒ 表内总数 1112
[create] 通道 2(0x10000002) 句柄 0x00000459 类型 TYPE_SOLIDCOLORBRUSH ⇒ 表内总数 1113
[create] 通道 2(0x10000002) 句柄 0x0000000a 类型 TYPE_MATRIXTRANSFORM ⇒ 表内总数 1113
[create] 通道 2(0x10000002) 句柄 0x0000000a 类型 TYPE_MATRIXTRANSFORM ⇒ 表内总数 1113
[create] 通道 2(0x10000002) 句柄 0x0000045a 类型 TYPE_PATHGEOMETRY ⇒ 表内总数 1114
[create] 通道 2(0x10000002) 句柄 0x0000000a 类型 TYPE_MATRIXTRANSFORM ⇒ 表内总数 1114
[create] 通道 2(0x10000002) 句柄 0x0000045b 类型 TYPE_VISUAL ⇒ 表内总数 1115
[create] 通道 2(0x10000002) 句柄 0x0000045c 类型 TYPE_RENDERDATA ⇒ 表内总数 1116
[create] 通道 2(0x10000002) 句柄 0x0000001c 类型 TYPE_SOLIDCOLORBRUSH ⇒ 表内总数 1116
[create] 通道 2(0x10000002) 句柄 0x0000045d 类型 TYPE_GLYPHRUN ⇒ 表内总数 1117
[create] 通道 2(0x10000002) 句柄 0x0000001c 类型 TYPE_SOLIDCOLORBRUSH ⇒ 表内总数 1117
[create] 通道 2(0x10000002) 句柄 0x0000045e 类型 TYPE_GLYPHRUN ⇒ 表内总数 1118
[create] 通道 2(0x10000002) 句柄 0x0000001c 类型 TYPE_SOLIDCOLORBRUSH ⇒ 表内总数 1118
[create] 通道 2(0x10000002) 句柄 0x0000045f 类型 TYPE_GLYPHRUN ⇒ 表内总数 1119
[create] 通道 2(0x10000002) 句柄 0x00000460 类型 TYPE_VISUAL ⇒ 表内总数 1120
[create] 通道 2(0x10000002) 句柄 0x00000461 类型 TYPE_VISUAL ⇒ 表内总数 1121
[create] 通道 2(0x10000002) 句柄 0x00000462 类型 TYPE_VISUAL ⇒ 表内总数 1122
[create] 通道 2(0x10000002) 句柄 0x00000463 类型 TYPE_RENDERDATA ⇒ 表内总数 1123
[create] 通道 2(0x10000002) 句柄 0x00000015 类型 TYPE_SOLIDCOLORBRUSH ⇒ 表内总数 1123
[create] 通道 2(0x10000002) 句柄 0x00000464 类型 TYPE_VISUAL ⇒ 表内总数 1124
[create] 通道 2(0x10000002) 句柄 0x00000465 类型 TYPE_VISUAL ⇒ 表内总数 1125
[create] 通道 2(0x10000002) 句柄 0x00000466 类型 TYPE_VISUAL ⇒ 表内总数 1126
[create] 通道 2(0x10000002) 句柄 0x00000467 类型 TYPE_RENDERDATA ⇒ 表内总数 1127
[create] 通道 2(0x10000002) 句柄 0x00000468 类型 TYPE_DRAWINGBRUSH ⇒ 表内总数 1128
[create] 通道 2(0x10000002) 句柄 0x0000000a 类型 TYPE_MATRIXTRANSFORM ⇒ 表内总数 1128
[create] 通道 2(0x10000002) 句柄 0x0000000a 类型 TYPE_MATRIXTRANSFORM ⇒ 表内总数 1128
[create] 通道 2(0x10000002) 句柄 0x00000469 类型 TYPE_DRAWINGGROUP ⇒ 表内总数 1129
[create] 通道 2(0x10000002) 句柄 0x0000046a 类型 TYPE_GEOMETRYDRAWING ⇒ 表内总数 1130
[create] 通道 2(0x10000002) 句柄 0x0000046b 类型 TYPE_SOLIDCOLORBRUSH ⇒ 表内总数 1131
[create] 通道 2(0x10000002) 句柄 0x0000000a 类型 TYPE_MATRIXTRANSFORM ⇒ 表内总数 1131
[create] 通道 2(0x10000002) 句柄 0x0000000a 类型 TYPE_MATRIXTRANSFORM ⇒ 表内总数 1131
[create] 通道 2(0x10000002) 句柄 0x0000046c 类型 TYPE_PATHGEOMETRY ⇒ 表内总数 1132
[create] 通道 2(0x10000002) 句柄 0x0000000a 类型 TYPE_MATRIXTRANSFORM ⇒ 表内总数 1132
[create] 通道 2(0x10000002) 句柄 0x0000046d 类型 TYPE_GEOMETRYDRAWING ⇒ 表内总数 1133
[create] 通道 2(0x10000002) 句柄 0x0000046e 类型 TYPE_SOLIDCOLORBRUSH ⇒ 表内总数 1134
[create] 通道 2(0x10000002) 句柄 0x0000000a 类型 TYPE_MATRIXTRANSFORM ⇒ 表内总数 1134
[create] 通道 2(0x10000002) 句柄 0x0000000a 类型 TYPE_MATRIXTRANSFORM ⇒ 表内总数 1134
[create] 通道 2(0x10000002) 句柄 0x0000046f 类型 TYPE_PATHGEOMETRY ⇒ 表内总数 1135
[create] 通道 2(0x10000002) 句柄 0x0000000a 类型 TYPE_MATRIXTRANSFORM ⇒ 表内总数 1135
[create] 通道 2(0x10000002) 句柄 0x00000470 类型 TYPE_GEOMETRYDRAWING ⇒ 表内总数 1136
[create] 通道 2(0x10000002) 句柄 0x00000471 类型 TYPE_SOLIDCOLORBRUSH ⇒ 表内总数 1137
[create] 通道 2(0x10000002) 句柄 0x0000000a 类型 TYPE_MATRIXTRANSFORM ⇒ 表内总数 1137
[create] 通道 2(0x10000002) 句柄 0x0000000a 类型 TYPE_MATRIXTRANSFORM ⇒ 表内总数 1137
[create] 通道 2(0x10000002) 句柄 0x00000472 类型 TYPE_PATHGEOMETRY ⇒ 表内总数 1138
[create] 通道 2(0x10000002) 句柄 0x0000000a 类型 TYPE_MATRIXTRANSFORM ⇒ 表内总数 1138
[create] 通道 2(0x10000002) 句柄 0x00000473 类型 TYPE_GEOMETRYDRAWING ⇒ 表内总数 1139
[create] 通道 2(0x10000002) 句柄 0x00000474 类型 TYPE_SOLIDCOLORBRUSH ⇒ 表内总数 1140
[create] 通道 2(0x10000002) 句柄 0x0000000a 类型 TYPE_MATRIXTRANSFORM ⇒ 表内总数 1140
[create] 通道 2(0x10000002) 句柄 0x0000000a 类型 TYPE_MATRIXTRANSFORM ⇒ 表内总数 1140
[create] 通道 2(0x10000002) 句柄 0x00000475 类型 TYPE_PATHGEOMETRY ⇒ 表内总数 1141
[create] 通道 2(0x10000002) 句柄 0x0000000a 类型 TYPE_MATRIXTRANSFORM ⇒ 表内总数 1141
[create] 通道 2(0x10000002) 句柄 0x00000476 类型 TYPE_VISUAL ⇒ 表内总数 1142
[create] 通道 2(0x10000002) 句柄 0x00000477 类型 TYPE_RENDERDATA ⇒ 表内总数 1143
[create] 通道 2(0x10000002) 句柄 0x0000001c 类型 TYPE_SOLIDCOLORBRUSH ⇒ 表内总数 1143
[create] 通道 2(0x10000002) 句柄 0x00000478 类型 TYPE_GLYPHRUN ⇒ 表内总数 1144
[create] 通道 2(0x10000002) 句柄 0x0000001c 类型 TYPE_SOLIDCOLORBRUSH ⇒ 表内总数 1144
[create] 通道 2(0x10000002) 句柄 0x00000479 类型 TYPE_GLYPHRUN ⇒ 表内总数 1145
[create] 通道 2(0x10000002) 句柄 0x0000001c 类型 TYPE_SOLIDCOLORBRUSH ⇒ 表内总数 1145
[create] 通道 2(0x10000002) 句柄 0x0000047a 类型 TYPE_GLYPHRUN ⇒ 表内总数 1146
[create] 通道 2(0x10000002) 句柄 0x0000047b 类型 TYPE_VISUAL ⇒ 表内总数 1147
[create] 通道 2(0x10000002) 句柄 0x0000047c 类型 TYPE_VISUAL ⇒ 表内总数 1148
[create] 通道 2(0x10000002) 句柄 0x0000047d 类型 TYPE_VISUAL ⇒ 表内总数 1149
[create] 通道 2(0x10000002) 句柄 0x0000047e 类型 TYPE_RENDERDATA ⇒ 表内总数 1150
[create] 通道 2(0x10000002) 句柄 0x00000015 类型 TYPE_SOLIDCOLORBRUSH ⇒ 表内总数 1150
[create] 通道 2(0x10000002) 句柄 0x0000047f 类型 TYPE_VISUAL ⇒ 表内总数 1151
[create] 通道 2(0x10000002) 句柄 0x00000480 类型 TYPE_VISUAL ⇒ 表内总数 1152
[create] 通道 2(0x10000002) 句柄 0x00000481 类型 TYPE_VISUAL ⇒ 表内总数 1153
[create] 通道 2(0x10000002) 句柄 0x00000482 类型 TYPE_RENDERDATA ⇒ 表内总数 1154
[create] 通道 2(0x10000002) 句柄 0x00000483 类型 TYPE_DRAWINGBRUSH ⇒ 表内总数 1155
[create] 通道 2(0x10000002) 句柄 0x0000000a 类型 TYPE_MATRIXTRANSFORM ⇒ 表内总数 1155
[create] 通道 2(0x10000002) 句柄 0x0000000a 类型 TYPE_MATRIXTRANSFORM ⇒ 表内总数 1155
[create] 通道 2(0x10000002) 句柄 0x00000484 类型 TYPE_DRAWINGGROUP ⇒ 表内总数 1156
[create] 通道 2(0x10000002) 句柄 0x00000485 类型 TYPE_GEOMETRYDRAWING ⇒ 表内总数 1157
[create] 通道 2(0x10000002) 句柄 0x00000486 类型 TYPE_SOLIDCOLORBRUSH ⇒ 表内总数 1158
[create] 通道 2(0x10000002) 句柄 0x0000000a 类型 TYPE_MATRIXTRANSFORM ⇒ 表内总数 1158
[create] 通道 2(0x10000002) 句柄 0x0000000a 类型 TYPE_MATRIXTRANSFORM ⇒ 表内总数 1158
[create] 通道 2(0x10000002) 句柄 0x00000487 类型 TYPE_PATHGEOMETRY ⇒ 表内总数 1159
[create] 通道 2(0x10000002) 句柄 0x0000000a 类型 TYPE_MATRIXTRANSFORM ⇒ 表内总数 1159
[create] 通道 2(0x10000002) 句柄 0x00000488 类型 TYPE_GEOMETRYDRAWING ⇒ 表内总数 1160
[create] 通道 2(0x10000002) 句柄 0x00000489 类型 TYPE_SOLIDCOLORBRUSH ⇒ 表内总数 1161
[create] 通道 2(0x10000002) 句柄 0x0000000a 类型 TYPE_MATRIXTRANSFORM ⇒ 表内总数 1161
[create] 通道 2(0x10000002) 句柄 0x0000000a 类型 TYPE_MATRIXTRANSFORM ⇒ 表内总数 1161
[create] 通道 2(0x10000002) 句柄 0x0000048a 类型 TYPE_PATHGEOMETRY ⇒ 表内总数 1162
[create] 通道 2(0x10000002) 句柄 0x0000000a 类型 TYPE_MATRIXTRANSFORM ⇒ 表内总数 1162
[create] 通道 2(0x10000002) 句柄 0x0000048b 类型 TYPE_GEOMETRYDRAWING ⇒ 表内总数 1163
[create] 通道 2(0x10000002) 句柄 0x0000048c 类型 TYPE_SOLIDCOLORBRUSH ⇒ 表内总数 1164
[create] 通道 2(0x10000002) 句柄 0x0000000a 类型 TYPE_MATRIXTRANSFORM ⇒ 表内总数 1164
[create] 通道 2(0x10000002) 句柄 0x0000000a 类型 TYPE_MATRIXTRANSFORM ⇒ 表内总数 1164
[create] 通道 2(0x10000002) 句柄 0x0000048d 类型 TYPE_PATHGEOMETRY ⇒ 表内总数 1165
[create] 通道 2(0x10000002) 句柄 0x0000000a 类型 TYPE_MATRIXTRANSFORM ⇒ 表内总数 1165
[create] 通道 2(0x10000002) 句柄 0x0000048e 类型 TYPE_GEOMETRYDRAWING ⇒ 表内总数 1166
[create] 通道 2(0x10000002) 句柄 0x0000048f 类型 TYPE_SOLIDCOLORBRUSH ⇒ 表内总数 1167
[create] 通道 2(0x10000002) 句柄 0x0000000a 类型 TYPE_MATRIXTRANSFORM ⇒ 表内总数 1167
[create] 通道 2(0x10000002) 句柄 0x0000000a 类型 TYPE_MATRIXTRANSFORM ⇒ 表内总数 1167
[create] 通道 2(0x10000002) 句柄 0x00000490 类型 TYPE_PATHGEOMETRY ⇒ 表内总数 1168
[create] 通道 2(0x10000002) 句柄 0x0000000a 类型 TYPE_MATRIXTRANSFORM ⇒ 表内总数 1168
[create] 通道 2(0x10000002) 句柄 0x00000491 类型 TYPE_GEOMETRYDRAWING ⇒ 表内总数 1169
[create] 通道 2(0x10000002) 句柄 0x00000492 类型 TYPE_SOLIDCOLORBRUSH ⇒ 表内总数 1170
[create] 通道 2(0x10000002) 句柄 0x0000000a 类型 TYPE_MATRIXTRANSFORM ⇒ 表内总数 1170
[create] 通道 2(0x10000002) 句柄 0x0000000a 类型 TYPE_MATRIXTRANSFORM ⇒ 表内总数 1170
[create] 通道 2(0x10000002) 句柄 0x00000493 类型 TYPE_PATHGEOMETRY ⇒ 表内总数 1171
[create] 通道 2(0x10000002) 句柄 0x0000000a 类型 TYPE_MATRIXTRANSFORM ⇒ 表内总数 1171
[create] 通道 2(0x10000002) 句柄 0x00000494 类型 TYPE_VISUAL ⇒ 表内总数 1172
[create] 通道 2(0x10000002) 句柄 0x00000495 类型 TYPE_RENDERDATA ⇒ 表内总数 1173
[create] 通道 2(0x10000002) 句柄 0x0000001c 类型 TYPE_SOLIDCOLORBRUSH ⇒ 表内总数 1173
[create] 通道 2(0x10000002) 句柄 0x00000496 类型 TYPE_GLYPHRUN ⇒ 表内总数 1174
[create] 通道 2(0x10000002) 句柄 0x0000001c 类型 TYPE_SOLIDCOLORBRUSH ⇒ 表内总数 1174
[create] 通道 2(0x10000002) 句柄 0x00000497 类型 TYPE_GLYPHRUN ⇒ 表内总数 1175
[create] 通道 2(0x10000002) 句柄 0x0000001c 类型 TYPE_SOLIDCOLORBRUSH ⇒ 表内总数 1175
[create] 通道 2(0x10000002) 句柄 0x00000498 类型 TYPE_GLYPHRUN ⇒ 表内总数 1176
[create] 通道 2(0x10000002) 句柄 0x00000499 类型 TYPE_VISUAL ⇒ 表内总数 1177
[create] 通道 2(0x10000002) 句柄 0x0000049a 类型 TYPE_VISUAL ⇒ 表内总数 1178
[create] 通道 2(0x10000002) 句柄 0x0000049b 类型 TYPE_VISUAL ⇒ 表内总数 1179
[create] 通道 2(0x10000002) 句柄 0x0000049c 类型 TYPE_RENDERDATA ⇒ 表内总数 1180
[create] 通道 2(0x10000002) 句柄 0x00000015 类型 TYPE_SOLIDCOLORBRUSH ⇒ 表内总数 1180
[create] 通道 2(0x10000002) 句柄 0x0000049d 类型 TYPE_VISUAL ⇒ 表内总数 1181
[create] 通道 2(0x10000002) 句柄 0x0000049e 类型 TYPE_VISUAL ⇒ 表内总数 1182
[create] 通道 2(0x10000002) 句柄 0x0000049f 类型 TYPE_VISUAL ⇒ 表内总数 1183
[create] 通道 2(0x10000002) 句柄 0x000004a0 类型 TYPE_RENDERDATA ⇒ 表内总数 1184
[create] 通道 2(0x10000002) 句柄 0x000004a1 类型 TYPE_DRAWINGBRUSH ⇒ 表内总数 1185
[create] 通道 2(0x10000002) 句柄 0x0000000a 类型 TYPE_MATRIXTRANSFORM ⇒ 表内总数 1185
[create] 通道 2(0x10000002) 句柄 0x0000000a 类型 TYPE_MATRIXTRANSFORM ⇒ 表内总数 1185
[create] 通道 2(0x10000002) 句柄 0x000004a2 类型 TYPE_DRAWINGGROUP ⇒ 表内总数 1186
[create] 通道 2(0x10000002) 句柄 0x000004a3 类型 TYPE_GEOMETRYDRAWING ⇒ 表内总数 1187
[create] 通道 2(0x10000002) 句柄 0x000004a4 类型 TYPE_SOLIDCOLORBRUSH ⇒ 表内总数 1188
[create] 通道 2(0x10000002) 句柄 0x0000000a 类型 TYPE_MATRIXTRANSFORM ⇒ 表内总数 1188
[create] 通道 2(0x10000002) 句柄 0x0000000a 类型 TYPE_MATRIXTRANSFORM ⇒ 表内总数 1188
[create] 通道 2(0x10000002) 句柄 0x000004a5 类型 TYPE_PATHGEOMETRY ⇒ 表内总数 1189
[create] 通道 2(0x10000002) 句柄 0x0000000a 类型 TYPE_MATRIXTRANSFORM ⇒ 表内总数 1189
[create] 通道 2(0x10000002) 句柄 0x000004a6 类型 TYPE_GEOMETRYDRAWING ⇒ 表内总数 1190
[create] 通道 2(0x10000002) 句柄 0x000004a7 类型 TYPE_SOLIDCOLORBRUSH ⇒ 表内总数 1191
[create] 通道 2(0x10000002) 句柄 0x0000000a 类型 TYPE_MATRIXTRANSFORM ⇒ 表内总数 1191
[create] 通道 2(0x10000002) 句柄 0x0000000a 类型 TYPE_MATRIXTRANSFORM ⇒ 表内总数 1191
[create] 通道 2(0x10000002) 句柄 0x000004a8 类型 TYPE_PATHGEOMETRY ⇒ 表内总数 1192
[create] 通道 2(0x10000002) 句柄 0x0000000a 类型 TYPE_MATRIXTRANSFORM ⇒ 表内总数 1192
[create] 通道 2(0x10000002) 句柄 0x000004a9 类型 TYPE_GEOMETRYDRAWING ⇒ 表内总数 1193
[create] 通道 2(0x10000002) 句柄 0x000004aa 类型 TYPE_SOLIDCOLORBRUSH ⇒ 表内总数 1194
[create] 通道 2(0x10000002) 句柄 0x0000000a 类型 TYPE_MATRIXTRANSFORM ⇒ 表内总数 1194
[create] 通道 2(0x10000002) 句柄 0x0000000a 类型 TYPE_MATRIXTRANSFORM ⇒ 表内总数 1194
[create] 通道 2(0x10000002) 句柄 0x000004ab 类型 TYPE_PATHGEOMETRY ⇒ 表内总数 1195
[create] 通道 2(0x10000002) 句柄 0x0000000a 类型 TYPE_MATRIXTRANSFORM ⇒ 表内总数 1195
[create] 通道 2(0x10000002) 句柄 0x000004ac 类型 TYPE_VISUAL ⇒ 表内总数 1196
[create] 通道 2(0x10000002) 句柄 0x000004ad 类型 TYPE_RENDERDATA ⇒ 表内总数 1197
[create] 通道 2(0x10000002) 句柄 0x0000001c 类型 TYPE_SOLIDCOLORBRUSH ⇒ 表内总数 1197
[create] 通道 2(0x10000002) 句柄 0x000004ae 类型 TYPE_GLYPHRUN ⇒ 表内总数 1198
[create] 通道 2(0x10000002) 句柄 0x0000001c 类型 TYPE_SOLIDCOLORBRUSH ⇒ 表内总数 1198
[create] 通道 2(0x10000002) 句柄 0x000004af 类型 TYPE_GLYPHRUN ⇒ 表内总数 1199
[create] 通道 2(0x10000002) 句柄 0x0000001c 类型 TYPE_SOLIDCOLORBRUSH ⇒ 表内总数 1199
[create] 通道 2(0x10000002) 句柄 0x000004b0 类型 TYPE_GLYPHRUN ⇒ 表内总数 1200
[create] 通道 2(0x10000002) 句柄 0x000004b1 类型 TYPE_VISUAL ⇒ 表内总数 1201
[create] 通道 2(0x10000002) 句柄 0x000004b2 类型 TYPE_VISUAL ⇒ 表内总数 1202
[create] 通道 2(0x10000002) 句柄 0x000004b3 类型 TYPE_VISUAL ⇒ 表内总数 1203
[create] 通道 2(0x10000002) 句柄 0x000004b4 类型 TYPE_RENDERDATA ⇒ 表内总数 1204
[create] 通道 2(0x10000002) 句柄 0x00000015 类型 TYPE_SOLIDCOLORBRUSH ⇒ 表内总数 1204
[create] 通道 2(0x10000002) 句柄 0x000004b5 类型 TYPE_VISUAL ⇒ 表内总数 1205
[create] 通道 2(0x10000002) 句柄 0x000004b6 类型 TYPE_VISUAL ⇒ 表内总数 1206
[create] 通道 2(0x10000002) 句柄 0x000004b7 类型 TYPE_VISUAL ⇒ 表内总数 1207
[create] 通道 2(0x10000002) 句柄 0x000004b8 类型 TYPE_RENDERDATA ⇒ 表内总数 1208
[create] 通道 2(0x10000002) 句柄 0x000004b9 类型 TYPE_DRAWINGBRUSH ⇒ 表内总数 1209
[create] 通道 2(0x10000002) 句柄 0x0000000a 类型 TYPE_MATRIXTRANSFORM ⇒ 表内总数 1209
[create] 通道 2(0x10000002) 句柄 0x0000000a 类型 TYPE_MATRIXTRANSFORM ⇒ 表内总数 1209
[create] 通道 2(0x10000002) 句柄 0x000004ba 类型 TYPE_DRAWINGGROUP ⇒ 表内总数 1210
[create] 通道 2(0x10000002) 句柄 0x000004bb 类型 TYPE_GEOMETRYDRAWING ⇒ 表内总数 1211
[create] 通道 2(0x10000002) 句柄 0x000004bc 类型 TYPE_SOLIDCOLORBRUSH ⇒ 表内总数 1212
[create] 通道 2(0x10000002) 句柄 0x0000000a 类型 TYPE_MATRIXTRANSFORM ⇒ 表内总数 1212
[create] 通道 2(0x10000002) 句柄 0x0000000a 类型 TYPE_MATRIXTRANSFORM ⇒ 表内总数 1212
[create] 通道 2(0x10000002) 句柄 0x000004bd 类型 TYPE_PATHGEOMETRY ⇒ 表内总数 1213
[create] 通道 2(0x10000002) 句柄 0x0000000a 类型 TYPE_MATRIXTRANSFORM ⇒ 表内总数 1213
[create] 通道 2(0x10000002) 句柄 0x000004be 类型 TYPE_GEOMETRYDRAWING ⇒ 表内总数 1214
[create] 通道 2(0x10000002) 句柄 0x000004bf 类型 TYPE_SOLIDCOLORBRUSH ⇒ 表内总数 1215
[create] 通道 2(0x10000002) 句柄 0x0000000a 类型 TYPE_MATRIXTRANSFORM ⇒ 表内总数 1215
[create] 通道 2(0x10000002) 句柄 0x0000000a 类型 TYPE_MATRIXTRANSFORM ⇒ 表内总数 1215
[create] 通道 2(0x10000002) 句柄 0x000004c0 类型 TYPE_PATHGEOMETRY ⇒ 表内总数 1216
[create] 通道 2(0x10000002) 句柄 0x0000000a 类型 TYPE_MATRIXTRANSFORM ⇒ 表内总数 1216
[create] 通道 2(0x10000002) 句柄 0x000004c1 类型 TYPE_GEOMETRYDRAWING ⇒ 表内总数 1217
[create] 通道 2(0x10000002) 句柄 0x000004c2 类型 TYPE_SOLIDCOLORBRUSH ⇒ 表内总数 1218
[create] 通道 2(0x10000002) 句柄 0x0000000a 类型 TYPE_MATRIXTRANSFORM ⇒ 表内总数 1218
[create] 通道 2(0x10000002) 句柄 0x0000000a 类型 TYPE_MATRIXTRANSFORM ⇒ 表内总数 1218
[create] 通道 2(0x10000002) 句柄 0x000004c3 类型 TYPE_PATHGEOMETRY ⇒ 表内总数 1219
[create] 通道 2(0x10000002) 句柄 0x0000000a 类型 TYPE_MATRIXTRANSFORM ⇒ 表内总数 1219
[create] 通道 2(0x10000002) 句柄 0x000004c4 类型 TYPE_GEOMETRYDRAWING ⇒ 表内总数 1220
[create] 通道 2(0x10000002) 句柄 0x000004c5 类型 TYPE_SOLIDCOLORBRUSH ⇒ 表内总数 1221
[create] 通道 2(0x10000002) 句柄 0x0000000a 类型 TYPE_MATRIXTRANSFORM ⇒ 表内总数 1221
[create] 通道 2(0x10000002) 句柄 0x0000000a 类型 TYPE_MATRIXTRANSFORM ⇒ 表内总数 1221
[create] 通道 2(0x10000002) 句柄 0x000004c6 类型 TYPE_PATHGEOMETRY ⇒ 表内总数 1222
[create] 通道 2(0x10000002) 句柄 0x0000000a 类型 TYPE_MATRIXTRANSFORM ⇒ 表内总数 1222
[create] 通道 2(0x10000002) 句柄 0x000004c7 类型 TYPE_VISUAL ⇒ 表内总数 1223
[create] 通道 2(0x10000002) 句柄 0x000004c8 类型 TYPE_RENDERDATA ⇒ 表内总数 1224
[create] 通道 2(0x10000002) 句柄 0x0000001c 类型 TYPE_SOLIDCOLORBRUSH ⇒ 表内总数 1224
[create] 通道 2(0x10000002) 句柄 0x000004c9 类型 TYPE_GLYPHRUN ⇒ 表内总数 1225
[create] 通道 2(0x10000002) 句柄 0x0000001c 类型 TYPE_SOLIDCOLORBRUSH ⇒ 表内总数 1225
[create] 通道 2(0x10000002) 句柄 0x000004ca 类型 TYPE_GLYPHRUN ⇒ 表内总数 1226
[create] 通道 2(0x10000002) 句柄 0x0000001c 类型 TYPE_SOLIDCOLORBRUSH ⇒ 表内总数 1226
[create] 通道 2(0x10000002) 句柄 0x000004cb 类型 TYPE_GLYPHRUN ⇒ 表内总数 1227
[create] 通道 2(0x10000002) 句柄 0x000004cc 类型 TYPE_VISUAL ⇒ 表内总数 1228
[create] 通道 2(0x10000002) 句柄 0x000004cd 类型 TYPE_VISUAL ⇒ 表内总数 1229
[create] 通道 2(0x10000002) 句柄 0x000004ce 类型 TYPE_VISUAL ⇒ 表内总数 1230
[create] 通道 2(0x10000002) 句柄 0x000004cf 类型 TYPE_RENDERDATA ⇒ 表内总数 1231
[create] 通道 2(0x10000002) 句柄 0x00000015 类型 TYPE_SOLIDCOLORBRUSH ⇒ 表内总数 1231
[create] 通道 2(0x10000002) 句柄 0x000004d0 类型 TYPE_VISUAL ⇒ 表内总数 1232
[create] 通道 2(0x10000002) 句柄 0x000004d1 类型 TYPE_VISUAL ⇒ 表内总数 1233
[create] 通道 2(0x10000002) 句柄 0x000004d2 类型 TYPE_VISUAL ⇒ 表内总数 1234
[create] 通道 2(0x10000002) 句柄 0x000004d3 类型 TYPE_RENDERDATA ⇒ 表内总数 1235
[create] 通道 2(0x10000002) 句柄 0x000004d4 类型 TYPE_DRAWINGBRUSH ⇒ 表内总数 1236
[create] 通道 2(0x10000002) 句柄 0x0000000a 类型 TYPE_MATRIXTRANSFORM ⇒ 表内总数 1236
[create] 通道 2(0x10000002) 句柄 0x0000000a 类型 TYPE_MATRIXTRANSFORM ⇒ 表内总数 1236
[create] 通道 2(0x10000002) 句柄 0x000004d5 类型 TYPE_DRAWINGGROUP ⇒ 表内总数 1237
[create] 通道 2(0x10000002) 句柄 0x000004d6 类型 TYPE_GEOMETRYDRAWING ⇒ 表内总数 1238
[create] 通道 2(0x10000002) 句柄 0x000004d7 类型 TYPE_SOLIDCOLORBRUSH ⇒ 表内总数 1239
[create] 通道 2(0x10000002) 句柄 0x0000000a 类型 TYPE_MATRIXTRANSFORM ⇒ 表内总数 1239
[create] 通道 2(0x10000002) 句柄 0x0000000a 类型 TYPE_MATRIXTRANSFORM ⇒ 表内总数 1239
[create] 通道 2(0x10000002) 句柄 0x000004d8 类型 TYPE_PATHGEOMETRY ⇒ 表内总数 1240
[create] 通道 2(0x10000002) 句柄 0x0000000a 类型 TYPE_MATRIXTRANSFORM ⇒ 表内总数 1240
[create] 通道 2(0x10000002) 句柄 0x000004d9 类型 TYPE_GEOMETRYDRAWING ⇒ 表内总数 1241
[create] 通道 2(0x10000002) 句柄 0x000004da 类型 TYPE_SOLIDCOLORBRUSH ⇒ 表内总数 1242
[create] 通道 2(0x10000002) 句柄 0x0000000a 类型 TYPE_MATRIXTRANSFORM ⇒ 表内总数 1242
[create] 通道 2(0x10000002) 句柄 0x0000000a 类型 TYPE_MATRIXTRANSFORM ⇒ 表内总数 1242
[create] 通道 2(0x10000002) 句柄 0x000004db 类型 TYPE_PATHGEOMETRY ⇒ 表内总数 1243
[create] 通道 2(0x10000002) 句柄 0x0000000a 类型 TYPE_MATRIXTRANSFORM ⇒ 表内总数 1243
[create] 通道 2(0x10000002) 句柄 0x000004dc 类型 TYPE_GEOMETRYDRAWING ⇒ 表内总数 1244
[create] 通道 2(0x10000002) 句柄 0x000004dd 类型 TYPE_SOLIDCOLORBRUSH ⇒ 表内总数 1245
[create] 通道 2(0x10000002) 句柄 0x0000000a 类型 TYPE_MATRIXTRANSFORM ⇒ 表内总数 1245
[create] 通道 2(0x10000002) 句柄 0x0000000a 类型 TYPE_MATRIXTRANSFORM ⇒ 表内总数 1245
[create] 通道 2(0x10000002) 句柄 0x000004de 类型 TYPE_PATHGEOMETRY ⇒ 表内总数 1246
[create] 通道 2(0x10000002) 句柄 0x0000000a 类型 TYPE_MATRIXTRANSFORM ⇒ 表内总数 1246
[create] 通道 2(0x10000002) 句柄 0x000004df 类型 TYPE_GEOMETRYDRAWING ⇒ 表内总数 1247
[create] 通道 2(0x10000002) 句柄 0x000004e0 类型 TYPE_SOLIDCOLORBRUSH ⇒ 表内总数 1248
[create] 通道 2(0x10000002) 句柄 0x0000000a 类型 TYPE_MATRIXTRANSFORM ⇒ 表内总数 1248
[create] 通道 2(0x10000002) 句柄 0x0000000a 类型 TYPE_MATRIXTRANSFORM ⇒ 表内总数 1248
[create] 通道 2(0x10000002) 句柄 0x000004e1 类型 TYPE_PATHGEOMETRY ⇒ 表内总数 1249
[create] 通道 2(0x10000002) 句柄 0x0000000a 类型 TYPE_MATRIXTRANSFORM ⇒ 表内总数 1249
[create] 通道 2(0x10000002) 句柄 0x000004e2 类型 TYPE_GEOMETRYDRAWING ⇒ 表内总数 1250
[create] 通道 2(0x10000002) 句柄 0x000004e3 类型 TYPE_SOLIDCOLORBRUSH ⇒ 表内总数 1251
[create] 通道 2(0x10000002) 句柄 0x0000000a 类型 TYPE_MATRIXTRANSFORM ⇒ 表内总数 1251
[create] 通道 2(0x10000002) 句柄 0x0000000a 类型 TYPE_MATRIXTRANSFORM ⇒ 表内总数 1251
[create] 通道 2(0x10000002) 句柄 0x000004e4 类型 TYPE_PATHGEOMETRY ⇒ 表内总数 1252
[create] 通道 2(0x10000002) 句柄 0x0000000a 类型 TYPE_MATRIXTRANSFORM ⇒ 表内总数 1252
[create] 通道 2(0x10000002) 句柄 0x000004e5 类型 TYPE_VISUAL ⇒ 表内总数 1253
[create] 通道 2(0x10000002) 句柄 0x000004e6 类型 TYPE_RENDERDATA ⇒ 表内总数 1254
[create] 通道 2(0x10000002) 句柄 0x0000001c 类型 TYPE_SOLIDCOLORBRUSH ⇒ 表内总数 1254
[create] 通道 2(0x10000002) 句柄 0x000004e7 类型 TYPE_GLYPHRUN ⇒ 表内总数 1255
[create] 通道 2(0x10000002) 句柄 0x0000001c 类型 TYPE_SOLIDCOLORBRUSH ⇒ 表内总数 1255
[create] 通道 2(0x10000002) 句柄 0x000004e8 类型 TYPE_GLYPHRUN ⇒ 表内总数 1256
[create] 通道 2(0x10000002) 句柄 0x0000001c 类型 TYPE_SOLIDCOLORBRUSH ⇒ 表内总数 1256
[create] 通道 2(0x10000002) 句柄 0x000004e9 类型 TYPE_GLYPHRUN ⇒ 表内总数 1257
[create] 通道 2(0x10000002) 句柄 0x000004ea 类型 TYPE_VISUAL ⇒ 表内总数 1258
[create] 通道 2(0x10000002) 句柄 0x000004eb 类型 TYPE_VISUAL ⇒ 表内总数 1259
[create] 通道 2(0x10000002) 句柄 0x000004ec 类型 TYPE_VISUAL ⇒ 表内总数 1260
[create] 通道 2(0x10000002) 句柄 0x000004ed 类型 TYPE_RENDERDATA ⇒ 表内总数 1261
[create] 通道 2(0x10000002) 句柄 0x00000015 类型 TYPE_SOLIDCOLORBRUSH ⇒ 表内总数 1261
[create] 通道 2(0x10000002) 句柄 0x000004ee 类型 TYPE_VISUAL ⇒ 表内总数 1262
[create] 通道 2(0x10000002) 句柄 0x000004ef 类型 TYPE_VISUAL ⇒ 表内总数 1263
[create] 通道 2(0x10000002) 句柄 0x000004f0 类型 TYPE_VISUAL ⇒ 表内总数 1264
[create] 通道 2(0x10000002) 句柄 0x000004f1 类型 TYPE_RENDERDATA ⇒ 表内总数 1265
[create] 通道 2(0x10000002) 句柄 0x000004f2 类型 TYPE_DRAWINGBRUSH ⇒ 表内总数 1266
[create] 通道 2(0x10000002) 句柄 0x0000000a 类型 TYPE_MATRIXTRANSFORM ⇒ 表内总数 1266
[create] 通道 2(0x10000002) 句柄 0x0000000a 类型 TYPE_MATRIXTRANSFORM ⇒ 表内总数 1266
[create] 通道 2(0x10000002) 句柄 0x000004f3 类型 TYPE_DRAWINGGROUP ⇒ 表内总数 1267
[create] 通道 2(0x10000002) 句柄 0x000004f4 类型 TYPE_GEOMETRYDRAWING ⇒ 表内总数 1268
[create] 通道 2(0x10000002) 句柄 0x000004f5 类型 TYPE_SOLIDCOLORBRUSH ⇒ 表内总数 1269
[create] 通道 2(0x10000002) 句柄 0x0000000a 类型 TYPE_MATRIXTRANSFORM ⇒ 表内总数 1269
[create] 通道 2(0x10000002) 句柄 0x0000000a 类型 TYPE_MATRIXTRANSFORM ⇒ 表内总数 1269
[create] 通道 2(0x10000002) 句柄 0x000004f6 类型 TYPE_PATHGEOMETRY ⇒ 表内总数 1270
[create] 通道 2(0x10000002) 句柄 0x0000000a 类型 TYPE_MATRIXTRANSFORM ⇒ 表内总数 1270
[create] 通道 2(0x10000002) 句柄 0x000004f7 类型 TYPE_GEOMETRYDRAWING ⇒ 表内总数 1271
[create] 通道 2(0x10000002) 句柄 0x000004f8 类型 TYPE_SOLIDCOLORBRUSH ⇒ 表内总数 1272
[create] 通道 2(0x10000002) 句柄 0x0000000a 类型 TYPE_MATRIXTRANSFORM ⇒ 表内总数 1272
[create] 通道 2(0x10000002) 句柄 0x0000000a 类型 TYPE_MATRIXTRANSFORM ⇒ 表内总数 1272
[create] 通道 2(0x10000002) 句柄 0x000004f9 类型 TYPE_PATHGEOMETRY ⇒ 表内总数 1273
[create] 通道 2(0x10000002) 句柄 0x0000000a 类型 TYPE_MATRIXTRANSFORM ⇒ 表内总数 1273
[create] 通道 2(0x10000002) 句柄 0x000004fa 类型 TYPE_GEOMETRYDRAWING ⇒ 表内总数 1274
[create] 通道 2(0x10000002) 句柄 0x000004fb 类型 TYPE_SOLIDCOLORBRUSH ⇒ 表内总数 1275
[create] 通道 2(0x10000002) 句柄 0x0000000a 类型 TYPE_MATRIXTRANSFORM ⇒ 表内总数 1275
[create] 通道 2(0x10000002) 句柄 0x0000000a 类型 TYPE_MATRIXTRANSFORM ⇒ 表内总数 1275
[create] 通道 2(0x10000002) 句柄 0x000004fc 类型 TYPE_PATHGEOMETRY ⇒ 表内总数 1276
[create] 通道 2(0x10000002) 句柄 0x0000000a 类型 TYPE_MATRIXTRANSFORM ⇒ 表内总数 1276
[create] 通道 2(0x10000002) 句柄 0x000004fd 类型 TYPE_VISUAL ⇒ 表内总数 1277
[create] 通道 2(0x10000002) 句柄 0x000004fe 类型 TYPE_RENDERDATA ⇒ 表内总数 1278
[create] 通道 2(0x10000002) 句柄 0x0000001c 类型 TYPE_SOLIDCOLORBRUSH ⇒ 表内总数 1278
[create] 通道 2(0x10000002) 句柄 0x000004ff 类型 TYPE_GLYPHRUN ⇒ 表内总数 1279
[create] 通道 2(0x10000002) 句柄 0x0000001c 类型 TYPE_SOLIDCOLORBRUSH ⇒ 表内总数 1279
[create] 通道 2(0x10000002) 句柄 0x00000500 类型 TYPE_GLYPHRUN ⇒ 表内总数 1280
[create] 通道 2(0x10000002) 句柄 0x0000001c 类型 TYPE_SOLIDCOLORBRUSH ⇒ 表内总数 1280
[create] 通道 2(0x10000002) 句柄 0x00000501 类型 TYPE_GLYPHRUN ⇒ 表内总数 1281
[create] 通道 2(0x10000002) 句柄 0x00000502 类型 TYPE_VISUAL ⇒ 表内总数 1282
[create] 通道 2(0x10000002) 句柄 0x00000503 类型 TYPE_VISUAL ⇒ 表内总数 1283
[create] 通道 2(0x10000002) 句柄 0x00000504 类型 TYPE_VISUAL ⇒ 表内总数 1284
[create] 通道 2(0x10000002) 句柄 0x00000505 类型 TYPE_VISUAL ⇒ 表内总数 1285
[create] 通道 2(0x10000002) 句柄 0x00000506 类型 TYPE_VISUAL ⇒ 表内总数 1286
[create] 通道 2(0x10000002) 句柄 0x00000507 类型 TYPE_RENDERDATA ⇒ 表内总数 1287
[create] 通道 2(0x10000002) 句柄 0x00000015 类型 TYPE_SOLIDCOLORBRUSH ⇒ 表内总数 1287
[create] 通道 2(0x10000002) 句柄 0x00000508 类型 TYPE_VISUAL ⇒ 表内总数 1288
[create] 通道 2(0x10000002) 句柄 0x00000509 类型 TYPE_VISUAL ⇒ 表内总数 1289
[create] 通道 2(0x10000002) 句柄 0x0000050a 类型 TYPE_VISUAL ⇒ 表内总数 1290
[create] 通道 2(0x10000002) 句柄 0x0000050b 类型 TYPE_RENDERDATA ⇒ 表内总数 1291
[create] 通道 2(0x10000002) 句柄 0x00000015 类型 TYPE_SOLIDCOLORBRUSH ⇒ 表内总数 1291
[create] 通道 2(0x10000002) 句柄 0x0000050c 类型 TYPE_VISUAL ⇒ 表内总数 1292
[create] 通道 2(0x10000002) 句柄 0x0000050d 类型 TYPE_VISUAL ⇒ 表内总数 1293
[create] 通道 2(0x10000002) 句柄 0x0000050e 类型 TYPE_RENDERDATA ⇒ 表内总数 1294
[create] 通道 2(0x10000002) 句柄 0x00000015 类型 TYPE_SOLIDCOLORBRUSH ⇒ 表内总数 1294
[create] 通道 2(0x10000002) 句柄 0x0000050f 类型 TYPE_VISUAL ⇒ 表内总数 1295
[create] 通道 2(0x10000002) 句柄 0x00000510 类型 TYPE_VISUAL ⇒ 表内总数 1296
[create] 通道 2(0x10000002) 句柄 0x00000511 类型 TYPE_RENDERDATA ⇒ 表内总数 1297
[create] 通道 2(0x10000002) 句柄 0x00000015 类型 TYPE_SOLIDCOLORBRUSH ⇒ 表内总数 1297
[create] 通道 2(0x10000002) 句柄 0x00000512 类型 TYPE_VISUAL ⇒ 表内总数 1298
[create] 通道 2(0x10000002) 句柄 0x00000513 类型 TYPE_TRANSFORMGROUP ⇒ 表内总数 1299
[create] 通道 2(0x10000002) 句柄 0x00000514 类型 TYPE_TRANSFORMGROUP ⇒ 表内总数 1300
[create] 通道 2(0x10000002) 句柄 0x00000515 类型 TYPE_TRANSLATETRANSFORM ⇒ 表内总数 1301
[create] 通道 2(0x10000002) 句柄 0x00000516 类型 TYPE_RENDERDATA ⇒ 表内总数 1302
[create] 通道 2(0x10000002) 句柄 0x0000001c 类型 TYPE_SOLIDCOLORBRUSH ⇒ 表内总数 1302
[create] 通道 2(0x10000002) 句柄 0x00000517 类型 TYPE_VISUAL ⇒ 表内总数 1303
[create] 通道 2(0x10000002) 句柄 0x00000518 类型 TYPE_VISUAL ⇒ 表内总数 1304
[create] 通道 2(0x10000002) 句柄 0x00000519 类型 TYPE_VISUAL ⇒ 表内总数 1305
[closebatch] 通道 2 待处理 1459 条 ⇒ hr=0x00000000
[preflight] 通道 2 待提交 #0: id=0x27 (MilCmdVisualSetGuidelineCollection) len=32 handle=0x000000d7 在资源表里=True
[preflight] 通道 2 待提交 #1: id=0x18 (MilCmdRenderData) len=60 handle=0x000000db 在资源表里=True
[preflight] 通道 2 待提交 #2: id=0x22 (MilCmdVisualSetContent) len=12 handle=0x000000d7 在资源表里=True
[preflight] 通道 2 待提交 #3: id=0x24 (MilCmdVisualRemoveAllChildren) len=8 handle=0x000000d7 在资源表里=True
[preflight] 通道 2 待提交 #4: id=0x27 (MilCmdVisualSetGuidelineCollection) len=32 handle=0x000000e1 在资源表里=True
[preflight] 通道 2 待提交 #5: id=0x7f (MilCmdLinearGradientBrush) len=132 handle=0x000000e3 在资源表里=True
[preflight] 通道 2 待提交 #6: id=0x7d (MilCmdPathGeometry) len=308 handle=0x000000e4 在资源表里=True
[preflight] 通道 2 待提交 #7: id=0x7d (MilCmdPathGeometry) len=188 handle=0x000000e5 在资源表里=True
[preflight] 通道 2 待提交 #8: id=0x18 (MilCmdRenderData) len=60 handle=0x000000e2 在资源表里=True
[preflight] 通道 2 待提交 #9: id=0x22 (MilCmdVisualSetContent) len=12 handle=0x000000e1 在资源表里=True
[preflight] 通道 2 待提交 #10: id=0x26 (MilCmdVisualInsertChildAt) len=16 handle=0x000000d8 在资源表里=True
[preflight] 通道 2 待提交 #11: id=0x1b (MilCmdVisualSetOffset) len=24 handle=0x000000e6 在资源表里=True
[preflight] 通道 2 待提交 #12: id=0x27 (MilCmdVisualSetGuidelineCollection) len=32 handle=0x000000e7 在资源表里=True
[preflight] 通道 2 待提交 #13: id=0x7f (MilCmdLinearGradientBrush) len=132 handle=0x000000e9 在资源表里=True
[preflight] 通道 2 待提交 #14: id=0x3a (MilCmdGlyphRunCreate) len=132 handle=0x000000ea 在资源表里=True
[preflight] 通道 2 待提交 #15: id=0x18 (MilCmdRenderData) len=28 handle=0x000000e8 在资源表里=True
[preflight] 通道 2 待提交 #16: id=0x22 (MilCmdVisualSetContent) len=12 handle=0x000000e7 在资源表里=True
[preflight] 通道 2 待提交 #17: id=0x26 (MilCmdVisualInsertChildAt) len=16 handle=0x000000e6 在资源表里=True
[preflight] 通道 2 待提交 #18: id=0x26 (MilCmdVisualInsertChildAt) len=16 handle=0x000000d8 在资源表里=True
[preflight] 通道 2 待提交 #19: id=0x26 (MilCmdVisualInsertChildAt) len=16 handle=0x000000da 在资源表里=True
[preflight] 通道 2 待提交 #20: id=0x26 (MilCmdVisualInsertChildAt) len=16 handle=0x000000d7 在资源表里=True
[preflight] 通道 2 待提交 #21: id=0x1b (MilCmdVisualSetOffset) len=24 handle=0x000000d9 在资源表里=True
[preflight] 通道 2 待提交 #22: id=0x27 (MilCmdVisualSetGuidelineCollection) len=32 handle=0x000000d9 在资源表里=True
[preflight] 通道 2 待提交 #23: id=0x86 (MilCmdPen) len=52 handle=0x000000ec 在资源表里=True
[preflight] 通道 2 待提交 #24: id=0x18 (MilCmdRenderData) len=108 handle=0x000000eb 在资源表里=True
[preflight] 通道 2 待提交 #25: id=0x22 (MilCmdVisualSetContent) len=12 handle=0x000000d9 在资源表里=True
[preflight] 通道 2 待提交 #26: id=0x1b (MilCmdVisualSetOffset) len=24 handle=0x000000ed 在资源表里=True
[preflight] 通道 2 待提交 #27: id=0x20 (MilCmdVisualSetAlpha) len=16 handle=0x000000f4 在资源表里=True
[preflight] 通道 2 待提交 #28: id=0x20 (MilCmdVisualSetAlpha) len=16 handle=0x000000f5 在资源表里=True
[preflight] 通道 2 待提交 #29: id=0x26 (MilCmdVisualInsertChildAt) len=16 handle=0x000000f4 在资源表里=True
[preflight] 通道 2 待提交 #30: id=0x26 (MilCmdVisualInsertChildAt) len=16 handle=0x000000f4 在资源表里=True
[preflight] 通道 2 待提交 #31: id=0x26 (MilCmdVisualInsertChildAt) len=16 handle=0x000000f3 在资源表里=True
[preflight] 通道 2 待提交 #32: id=0x7d (MilCmdPathGeometry) len=596 handle=0x000000f9 在资源表里=True
[preflight] 通道 2 待提交 #33: id=0x7d (MilCmdPathGeometry) len=332 handle=0x000000fa 在资源表里=True
[preflight] 通道 2 待提交 #34: id=0x18 (MilCmdRenderData) len=60 handle=0x000000f8 在资源表里=True
[preflight] 通道 2 待提交 #35: id=0x22 (MilCmdVisualSetContent) len=12 handle=0x000000f7 在资源表里=True
[preflight] 通道 2 待提交 #36: id=0x26 (MilCmdVisualInsertChildAt) len=16 handle=0x000000f3 在资源表里=True
[preflight] 通道 2 待提交 #37: id=0x20 (MilCmdVisualSetAlpha) len=16 handle=0x000000fc 在资源表里=True
[preflight] 通道 2 待提交 #38: id=0x26 (MilCmdVisualInsertChildAt) len=16 handle=0x000000fb 在资源表里=True
[preflight] 通道 2 待提交 #39: id=0x1b (MilCmdVisualSetOffset) len=24 handle=0x000000fd 在资源表里=True
[preflight] 通道 2 待提交 #40: id=0x27 (MilCmdVisualSetGuidelineCollection) len=32 handle=0x000000fe 在资源表里=True
[preflight] 通道 2 待提交 #41: id=0x86 (MilCmdPen) len=52 handle=0x00000100 在资源表里=True
[preflight] 通道 2 待提交 #42: id=0x18 (MilCmdRenderData) len=108 handle=0x000000ff 在资源表里=True
[preflight] 通道 2 待提交 #43: id=0x22 (MilCmdVisualSetContent) len=12 handle=0x000000fe 在资源表里=True
[preflight] 通道 2 待提交 #44: id=0x1b (MilCmdVisualSetOffset) len=24 handle=0x00000101 在资源表里=True
[preflight] 通道 2 待提交 #45: id=0x27 (MilCmdVisualSetGuidelineCollection) len=32 handle=0x00000103 在资源表里=True
[preflight] 通道 2 待提交 #46: id=0x77 (MilCmdMatrixTransform) len=60 handle=0x00000106 在资源表里=True
[preflight] 通道 2 待提交 #47: id=0x7d (MilCmdPathGeometry) len=812 handle=0x00000105 在资源表里=True
[preflight] 通道 2 待提交 #48: id=0x18 (MilCmdRenderData) len=36 handle=0x00000104 在资源表里=True
[preflight] 通道 2 待提交 #49: id=0x22 (MilCmdVisualSetContent) len=12 handle=0x00000103 在资源表里=True
[preflight] 通道 2 待提交 #50: id=0x26 (MilCmdVisualInsertChildAt) len=16 handle=0x00000102 在资源表里=True
[preflight] 通道 2 待提交 #51: id=0x26 (MilCmdVisualInsertChildAt) len=16 handle=0x00000101 在资源表里=True
[preflight] 通道 2 待提交 #52: id=0x26 (MilCmdVisualInsertChildAt) len=16 handle=0x000000fe 在资源表里=True
[preflight] 通道 2 待提交 #53: id=0x26 (MilCmdVisualInsertChildAt) len=16 handle=0x000000fd 在资源表里=True
[preflight] 通道 2 待提交 #54: id=0x26 (MilCmdVisualInsertChildAt) len=16 handle=0x000000fb 在资源表里=True
[preflight] 通道 2 待提交 #55: id=0x1b (MilCmdVisualSetOffset) len=24 handle=0x00000107 在资源表里=True
[preflight] 通道 2 待提交 #56: id=0x27 (MilCmdVisualSetGuidelineCollection) len=32 handle=0x00000107 在资源表里=True
[preflight] 通道 2 待提交 #57: id=0x7e (MilCmdSolidColorBrush) len=48 handle=0x00000109 在资源表里=True
[preflight] 通道 2 待提交 #58: id=0x3a (MilCmdGlyphRunCreate) len=160 handle=0x0000010a 在资源表里=True
[preflight] 通道 2 待提交 #59: id=0x18 (MilCmdRenderData) len=28 handle=0x00000108 在资源表里=True
[preflight] 通道 2 待提交 #60: id=0x22 (MilCmdVisualSetContent) len=12 handle=0x00000107 在资源表里=True
[preflight] 通道 2 待提交 #61: id=0x26 (MilCmdVisualInsertChildAt) len=16 handle=0x000000fb 在资源表里=True
[preflight] 通道 2 待提交 #62: id=0x1b (MilCmdVisualSetOffset) len=24 handle=0x0000010b 在资源表里=True
[preflight] 通道 2 待提交 #63: id=0x27 (MilCmdVisualSetGuidelineCollection) len=32 handle=0x0000010c 在资源表里=True
[preflight] 通道 2 待提交 #64: id=0x18 (MilCmdRenderData) len=60 handle=0x0000010d 在资源表里=True
[preflight] 通道 2 待提交 #65: id=0x22 (MilCmdVisualSetContent) len=12 handle=0x0000010c 在资源表里=True
[preflight] 通道 2 待提交 #66: id=0x79 (MilCmdRectangleGeometry) len=72 handle=0x0000010f 在资源表里=True
[preflight] 通道 2 待提交 #67: id=0x1f (MilCmdVisualSetClip) len=12 handle=0x0000010e 在资源表里=True
[preflight] 通道 2 待提交 #68: id=0x1b (MilCmdVisualSetOffset) len=24 handle=0x0000010e 在资源表里=True
[preflight] 通道 2 待提交 #69: id=0x1b (MilCmdVisualSetOffset) len=24 handle=0x00000110 在资源表里=True
[preflight] 通道 2 待提交 #70: id=0x27 (MilCmdVisualSetGuidelineCollection) len=32 handle=0x00000110 在资源表里=True
[preflight] 通道 2 待提交 #71: id=0x7e (MilCmdSolidColorBrush) len=48 handle=0x00000112 在资源表里=True
[preflight] 通道 2 待提交 #72: id=0x18 (MilCmdRenderData) len=60 handle=0x00000111 在资源表里=True
[preflight] 通道 2 待提交 #73: id=0x22 (MilCmdVisualSetContent) len=12 handle=0x00000110 在资源表里=True
[preflight] 通道 2 待提交 #74: id=0x1b (MilCmdVisualSetOffset) len=24 handle=0x00000113 在资源表里=True
[preflight] 通道 2 待提交 #75: id=0x18 (MilCmdRenderData) len=36 handle=0x00000114 在资源表里=True
[preflight] 通道 2 待提交 #76: id=0x22 (MilCmdVisualSetContent) len=12 handle=0x00000113 在资源表里=True
[preflight] 通道 2 待提交 #77: id=0x26 (MilCmdVisualInsertChildAt) len=16 handle=0x00000110 在资源表里=True
[preflight] 通道 2 待提交 #78: id=0x26 (MilCmdVisualInsertChildAt) len=16 handle=0x0000010e 在资源表里=True
[preflight] 通道 2 待提交 #79: id=0x26 (MilCmdVisualInsertChildAt) len=16 handle=0x0000010e 在资源表里=True
[preflight] 通道 2 待提交 #80: id=0x26 (MilCmdVisualInsertChildAt) len=16 handle=0x0000010c 在资源表里=True
[preflight] 通道 2 待提交 #81: id=0x20 (MilCmdVisualSetAlpha) len=16 handle=0x00000116 在资源表里=True
[preflight] 通道 2 待提交 #82: id=0x26 (MilCmdVisualInsertChildAt) len=16 handle=0x0000010c 在资源表里=True
[preflight] 通道 2 待提交 #83: id=0x20 (MilCmdVisualSetAlpha) len=16 handle=0x00000117 在资源表里=True
[preflight] 通道 2 待提交 #84: id=0x26 (MilCmdVisualInsertChildAt) len=16 handle=0x0000010c 在资源表里=True
[preflight] 通道 2 待提交 #85: id=0x26 (MilCmdVisualInsertChildAt) len=16 handle=0x0000010b 在资源表里=True
[preflight] 通道 2 待提交 #86: id=0x26 (MilCmdVisualInsertChildAt) len=16 handle=0x000000fb 在资源表里=True
[preflight] 通道 2 待提交 #87: id=0x26 (MilCmdVisualInsertChildAt) len=16 handle=0x000000f3 在资源表里=True
[preflight] 通道 2 待提交 #88: id=0x26 (MilCmdVisualInsertChildAt) len=16 handle=0x000000f2 在资源表里=True
[preflight] 通道 2 待提交 #89: id=0x26 (MilCmdVisualInsertChildAt) len=16 handle=0x000000f1 在资源表里=True
[preflight] 通道 2 待提交 #90: id=0x1b (MilCmdVisualSetOffset) len=24 handle=0x00000118 在资源表里=True
[preflight] 通道 2 待提交 #91: id=0x27 (MilCmdVisualSetGuidelineCollection) len=32 handle=0x00000119 在资源表里=True
[preflight] 通道 2 待提交 #92: id=0x7d (MilCmdPathGeometry) len=628 handle=0x0000011b 在资源表里=True
[preflight] 通道 2 待提交 #93: id=0x7d (MilCmdPathGeometry) len=348 handle=0x0000011c 在资源表里=True
[preflight] 通道 2 待提交 #94: id=0x18 (MilCmdRenderData) len=60 handle=0x0000011a 在资源表里=True
[preflight] 通道 2 待提交 #95: id=0x22 (MilCmdVisualSetContent) len=12 handle=0x00000119 在资源表里=True
[preflight] 通道 2 待提交 #96: id=0x1b (MilCmdVisualSetOffset) len=24 handle=0x0000011d 在资源表里=True
[preflight] 通道 2 待提交 #97: id=0x1b (MilCmdVisualSetOffset) len=24 handle=0x0000011e 在资源表里=True
[preflight] 通道 2 待提交 #98: id=0x7e (MilCmdSolidColorBrush) len=48 handle=0x00000124 在资源表里=True
[preflight] 通道 2 待提交 #99: id=0x7d (MilCmdPathGeometry) len=172 handle=0x00000125 在资源表里=True
[preflight] 通道 2 待提交 #100: id=0x87 (MilCmdGeometryDrawing) len=20 handle=0x00000123 在资源表里=True
[preflight] 通道 2 待提交 #101: id=0x7e (MilCmdSolidColorBrush) len=48 handle=0x00000127 在资源表里=True
[preflight] 通道 2 待提交 #102: id=0x7d (MilCmdPathGeometry) len=444 handle=0x00000128 在资源表里=True
[preflight] 通道 2 待提交 #103: id=0x87 (MilCmdGeometryDrawing) len=20 handle=0x00000126 在资源表里=True
[preflight] 通道 2 待提交 #104: id=0x7e (MilCmdSolidColorBrush) len=48 handle=0x0000012a 在资源表里=True
[preflight] 通道 2 待提交 #105: id=0x7d (MilCmdPathGeometry) len=660 handle=0x0000012b 在资源表里=True
[preflight] 通道 2 待提交 #106: id=0x87 (MilCmdGeometryDrawing) len=20 handle=0x00000129 在资源表里=True
[preflight] 通道 2 待提交 #107: id=0x7e (MilCmdSolidColorBrush) len=48 handle=0x0000012d 在资源表里=True
[preflight] 通道 2 待提交 #108: id=0x7d (MilCmdPathGeometry) len=324 handle=0x0000012e 在资源表里=True
[preflight] 通道 2 待提交 #109: id=0x87 (MilCmdGeometryDrawing) len=20 handle=0x0000012c 在资源表里=True
[preflight] 通道 2 待提交 #110: id=0x7e (MilCmdSolidColorBrush) len=48 handle=0x00000130 在资源表里=True
[preflight] 通道 2 待提交 #111: id=0x7d (MilCmdPathGeometry) len=252 handle=0x00000131 在资源表里=True
[preflight] 通道 2 待提交 #112: id=0x87 (MilCmdGeometryDrawing) len=20 handle=0x0000012f 在资源表里=True
[preflight] 通道 2 待提交 #113: id=0x8b (MilCmdDrawingGroup) len=72 handle=0x00000122 在资源表里=True
[preflight] 通道 2 待提交 #114: id=0x82 (MilCmdDrawingBrush) len=148 handle=0x00000121 在资源表里=True
[preflight] 通道 2 待提交 #115: id=0x18 (MilCmdRenderData) len=76 handle=0x00000120 在资源表里=True
[preflight] 通道 2 待提交 #116: id=0x22 (MilCmdVisualSetContent) len=12 handle=0x0000011f 在资源表里=True
[preflight] 通道 2 待提交 #117: id=0x26 (MilCmdVisualInsertChildAt) len=16 handle=0x0000011e 在资源表里=True
[preflight] 通道 2 待提交 #118: id=0x26 (MilCmdVisualInsertChildAt) len=16 handle=0x0000011d 在资源表里=True
[preflight] 通道 2 待提交 #119: id=0x20 (MilCmdVisualSetAlpha) len=16 handle=0x00000132 在资源表里=True
[preflight] 通道 2 待提交 #120: id=0x26 (MilCmdVisualInsertChildAt) len=16 handle=0x0000011d 在资源表里=True
[preflight] 通道 2 待提交 #121: id=0x26 (MilCmdVisualInsertChildAt) len=16 handle=0x00000119 在资源表里=True
[preflight] 通道 2 待提交 #122: id=0x26 (MilCmdVisualInsertChildAt) len=16 handle=0x00000118 在资源表里=True
[preflight] 通道 2 待提交 #123: id=0x26 (MilCmdVisualInsertChildAt) len=16 handle=0x000000f1 在资源表里=True
[preflight] 通道 2 待提交 #124: id=0x26 (MilCmdVisualInsertChildAt) len=16 handle=0x000000f0 在资源表里=True
[preflight] 通道 2 待提交 #125: id=0x26 (MilCmdVisualInsertChildAt) len=16 handle=0x000000ef 在资源表里=True
[preflight] 通道 2 待提交 #126: id=0x26 (MilCmdVisualInsertChildAt) len=16 handle=0x000000ee 在资源表里=True
[preflight] 通道 2 待提交 #127: id=0x26 (MilCmdVisualInsertChildAt) len=16 handle=0x000000ed 在资源表里=True
[preflight] 通道 2 待提交 #128: id=0x1b (MilCmdVisualSetOffset) len=24 handle=0x00000133 在资源表里=True
[preflight] 通道 2 待提交 #129: id=0x27 (MilCmdVisualSetGuidelineCollection) len=32 handle=0x00000134 在资源表里=True
[preflight] 通道 2 待提交 #130: id=0x18 (MilCmdRenderData) len=76 handle=0x00000135 在资源表里=True
[preflight] 通道 2 待提交 #131: id=0x22 (MilCmdVisualSetContent) len=12 handle=0x00000134 在资源表里=True
[preflight] 通道 2 待提交 #132: id=0x79 (MilCmdRectangleGeometry) len=72 handle=0x0000013d 在资源表里=True
[preflight] 通道 2 待提交 #133: id=0x1f (MilCmdVisualSetClip) len=12 handle=0x0000013c 在资源表里=True
[preflight] 通道 2 待提交 #134: id=0x27 (MilCmdVisualSetGuidelineCollection) len=32 handle=0x00000141 在资源表里=True
[preflight] 通道 2 待提交 #135: id=0x18 (MilCmdRenderData) len=76 handle=0x00000142 在资源表里=True
[preflight] 通道 2 待提交 #136: id=0x22 (MilCmdVisualSetContent) len=12 handle=0x00000141 在资源表里=True
[preflight] 通道 2 待提交 #137: id=0x1b (MilCmdVisualSetOffset) len=24 handle=0x00000143 在资源表里=True
[preflight] 通道 2 待提交 #138: id=0x27 (MilCmdVisualSetGuidelineCollection) len=32 handle=0x00000145 在资源表里=True
[preflight] 通道 2 待提交 #139: id=0x7e (MilCmdSolidColorBrush) len=48 handle=0x0000014a 在资源表里=True
[preflight] 通道 2 待提交 #140: id=0x7d (MilCmdPathGeometry) len=172 handle=0x0000014b 在资源表里=True
[preflight] 通道 2 待提交 #141: id=0x87 (MilCmdGeometryDrawing) len=20 handle=0x00000149 在资源表里=True
[preflight] 通道 2 待提交 #142: id=0x7e (MilCmdSolidColorBrush) len=48 handle=0x0000014d 在资源表里=True
[preflight] 通道 2 待提交 #143: id=0x7d (MilCmdPathGeometry) len=236 handle=0x0000014e 在资源表里=True
[preflight] 通道 2 待提交 #144: id=0x87 (MilCmdGeometryDrawing) len=20 handle=0x0000014c 在资源表里=True
[preflight] 通道 2 待提交 #145: id=0x7e (MilCmdSolidColorBrush) len=48 handle=0x00000150 在资源表里=True
[preflight] 通道 2 待提交 #146: id=0x7d (MilCmdPathGeometry) len=380 handle=0x00000151 在资源表里=True
[preflight] 通道 2 待提交 #147: id=0x87 (MilCmdGeometryDrawing) len=20 handle=0x0000014f 在资源表里=True
[preflight] 通道 2 待提交 #148: id=0x8b (MilCmdDrawingGroup) len=64 handle=0x00000148 在资源表里=True
[preflight] 通道 2 待提交 #149: id=0x82 (MilCmdDrawingBrush) len=148 handle=0x00000147 在资源表里=True
[preflight] 通道 2 待提交 #150: id=0x18 (MilCmdRenderData) len=76 handle=0x00000146 在资源表里=True
[preflight] 通道 2 待提交 #151: id=0x22 (MilCmdVisualSetContent) len=12 handle=0x00000145 在资源表里=True
[preflight] 通道 2 待提交 #152: id=0x26 (MilCmdVisualInsertChildAt) len=16 handle=0x00000144 在资源表里=True
[preflight] 通道 2 待提交 #153: id=0x1b (MilCmdVisualSetOffset) len=24 handle=0x00000152 在资源表里=True
[preflight] 通道 2 待提交 #154: id=0x27 (MilCmdVisualSetGuidelineCollection) len=32 handle=0x00000152 在资源表里=True
[preflight] 通道 2 待提交 #155: id=0x3a (MilCmdGlyphRunCreate) len=90 handle=0x00000154 在资源表里=True
[preflight] 通道 2 待提交 #156: id=0x3a (MilCmdGlyphRunCreate) len=104 handle=0x00000155 在资源表里=True
[preflight] 通道 2 待提交 #157: id=0x3a (MilCmdGlyphRunCreate) len=90 handle=0x00000156 在资源表里=True
[preflight] 通道 2 待提交 #158: id=0x18 (MilCmdRenderData) len=60 handle=0x00000153 在资源表里=True
[preflight] 通道 2 待提交 #159: id=0x22 (MilCmdVisualSetContent) len=12 handle=0x00000152 在资源表里=True
[preflight] 通道 2 待提交 #160: id=0x26 (MilCmdVisualInsertChildAt) len=16 handle=0x00000144 在资源表里=True
[preflight] 通道 2 待提交 #161: id=0x20 (MilCmdVisualSetAlpha) len=16 handle=0x00000157 在资源表里=True
[preflight] 通道 2 待提交 #162: id=0x26 (MilCmdVisualInsertChildAt) len=16 handle=0x00000144 在资源表里=True
[preflight] 通道 2 待提交 #163: id=0x26 (MilCmdVisualInsertChildAt) len=16 handle=0x00000143 在资源表里=True
[preflight] 通道 2 待提交 #164: id=0x26 (MilCmdVisualInsertChildAt) len=16 handle=0x00000141 在资源表里=True
[preflight] 通道 2 待提交 #165: id=0x26 (MilCmdVisualInsertChildAt) len=16 handle=0x00000140 在资源表里=True
[preflight] 通道 2 待提交 #166: id=0x26 (MilCmdVisualInsertChildAt) len=16 handle=0x0000013f 在资源表里=True
[preflight] 通道 2 待提交 #167: id=0x1b (MilCmdVisualSetOffset) len=24 handle=0x00000158 在资源表里=True
[preflight] 通道 2 待提交 #168: id=0x27 (MilCmdVisualSetGuidelineCollection) len=32 handle=0x00000159 在资源表里=True
[preflight] 通道 2 待提交 #169: id=0x18 (MilCmdRenderData) len=76 handle=0x0000015a 在资源表里=True
[preflight] 通道 2 待提交 #170: id=0x22 (MilCmdVisualSetContent) len=12 handle=0x00000159 在资源表里=True
[preflight] 通道 2 待提交 #171: id=0x1b (MilCmdVisualSetOffset) len=24 handle=0x0000015b 在资源表里=True
[preflight] 通道 2 待提交 #172: id=0x27 (MilCmdVisualSetGuidelineCollection) len=32 handle=0x0000015d 在资源表里=True
[preflight] 通道 2 待提交 #173: id=0x7e (MilCmdSolidColorBrush) len=48 handle=0x00000162 在资源表里=True
[preflight] 通道 2 待提交 #174: id=0x7d (MilCmdPathGeometry) len=172 handle=0x00000163 在资源表里=True
[preflight] 通道 2 待提交 #175: id=0x87 (MilCmdGeometryDrawing) len=20 handle=0x00000161 在资源表里=True
[preflight] 通道 2 待提交 #176: id=0x7e (MilCmdSolidColorBrush) len=48 handle=0x00000165 在资源表里=True
[preflight] 通道 2 待提交 #177: id=0x7d (MilCmdPathGeometry) len=380 handle=0x00000166 在资源表里=True
[preflight] 通道 2 待提交 #178: id=0x87 (MilCmdGeometryDrawing) len=20 handle=0x00000164 在资源表里=True
[preflight] 通道 2 待提交 #179: id=0x7e (MilCmdSolidColorBrush) len=48 handle=0x00000168 在资源表里=True
[preflight] 通道 2 待提交 #180: id=0x7d (MilCmdPathGeometry) len=548 handle=0x00000169 在资源表里=True
[preflight] 通道 2 待提交 #181: id=0x87 (MilCmdGeometryDrawing) len=20 handle=0x00000167 在资源表里=True
[preflight] 通道 2 待提交 #182: id=0x7e (MilCmdSolidColorBrush) len=48 handle=0x0000016b 在资源表里=True
[preflight] 通道 2 待提交 #183: id=0x7d (MilCmdPathGeometry) len=268 handle=0x0000016c 在资源表里=True
[preflight] 通道 2 待提交 #184: id=0x87 (MilCmdGeometryDrawing) len=20 handle=0x0000016a 在资源表里=True
[preflight] 通道 2 待提交 #185: id=0x8b (MilCmdDrawingGroup) len=68 handle=0x00000160 在资源表里=True
[preflight] 通道 2 待提交 #186: id=0x82 (MilCmdDrawingBrush) len=148 handle=0x0000015f 在资源表里=True
[preflight] 通道 2 待提交 #187: id=0x18 (MilCmdRenderData) len=76 handle=0x0000015e 在资源表里=True
[preflight] 通道 2 待提交 #188: id=0x22 (MilCmdVisualSetContent) len=12 handle=0x0000015d 在资源表里=True
[preflight] 通道 2 待提交 #189: id=0x26 (MilCmdVisualInsertChildAt) len=16 handle=0x0000015c 在资源表里=True
[preflight] 通道 2 待提交 #190: id=0x1b (MilCmdVisualSetOffset) len=24 handle=0x0000016d 在资源表里=True
[preflight] 通道 2 待提交 #191: id=0x27 (MilCmdVisualSetGuidelineCollection) len=32 handle=0x0000016d 在资源表里=True
[preflight] 通道 2 待提交 #192: id=0x3a (MilCmdGlyphRunCreate) len=90 handle=0x0000016f 在资源表里=True
[preflight] 通道 2 待提交 #193: id=0x3a (MilCmdGlyphRunCreate) len=104 handle=0x00000170 在资源表里=True
[preflight] 通道 2 待提交 #194: id=0x3a (MilCmdGlyphRunCreate) len=90 handle=0x00000171 在资源表里=True
[preflight] 通道 2 待提交 #195: id=0x18 (MilCmdRenderData) len=60 handle=0x0000016e 在资源表里=True
[preflight] 通道 2 待提交 #196: id=0x22 (MilCmdVisualSetContent) len=12 handle=0x0000016d 在资源表里=True
[preflight] 通道 2 待提交 #197: id=0x26 (MilCmdVisualInsertChildAt) len=16 handle=0x0000015c 在资源表里=True
[preflight] 通道 2 待提交 #198: id=0x20 (MilCmdVisualSetAlpha) len=16 handle=0x00000172 在资源表里=True
[preflight] 通道 2 待提交 #199: id=0x26 (MilCmdVisualInsertChildAt) len=16 handle=0x0000015c 在资源表里=True
[preflight] 通道 2 待提交 #200: id=0x26 (MilCmdVisualInsertChildAt) len=16 handle=0x0000015b 在资源表里=True
[preflight] 通道 2 待提交 #201: id=0x26 (MilCmdVisualInsertChildAt) len=16 handle=0x00000159 在资源表里=True
[preflight] 通道 2 待提交 #202: id=0x26 (MilCmdVisualInsertChildAt) len=16 handle=0x00000158 在资源表里=True
[preflight] 通道 2 待提交 #203: id=0x26 (MilCmdVisualInsertChildAt) len=16 handle=0x0000013f 在资源表里=True
[preflight] 通道 2 待提交 #204: id=0x1b (MilCmdVisualSetOffset) len=24 handle=0x00000173 在资源表里=True
[preflight] 通道 2 待提交 #205: id=0x27 (MilCmdVisualSetGuidelineCollection) len=32 handle=0x00000174 在资源表里=True
[preflight] 通道 2 待提交 #206: id=0x18 (MilCmdRenderData) len=76 handle=0x00000175 在资源表里=True
[preflight] 通道 2 待提交 #207: id=0x22 (MilCmdVisualSetContent) len=12 handle=0x00000174 在资源表里=True
[preflight] 通道 2 待提交 #208: id=0x1b (MilCmdVisualSetOffset) len=24 handle=0x00000176 在资源表里=True
[preflight] 通道 2 待提交 #209: id=0x27 (MilCmdVisualSetGuidelineCollection) len=32 handle=0x00000178 在资源表里=True
[preflight] 通道 2 待提交 #210: id=0x7e (MilCmdSolidColorBrush) len=48 handle=0x0000017d 在资源表里=True
[preflight] 通道 2 待提交 #211: id=0x7d (MilCmdPathGeometry) len=508 handle=0x0000017e 在资源表里=True
[preflight] 通道 2 待提交 #212: id=0x87 (MilCmdGeometryDrawing) len=20 handle=0x0000017c 在资源表里=True
[preflight] 通道 2 待提交 #213: id=0x7e (MilCmdSolidColorBrush) len=48 handle=0x00000180 在资源表里=True
[preflight] 通道 2 待提交 #214: id=0x7d (MilCmdPathGeometry) len=1004 handle=0x00000181 在资源表里=True
[preflight] 通道 2 待提交 #215: id=0x87 (MilCmdGeometryDrawing) len=20 handle=0x0000017f 在资源表里=True
[preflight] 通道 2 待提交 #216: id=0x8b (MilCmdDrawingGroup) len=60 handle=0x0000017b 在资源表里=True
[preflight] 通道 2 待提交 #217: id=0x82 (MilCmdDrawingBrush) len=148 handle=0x0000017a 在资源表里=True
[preflight] 通道 2 待提交 #218: id=0x18 (MilCmdRenderData) len=76 handle=0x00000179 在资源表里=True
[preflight] 通道 2 待提交 #219: id=0x22 (MilCmdVisualSetContent) len=12 handle=0x00000178 在资源表里=True
[preflight] 通道 2 待提交 #220: id=0x26 (MilCmdVisualInsertChildAt) len=16 handle=0x00000177 在资源表里=True
[preflight] 通道 2 待提交 #221: id=0x1b (MilCmdVisualSetOffset) len=24 handle=0x00000182 在资源表里=True
[preflight] 通道 2 待提交 #222: id=0x27 (MilCmdVisualSetGuidelineCollection) len=32 handle=0x00000182 在资源表里=True
[preflight] 通道 2 待提交 #223: id=0x3a (MilCmdGlyphRunCreate) len=90 handle=0x00000184 在资源表里=True
[preflight] 通道 2 待提交 #224: id=0x3a (MilCmdGlyphRunCreate) len=132 handle=0x00000185 在资源表里=True
[preflight] 通道 2 待提交 #225: id=0x3a (MilCmdGlyphRunCreate) len=90 handle=0x00000186 在资源表里=True
[preflight] 通道 2 待提交 #226: id=0x18 (MilCmdRenderData) len=60 handle=0x00000183 在资源表里=True
[preflight] 通道 2 待提交 #227: id=0x22 (MilCmdVisualSetContent) len=12 handle=0x00000182 在资源表里=True
[preflight] 通道 2 待提交 #228: id=0x26 (MilCmdVisualInsertChildAt) len=16 handle=0x00000177 在资源表里=True
[preflight] 通道 2 待提交 #229: id=0x20 (MilCmdVisualSetAlpha) len=16 handle=0x00000187 在资源表里=True
[preflight] 通道 2 待提交 #230: id=0x26 (MilCmdVisualInsertChildAt) len=16 handle=0x00000177 在资源表里=True
[preflight] 通道 2 待提交 #231: id=0x26 (MilCmdVisualInsertChildAt) len=16 handle=0x00000176 在资源表里=True
[preflight] 通道 2 待提交 #232: id=0x26 (MilCmdVisualInsertChildAt) len=16 handle=0x00000174 在资源表里=True
[preflight] 通道 2 待提交 #233: id=0x26 (MilCmdVisualInsertChildAt) len=16 handle=0x00000173 在资源表里=True
[preflight] 通道 2 待提交 #234: id=0x26 (MilCmdVisualInsertChildAt) len=16 handle=0x0000013f 在资源表里=True
[preflight] 通道 2 待提交 #235: id=0x1b (MilCmdVisualSetOffset) len=24 handle=0x00000188 在资源表里=True
[preflight] 通道 2 待提交 #236: id=0x27 (MilCmdVisualSetGuidelineCollection) len=32 handle=0x00000189 在资源表里=True
[preflight] 通道 2 待提交 #237: id=0x18 (MilCmdRenderData) len=76 handle=0x0000018a 在资源表里=True
[preflight] 通道 2 待提交 #238: id=0x22 (MilCmdVisualSetContent) len=12 handle=0x00000189 在资源表里=True
[preflight] 通道 2 待提交 #239: id=0x1b (MilCmdVisualSetOffset) len=24 handle=0x0000018b 在资源表里=True
[preflight] 通道 2 待提交 #240: id=0x27 (MilCmdVisualSetGuidelineCollection) len=32 handle=0x0000018d 在资源表里=True
[preflight] 通道 2 待提交 #241: id=0x7e (MilCmdSolidColorBrush) len=48 handle=0x00000192 在资源表里=True
[preflight] 通道 2 待提交 #242: id=0x7d (MilCmdPathGeometry) len=172 handle=0x00000193 在资源表里=True
[preflight] 通道 2 待提交 #243: id=0x87 (MilCmdGeometryDrawing) len=20 handle=0x00000191 在资源表里=True
[preflight] 通道 2 待提交 #244: id=0x7e (MilCmdSolidColorBrush) len=48 handle=0x00000195 在资源表里=True
[preflight] 通道 2 待提交 #245: id=0x7d (MilCmdPathGeometry) len=172 handle=0x00000196 在资源表里=True
[preflight] 通道 2 待提交 #246: id=0x87 (MilCmdGeometryDrawing) len=20 handle=0x00000194 在资源表里=True
[preflight] 通道 2 待提交 #247: id=0x7e (MilCmdSolidColorBrush) len=48 handle=0x00000198 在资源表里=True
[preflight] 通道 2 待提交 #248: id=0x7d (MilCmdPathGeometry) len=420 handle=0x00000199 在资源表里=True
[preflight] 通道 2 待提交 #249: id=0x87 (MilCmdGeometryDrawing) len=20 handle=0x00000197 在资源表里=True
[preflight] 通道 2 待提交 #250: id=0x7e (MilCmdSolidColorBrush) len=48 handle=0x0000019b 在资源表里=True
[preflight] 通道 2 待提交 #251: id=0x7d (MilCmdPathGeometry) len=500 handle=0x0000019c 在资源表里=True
[preflight] 通道 2 待提交 #252: id=0x87 (MilCmdGeometryDrawing) len=20 handle=0x0000019a 在资源表里=True
[preflight] 通道 2 待提交 #253: id=0x8b (MilCmdDrawingGroup) len=68 handle=0x00000190 在资源表里=True
[preflight] 通道 2 待提交 #254: id=0x82 (MilCmdDrawingBrush) len=148 handle=0x0000018f 在资源表里=True
[preflight] 通道 2 待提交 #255: id=0x18 (MilCmdRenderData) len=76 handle=0x0000018e 在资源表里=True
[preflight] 通道 2 待提交 #256: id=0x22 (MilCmdVisualSetContent) len=12 handle=0x0000018d 在资源表里=True
[preflight] 通道 2 待提交 #257: id=0x26 (MilCmdVisualInsertChildAt) len=16 handle=0x0000018c 在资源表里=True
[preflight] 通道 2 待提交 #258: id=0x1b (MilCmdVisualSetOffset) len=24 handle=0x0000019d 在资源表里=True
[preflight] 通道 2 待提交 #259: id=0x27 (MilCmdVisualSetGuidelineCollection) len=32 handle=0x0000019d 在资源表里=True
[preflight] 通道 2 待提交 #260: id=0x3a (MilCmdGlyphRunCreate) len=90 handle=0x0000019f 在资源表里=True
[preflight] 通道 2 待提交 #261: id=0x3a (MilCmdGlyphRunCreate) len=132 handle=0x000001a0 在资源表里=True
[preflight] 通道 2 待提交 #262: id=0x3a (MilCmdGlyphRunCreate) len=90 handle=0x000001a1 在资源表里=True
[preflight] 通道 2 待提交 #263: id=0x18 (MilCmdRenderData) len=60 handle=0x0000019e 在资源表里=True
[preflight] 通道 2 待提交 #264: id=0x22 (MilCmdVisualSetContent) len=12 handle=0x0000019d 在资源表里=True
[preflight] 通道 2 待提交 #265: id=0x26 (MilCmdVisualInsertChildAt) len=16 handle=0x0000018c 在资源表里=True
[preflight] 通道 2 待提交 #266: id=0x20 (MilCmdVisualSetAlpha) len=16 handle=0x000001a2 在资源表里=True
[preflight] 通道 2 待提交 #267: id=0x26 (MilCmdVisualInsertChildAt) len=16 handle=0x0000018c 在资源表里=True
[preflight] 通道 2 待提交 #268: id=0x26 (MilCmdVisualInsertChildAt) len=16 handle=0x0000018b 在资源表里=True
[preflight] 通道 2 待提交 #269: id=0x26 (MilCmdVisualInsertChildAt) len=16 handle=0x00000189 在资源表里=True
[preflight] 通道 2 待提交 #270: id=0x26 (MilCmdVisualInsertChildAt) len=16 handle=0x00000188 在资源表里=True
[preflight] 通道 2 待提交 #271: id=0x26 (MilCmdVisualInsertChildAt) len=16 handle=0x0000013f 在资源表里=True
[preflight] 通道 2 待提交 #272: id=0x1b (MilCmdVisualSetOffset) len=24 handle=0x000001a3 在资源表里=True
[preflight] 通道 2 待提交 #273: id=0x27 (MilCmdVisualSetGuidelineCollection) len=32 handle=0x000001a4 在资源表里=True
[preflight] 通道 2 待提交 #274: id=0x18 (MilCmdRenderData) len=76 handle=0x000001a5 在资源表里=True
[preflight] 通道 2 待提交 #275: id=0x22 (MilCmdVisualSetContent) len=12 handle=0x000001a4 在资源表里=True
[preflight] 通道 2 待提交 #276: id=0x1b (MilCmdVisualSetOffset) len=24 handle=0x000001a6 在资源表里=True
[preflight] 通道 2 待提交 #277: id=0x27 (MilCmdVisualSetGuidelineCollection) len=32 handle=0x000001a8 在资源表里=True
[preflight] 通道 2 待提交 #278: id=0x7e (MilCmdSolidColorBrush) len=48 handle=0x000001ad 在资源表里=True
[preflight] 通道 2 待提交 #279: id=0x7d (MilCmdPathGeometry) len=172 handle=0x000001ae 在资源表里=True
[preflight] 通道 2 待提交 #280: id=0x87 (MilCmdGeometryDrawing) len=20 handle=0x000001ac 在资源表里=True
[preflight] 通道 2 待提交 #281: id=0x7e (MilCmdSolidColorBrush) len=48 handle=0x000001b0 在资源表里=True
[preflight] 通道 2 待提交 #282: id=0x7d (MilCmdPathGeometry) len=316 handle=0x000001b1 在资源表里=True
[preflight] 通道 2 待提交 #283: id=0x87 (MilCmdGeometryDrawing) len=20 handle=0x000001af 在资源表里=True
[preflight] 通道 2 待提交 #284: id=0x7e (MilCmdSolidColorBrush) len=48 handle=0x000001b3 在资源表里=True
[preflight] 通道 2 待提交 #285: id=0x7d (MilCmdPathGeometry) len=812 handle=0x000001b4 在资源表里=True
[preflight] 通道 2 待提交 #286: id=0x87 (MilCmdGeometryDrawing) len=20 handle=0x000001b2 在资源表里=True
[preflight] 通道 2 待提交 #287: id=0x7e (MilCmdSolidColorBrush) len=48 handle=0x000001b6 在资源表里=True
[preflight] 通道 2 待提交 #288: id=0x7d (MilCmdPathGeometry) len=564 handle=0x000001b7 在资源表里=True
[preflight] 通道 2 待提交 #289: id=0x87 (MilCmdGeometryDrawing) len=20 handle=0x000001b5 在资源表里=True
[preflight] 通道 2 待提交 #290: id=0x8b (MilCmdDrawingGroup) len=68 handle=0x000001ab 在资源表里=True
[preflight] 通道 2 待提交 #291: id=0x82 (MilCmdDrawingBrush) len=148 handle=0x000001aa 在资源表里=True
[preflight] 通道 2 待提交 #292: id=0x18 (MilCmdRenderData) len=76 handle=0x000001a9 在资源表里=True
[preflight] 通道 2 待提交 #293: id=0x22 (MilCmdVisualSetContent) len=12 handle=0x000001a8 在资源表里=True
[preflight] 通道 2 待提交 #294: id=0x26 (MilCmdVisualInsertChildAt) len=16 handle=0x000001a7 在资源表里=True
[preflight] 通道 2 待提交 #295: id=0x1b (MilCmdVisualSetOffset) len=24 handle=0x000001b8 在资源表里=True
[preflight] 通道 2 待提交 #296: id=0x27 (MilCmdVisualSetGuidelineCollection) len=32 handle=0x000001b8 在资源表里=True
[preflight] 通道 2 待提交 #297: id=0x3a (MilCmdGlyphRunCreate) len=90 handle=0x000001ba 在资源表里=True
[preflight] 通道 2 待提交 #298: id=0x3a (MilCmdGlyphRunCreate) len=132 handle=0x000001bb 在资源表里=True
[preflight] 通道 2 待提交 #299: id=0x3a (MilCmdGlyphRunCreate) len=90 handle=0x000001bc 在资源表里=True
[preflight] 通道 2 待提交 #300: id=0x18 (MilCmdRenderData) len=60 handle=0x000001b9 在资源表里=True
[preflight] 通道 2 待提交 #301: id=0x22 (MilCmdVisualSetContent) len=12 handle=0x000001b8 在资源表里=True
[preflight] 通道 2 待提交 #302: id=0x26 (MilCmdVisualInsertChildAt) len=16 handle=0x000001a7 在资源表里=True
[preflight] 通道 2 待提交 #303: id=0x20 (MilCmdVisualSetAlpha) len=16 handle=0x000001bd 在资源表里=True
[preflight] 通道 2 待提交 #304: id=0x26 (MilCmdVisualInsertChildAt) len=16 handle=0x000001a7 在资源表里=True
[preflight] 通道 2 待提交 #305: id=0x26 (MilCmdVisualInsertChildAt) len=16 handle=0x000001a6 在资源表里=True
[preflight] 通道 2 待提交 #306: id=0x26 (MilCmdVisualInsertChildAt) len=16 handle=0x000001a4 在资源表里=True
[preflight] 通道 2 待提交 #307: id=0x26 (MilCmdVisualInsertChildAt) len=16 handle=0x000001a3 在资源表里=True
[preflight] 通道 2 待提交 #308: id=0x26 (MilCmdVisualInsertChildAt) len=16 handle=0x0000013f 在资源表里=True
[preflight] 通道 2 待提交 #309: id=0x1b (MilCmdVisualSetOffset) len=24 handle=0x000001be 在资源表里=True
[preflight] 通道 2 待提交 #310: id=0x27 (MilCmdVisualSetGuidelineCollection) len=32 handle=0x000001bf 在资源表里=True
[preflight] 通道 2 待提交 #311: id=0x18 (MilCmdRenderData) len=76 handle=0x000001c0 在资源表里=True
[preflight] 通道 2 待提交 #312: id=0x22 (MilCmdVisualSetContent) len=12 handle=0x000001bf 在资源表里=True
[preflight] 通道 2 待提交 #313: id=0x1b (MilCmdVisualSetOffset) len=24 handle=0x000001c1 在资源表里=True
[preflight] 通道 2 待提交 #314: id=0x27 (MilCmdVisualSetGuidelineCollection) len=32 handle=0x000001c3 在资源表里=True
[preflight] 通道 2 待提交 #315: id=0x7e (MilCmdSolidColorBrush) len=48 handle=0x000001c8 在资源表里=True
[preflight] 通道 2 待提交 #316: id=0x7d (MilCmdPathGeometry) len=172 handle=0x000001c9 在资源表里=True
[preflight] 通道 2 待提交 #317: id=0x87 (MilCmdGeometryDrawing) len=20 handle=0x000001c7 在资源表里=True
[preflight] 通道 2 待提交 #318: id=0x7e (MilCmdSolidColorBrush) len=48 handle=0x000001cb 在资源表里=True
[preflight] 通道 2 待提交 #319: id=0x7d (MilCmdPathGeometry) len=172 handle=0x000001cc 在资源表里=True
[preflight] 通道 2 待提交 #320: id=0x87 (MilCmdGeometryDrawing) len=20 handle=0x000001ca 在资源表里=True
[preflight] 通道 2 待提交 #321: id=0x7e (MilCmdSolidColorBrush) len=48 handle=0x000001ce 在资源表里=True
[preflight] 通道 2 待提交 #322: id=0x7d (MilCmdPathGeometry) len=172 handle=0x000001cf 在资源表里=True
[preflight] 通道 2 待提交 #323: id=0x87 (MilCmdGeometryDrawing) len=20 handle=0x000001cd 在资源表里=True
[preflight] 通道 2 待提交 #324: id=0x7e (MilCmdSolidColorBrush) len=48 handle=0x000001d1 在资源表里=True
[preflight] 通道 2 待提交 #325: id=0x7d (MilCmdPathGeometry) len=172 handle=0x000001d2 在资源表里=True
[preflight] 通道 2 待提交 #326: id=0x87 (MilCmdGeometryDrawing) len=20 handle=0x000001d0 在资源表里=True
[preflight] 通道 2 待提交 #327: id=0x7e (MilCmdSolidColorBrush) len=48 handle=0x000001d4 在资源表里=True
[preflight] 通道 2 待提交 #328: id=0x7d (MilCmdPathGeometry) len=308 handle=0x000001d5 在资源表里=True
[preflight] 通道 2 待提交 #329: id=0x87 (MilCmdGeometryDrawing) len=20 handle=0x000001d3 在资源表里=True
[preflight] 通道 2 待提交 #330: id=0x7e (MilCmdSolidColorBrush) len=48 handle=0x000001d7 在资源表里=True
[preflight] 通道 2 待提交 #331: id=0x7d (MilCmdPathGeometry) len=204 handle=0x000001d8 在资源表里=True
[preflight] 通道 2 待提交 #332: id=0x87 (MilCmdGeometryDrawing) len=20 handle=0x000001d6 在资源表里=True
[preflight] 通道 2 待提交 #333: id=0x8b (MilCmdDrawingGroup) len=76 handle=0x000001c6 在资源表里=True
[preflight] 通道 2 待提交 #334: id=0x82 (MilCmdDrawingBrush) len=148 handle=0x000001c5 在资源表里=True
[preflight] 通道 2 待提交 #335: id=0x18 (MilCmdRenderData) len=76 handle=0x000001c4 在资源表里=True
[preflight] 通道 2 待提交 #336: id=0x22 (MilCmdVisualSetContent) len=12 handle=0x000001c3 在资源表里=True
[preflight] 通道 2 待提交 #337: id=0x26 (MilCmdVisualInsertChildAt) len=16 handle=0x000001c2 在资源表里=True
[preflight] 通道 2 待提交 #338: id=0x1b (MilCmdVisualSetOffset) len=24 handle=0x000001d9 在资源表里=True
[preflight] 通道 2 待提交 #339: id=0x27 (MilCmdVisualSetGuidelineCollection) len=32 handle=0x000001d9 在资源表里=True
[preflight] 通道 2 待提交 #340: id=0x3a (MilCmdGlyphRunCreate) len=90 handle=0x000001db 在资源表里=True
[preflight] 通道 2 待提交 #341: id=0x3a (MilCmdGlyphRunCreate) len=118 handle=0x000001dc 在资源表里=True
[preflight] 通道 2 待提交 #342: id=0x3a (MilCmdGlyphRunCreate) len=90 handle=0x000001dd 在资源表里=True
[preflight] 通道 2 待提交 #343: id=0x18 (MilCmdRenderData) len=60 handle=0x000001da 在资源表里=True
[preflight] 通道 2 待提交 #344: id=0x22 (MilCmdVisualSetContent) len=12 handle=0x000001d9 在资源表里=True
[preflight] 通道 2 待提交 #345: id=0x26 (MilCmdVisualInsertChildAt) len=16 handle=0x000001c2 在资源表里=True
[preflight] 通道 2 待提交 #346: id=0x20 (MilCmdVisualSetAlpha) len=16 handle=0x000001de 在资源表里=True
[preflight] 通道 2 待提交 #347: id=0x26 (MilCmdVisualInsertChildAt) len=16 handle=0x000001c2 在资源表里=True
[preflight] 通道 2 待提交 #348: id=0x26 (MilCmdVisualInsertChildAt) len=16 handle=0x000001c1 在资源表里=True
[preflight] 通道 2 待提交 #349: id=0x26 (MilCmdVisualInsertChildAt) len=16 handle=0x000001bf 在资源表里=True
[preflight] 通道 2 待提交 #350: id=0x26 (MilCmdVisualInsertChildAt) len=16 handle=0x000001be 在资源表里=True
[preflight] 通道 2 待提交 #351: id=0x26 (MilCmdVisualInsertChildAt) len=16 handle=0x0000013f 在资源表里=True
[preflight] 通道 2 待提交 #352: id=0x1b (MilCmdVisualSetOffset) len=24 handle=0x000001df 在资源表里=True
[preflight] 通道 2 待提交 #353: id=0x27 (MilCmdVisualSetGuidelineCollection) len=32 handle=0x000001e0 在资源表里=True
[preflight] 通道 2 待提交 #354: id=0x18 (MilCmdRenderData) len=76 handle=0x000001e1 在资源表里=True
[preflight] 通道 2 待提交 #355: id=0x22 (MilCmdVisualSetContent) len=12 handle=0x000001e0 在资源表里=True
[preflight] 通道 2 待提交 #356: id=0x1b (MilCmdVisualSetOffset) len=24 handle=0x000001e2 在资源表里=True
[preflight] 通道 2 待提交 #357: id=0x27 (MilCmdVisualSetGuidelineCollection) len=32 handle=0x000001e4 在资源表里=True
[preflight] 通道 2 待提交 #358: id=0x7e (MilCmdSolidColorBrush) len=48 handle=0x000001e9 在资源表里=True
[preflight] 通道 2 待提交 #359: id=0x7d (MilCmdPathGeometry) len=172 handle=0x000001ea 在资源表里=True
[preflight] 通道 2 待提交 #360: id=0x87 (MilCmdGeometryDrawing) len=20 handle=0x000001e8 在资源表里=True
[preflight] 通道 2 待提交 #361: id=0x7e (MilCmdSolidColorBrush) len=48 handle=0x000001ec 在资源表里=True
[preflight] 通道 2 待提交 #362: id=0x7d (MilCmdPathGeometry) len=172 handle=0x000001ed 在资源表里=True
[preflight] 通道 2 待提交 #363: id=0x87 (MilCmdGeometryDrawing) len=20 handle=0x000001eb 在资源表里=True
[preflight] 通道 2 待提交 #364: id=0x7e (MilCmdSolidColorBrush) len=48 handle=0x000001ef 在资源表里=True
[preflight] 通道 2 待提交 #365: id=0x7d (MilCmdPathGeometry) len=580 handle=0x000001f0 在资源表里=True
[preflight] 通道 2 待提交 #366: id=0x87 (MilCmdGeometryDrawing) len=20 handle=0x000001ee 在资源表里=True
[preflight] 通道 2 待提交 #367: id=0x7e (MilCmdSolidColorBrush) len=48 handle=0x000001f2 在资源表里=True
[preflight] 通道 2 待提交 #368: id=0x7d (MilCmdPathGeometry) len=476 handle=0x000001f3 在资源表里=True
[preflight] 通道 2 待提交 #369: id=0x87 (MilCmdGeometryDrawing) len=20 handle=0x000001f1 在资源表里=True
[preflight] 通道 2 待提交 #370: id=0x8b (MilCmdDrawingGroup) len=68 handle=0x000001e7 在资源表里=True
[preflight] 通道 2 待提交 #371: id=0x82 (MilCmdDrawingBrush) len=148 handle=0x000001e6 在资源表里=True
[preflight] 通道 2 待提交 #372: id=0x18 (MilCmdRenderData) len=76 handle=0x000001e5 在资源表里=True
[preflight] 通道 2 待提交 #373: id=0x22 (MilCmdVisualSetContent) len=12 handle=0x000001e4 在资源表里=True
[preflight] 通道 2 待提交 #374: id=0x26 (MilCmdVisualInsertChildAt) len=16 handle=0x000001e3 在资源表里=True
[preflight] 通道 2 待提交 #375: id=0x1b (MilCmdVisualSetOffset) len=24 handle=0x000001f4 在资源表里=True
[preflight] 通道 2 待提交 #376: id=0x27 (MilCmdVisualSetGuidelineCollection) len=32 handle=0x000001f4 在资源表里=True
[preflight] 通道 2 待提交 #377: id=0x3a (MilCmdGlyphRunCreate) len=90 handle=0x000001f6 在资源表里=True
[preflight] 通道 2 待提交 #378: id=0x3a (MilCmdGlyphRunCreate) len=132 handle=0x000001f7 在资源表里=True
[preflight] 通道 2 待提交 #379: id=0x3a (MilCmdGlyphRunCreate) len=90 handle=0x000001f8 在资源表里=True
[preflight] 通道 2 待提交 #380: id=0x18 (MilCmdRenderData) len=60 handle=0x000001f5 在资源表里=True
[preflight] 通道 2 待提交 #381: id=0x22 (MilCmdVisualSetContent) len=12 handle=0x000001f4 在资源表里=True
[preflight] 通道 2 待提交 #382: id=0x26 (MilCmdVisualInsertChildAt) len=16 handle=0x000001e3 在资源表里=True
[preflight] 通道 2 待提交 #383: id=0x20 (MilCmdVisualSetAlpha) len=16 handle=0x000001f9 在资源表里=True
[preflight] 通道 2 待提交 #384: id=0x26 (MilCmdVisualInsertChildAt) len=16 handle=0x000001e3 在资源表里=True
[preflight] 通道 2 待提交 #385: id=0x26 (MilCmdVisualInsertChildAt) len=16 handle=0x000001e2 在资源表里=True
[preflight] 通道 2 待提交 #386: id=0x26 (MilCmdVisualInsertChildAt) len=16 handle=0x000001e0 在资源表里=True
[preflight] 通道 2 待提交 #387: id=0x26 (MilCmdVisualInsertChildAt) len=16 handle=0x000001df 在资源表里=True
[preflight] 通道 2 待提交 #388: id=0x26 (MilCmdVisualInsertChildAt) len=16 handle=0x0000013f 在资源表里=True
[preflight] 通道 2 待提交 #389: id=0x1b (MilCmdVisualSetOffset) len=24 handle=0x000001fa 在资源表里=True
[preflight] 通道 2 待提交 #390: id=0x27 (MilCmdVisualSetGuidelineCollection) len=32 handle=0x000001fb 在资源表里=True
[preflight] 通道 2 待提交 #391: id=0x18 (MilCmdRenderData) len=76 handle=0x000001fc 在资源表里=True
[preflight] 通道 2 待提交 #392: id=0x22 (MilCmdVisualSetContent) len=12 handle=0x000001fb 在资源表里=True
[preflight] 通道 2 待提交 #393: id=0x1b (MilCmdVisualSetOffset) len=24 handle=0x000001fd 在资源表里=True
[preflight] 通道 2 待提交 #394: id=0x27 (MilCmdVisualSetGuidelineCollection) len=32 handle=0x000001ff 在资源表里=True
[preflight] 通道 2 待提交 #395: id=0x7e (MilCmdSolidColorBrush) len=48 handle=0x00000204 在资源表里=True
[preflight] 通道 2 待提交 #396: id=0x7d (MilCmdPathGeometry) len=172 handle=0x00000205 在资源表里=True
[preflight] 通道 2 待提交 #397: id=0x87 (MilCmdGeometryDrawing) len=20 handle=0x00000203 在资源表里=True
[preflight] 通道 2 待提交 #398: id=0x7e (MilCmdSolidColorBrush) len=48 handle=0x00000207 在资源表里=True
[preflight] 通道 2 待提交 #399: id=0x7d (MilCmdPathGeometry) len=252 handle=0x00000208 在资源表里=True
[preflight] 通道 2 待提交 #400: id=0x87 (MilCmdGeometryDrawing) len=20 handle=0x00000206 在资源表里=True
[preflight] 通道 2 待提交 #401: id=0x7e (MilCmdSolidColorBrush) len=48 handle=0x0000020a 在资源表里=True
[preflight] 通道 2 待提交 #402: id=0x7d (MilCmdPathGeometry) len=404 handle=0x0000020b 在资源表里=True
[preflight] 通道 2 待提交 #403: id=0x87 (MilCmdGeometryDrawing) len=20 handle=0x00000209 在资源表里=True
[preflight] 通道 2 待提交 #404: id=0x7e (MilCmdSolidColorBrush) len=48 handle=0x0000020d 在资源表里=True
[preflight] 通道 2 待提交 #405: id=0x7d (MilCmdPathGeometry) len=188 handle=0x0000020e 在资源表里=True
[preflight] 通道 2 待提交 #406: id=0x87 (MilCmdGeometryDrawing) len=20 handle=0x0000020c 在资源表里=True
[preflight] 通道 2 待提交 #407: id=0x8b (MilCmdDrawingGroup) len=68 handle=0x00000202 在资源表里=True
[preflight] 通道 2 待提交 #408: id=0x82 (MilCmdDrawingBrush) len=148 handle=0x00000201 在资源表里=True
[preflight] 通道 2 待提交 #409: id=0x18 (MilCmdRenderData) len=76 handle=0x00000200 在资源表里=True
[preflight] 通道 2 待提交 #410: id=0x22 (MilCmdVisualSetContent) len=12 handle=0x000001ff 在资源表里=True
[preflight] 通道 2 待提交 #411: id=0x26 (MilCmdVisualInsertChildAt) len=16 handle=0x000001fe 在资源表里=True
[preflight] 通道 2 待提交 #412: id=0x1b (MilCmdVisualSetOffset) len=24 handle=0x0000020f 在资源表里=True
[preflight] 通道 2 待提交 #413: id=0x27 (MilCmdVisualSetGuidelineCollection) len=32 handle=0x0000020f 在资源表里=True
[preflight] 通道 2 待提交 #414: id=0x3a (MilCmdGlyphRunCreate) len=90 handle=0x00000211 在资源表里=True
[preflight] 通道 2 待提交 #415: id=0x3a (MilCmdGlyphRunCreate) len=104 handle=0x00000212 在资源表里=True
[preflight] 通道 2 待提交 #416: id=0x3a (MilCmdGlyphRunCreate) len=90 handle=0x00000213 在资源表里=True
[preflight] 通道 2 待提交 #417: id=0x18 (MilCmdRenderData) len=60 handle=0x00000210 在资源表里=True
[preflight] 通道 2 待提交 #418: id=0x22 (MilCmdVisualSetContent) len=12 handle=0x0000020f 在资源表里=True
[preflight] 通道 2 待提交 #419: id=0x26 (MilCmdVisualInsertChildAt) len=16 handle=0x000001fe 在资源表里=True
[preflight] 通道 2 待提交 #420: id=0x20 (MilCmdVisualSetAlpha) len=16 handle=0x00000214 在资源表里=True
[preflight] 通道 2 待提交 #421: id=0x26 (MilCmdVisualInsertChildAt) len=16 handle=0x000001fe 在资源表里=True
[preflight] 通道 2 待提交 #422: id=0x26 (MilCmdVisualInsertChildAt) len=16 handle=0x000001fd 在资源表里=True
[preflight] 通道 2 待提交 #423: id=0x26 (MilCmdVisualInsertChildAt) len=16 handle=0x000001fb 在资源表里=True
[preflight] 通道 2 待提交 #424: id=0x26 (MilCmdVisualInsertChildAt) len=16 handle=0x000001fa 在资源表里=True
[preflight] 通道 2 待提交 #425: id=0x26 (MilCmdVisualInsertChildAt) len=16 handle=0x0000013f 在资源表里=True
[preflight] 通道 2 待提交 #426: id=0x1b (MilCmdVisualSetOffset) len=24 handle=0x00000215 在资源表里=True
[preflight] 通道 2 待提交 #427: id=0x27 (MilCmdVisualSetGuidelineCollection) len=32 handle=0x00000216 在资源表里=True
[preflight] 通道 2 待提交 #428: id=0x18 (MilCmdRenderData) len=76 handle=0x00000217 在资源表里=True
[preflight] 通道 2 待提交 #429: id=0x22 (MilCmdVisualSetContent) len=12 handle=0x00000216 在资源表里=True
[preflight] 通道 2 待提交 #430: id=0x1b (MilCmdVisualSetOffset) len=24 handle=0x00000218 在资源表里=True
[preflight] 通道 2 待提交 #431: id=0x27 (MilCmdVisualSetGuidelineCollection) len=32 handle=0x0000021a 在资源表里=True
[preflight] 通道 2 待提交 #432: id=0x7e (MilCmdSolidColorBrush) len=48 handle=0x0000021f 在资源表里=True
[preflight] 通道 2 待提交 #433: id=0x7d (MilCmdPathGeometry) len=172 handle=0x00000220 在资源表里=True
[preflight] 通道 2 待提交 #434: id=0x87 (MilCmdGeometryDrawing) len=20 handle=0x0000021e 在资源表里=True
[preflight] 通道 2 待提交 #435: id=0x7e (MilCmdSolidColorBrush) len=48 handle=0x00000222 在资源表里=True
[preflight] 通道 2 待提交 #436: id=0x7d (MilCmdPathGeometry) len=444 handle=0x00000223 在资源表里=True
[preflight] 通道 2 待提交 #437: id=0x87 (MilCmdGeometryDrawing) len=20 handle=0x00000221 在资源表里=True
[preflight] 通道 2 待提交 #438: id=0x7e (MilCmdSolidColorBrush) len=48 handle=0x00000225 在资源表里=True
[preflight] 通道 2 待提交 #439: id=0x7d (MilCmdPathGeometry) len=340 handle=0x00000226 在资源表里=True
[preflight] 通道 2 待提交 #440: id=0x87 (MilCmdGeometryDrawing) len=20 handle=0x00000224 在资源表里=True
[preflight] 通道 2 待提交 #441: id=0x8b (MilCmdDrawingGroup) len=64 handle=0x0000021d 在资源表里=True
[preflight] 通道 2 待提交 #442: id=0x82 (MilCmdDrawingBrush) len=148 handle=0x0000021c 在资源表里=True
[preflight] 通道 2 待提交 #443: id=0x18 (MilCmdRenderData) len=76 handle=0x0000021b 在资源表里=True
[preflight] 通道 2 待提交 #444: id=0x22 (MilCmdVisualSetContent) len=12 handle=0x0000021a 在资源表里=True
[preflight] 通道 2 待提交 #445: id=0x26 (MilCmdVisualInsertChildAt) len=16 handle=0x00000219 在资源表里=True
[preflight] 通道 2 待提交 #446: id=0x1b (MilCmdVisualSetOffset) len=24 handle=0x00000227 在资源表里=True
[preflight] 通道 2 待提交 #447: id=0x27 (MilCmdVisualSetGuidelineCollection) len=32 handle=0x00000227 在资源表里=True
[preflight] 通道 2 待提交 #448: id=0x3a (MilCmdGlyphRunCreate) len=90 handle=0x00000229 在资源表里=True
[preflight] 通道 2 待提交 #449: id=0x3a (MilCmdGlyphRunCreate) len=118 handle=0x0000022a 在资源表里=True
[preflight] 通道 2 待提交 #450: id=0x3a (MilCmdGlyphRunCreate) len=90 handle=0x0000022b 在资源表里=True
[preflight] 通道 2 待提交 #451: id=0x18 (MilCmdRenderData) len=60 handle=0x00000228 在资源表里=True
[preflight] 通道 2 待提交 #452: id=0x22 (MilCmdVisualSetContent) len=12 handle=0x00000227 在资源表里=True
[preflight] 通道 2 待提交 #453: id=0x26 (MilCmdVisualInsertChildAt) len=16 handle=0x00000219 在资源表里=True
[preflight] 通道 2 待提交 #454: id=0x20 (MilCmdVisualSetAlpha) len=16 handle=0x0000022c 在资源表里=True
[preflight] 通道 2 待提交 #455: id=0x26 (MilCmdVisualInsertChildAt) len=16 handle=0x00000219 在资源表里=True
[preflight] 通道 2 待提交 #456: id=0x26 (MilCmdVisualInsertChildAt) len=16 handle=0x00000218 在资源表里=True
[preflight] 通道 2 待提交 #457: id=0x26 (MilCmdVisualInsertChildAt) len=16 handle=0x00000216 在资源表里=True
[preflight] 通道 2 待提交 #458: id=0x26 (MilCmdVisualInsertChildAt) len=16 handle=0x00000215 在资源表里=True
[preflight] 通道 2 待提交 #459: id=0x26 (MilCmdVisualInsertChildAt) len=16 handle=0x0000013f 在资源表里=True
[preflight] 通道 2 待提交 #460: id=0x1b (MilCmdVisualSetOffset) len=24 handle=0x0000022d 在资源表里=True
[preflight] 通道 2 待提交 #461: id=0x27 (MilCmdVisualSetGuidelineCollection) len=32 handle=0x0000022e 在资源表里=True
[preflight] 通道 2 待提交 #462: id=0x18 (MilCmdRenderData) len=76 handle=0x0000022f 在资源表里=True
[preflight] 通道 2 待提交 #463: id=0x22 (MilCmdVisualSetContent) len=12 handle=0x0000022e 在资源表里=True
[preflight] 通道 2 待提交 #464: id=0x1b (MilCmdVisualSetOffset) len=24 handle=0x00000230 在资源表里=True
[preflight] 通道 2 待提交 #465: id=0x27 (MilCmdVisualSetGuidelineCollection) len=32 handle=0x00000232 在资源表里=True
[preflight] 通道 2 待提交 #466: id=0x7e (MilCmdSolidColorBrush) len=48 handle=0x00000237 在资源表里=True
[preflight] 通道 2 待提交 #467: id=0x7d (MilCmdPathGeometry) len=172 handle=0x00000238 在资源表里=True
[preflight] 通道 2 待提交 #468: id=0x87 (MilCmdGeometryDrawing) len=20 handle=0x00000236 在资源表里=True
[preflight] 通道 2 待提交 #469: id=0x7e (MilCmdSolidColorBrush) len=48 handle=0x0000023a 在资源表里=True
[preflight] 通道 2 待提交 #470: id=0x7d (MilCmdPathGeometry) len=172 handle=0x0000023b 在资源表里=True
[preflight] 通道 2 待提交 #471: id=0x87 (MilCmdGeometryDrawing) len=20 handle=0x00000239 在资源表里=True
[preflight] 通道 2 待提交 #472: id=0x7e (MilCmdSolidColorBrush) len=48 handle=0x0000023d 在资源表里=True
[preflight] 通道 2 待提交 #473: id=0x7d (MilCmdPathGeometry) len=276 handle=0x0000023e 在资源表里=True
[preflight] 通道 2 待提交 #474: id=0x87 (MilCmdGeometryDrawing) len=20 handle=0x0000023c 在资源表里=True
[preflight] 通道 2 待提交 #475: id=0x7e (MilCmdSolidColorBrush) len=48 handle=0x00000240 在资源表里=True
[preflight] 通道 2 待提交 #476: id=0x7d (MilCmdPathGeometry) len=3980 handle=0x00000241 在资源表里=True
[preflight] 通道 2 待提交 #477: id=0x87 (MilCmdGeometryDrawing) len=20 handle=0x0000023f 在资源表里=True
[preflight] 通道 2 待提交 #478: id=0x8b (MilCmdDrawingGroup) len=68 handle=0x00000235 在资源表里=True
[preflight] 通道 2 待提交 #479: id=0x82 (MilCmdDrawingBrush) len=148 handle=0x00000234 在资源表里=True
[preflight] 通道 2 待提交 #480: id=0x18 (MilCmdRenderData) len=76 handle=0x00000233 在资源表里=True
[preflight] 通道 2 待提交 #481: id=0x22 (MilCmdVisualSetContent) len=12 handle=0x00000232 在资源表里=True
[preflight] 通道 2 待提交 #482: id=0x26 (MilCmdVisualInsertChildAt) len=16 handle=0x00000231 在资源表里=True
[preflight] 通道 2 待提交 #483: id=0x1b (MilCmdVisualSetOffset) len=24 handle=0x00000242 在资源表里=True
[preflight] 通道 2 待提交 #484: id=0x27 (MilCmdVisualSetGuidelineCollection) len=32 handle=0x00000242 在资源表里=True
[preflight] 通道 2 待提交 #485: id=0x3a (MilCmdGlyphRunCreate) len=90 handle=0x00000244 在资源表里=True
[preflight] 通道 2 待提交 #486: id=0x3a (MilCmdGlyphRunCreate) len=118 handle=0x00000245 在资源表里=True
[preflight] 通道 2 待提交 #487: id=0x3a (MilCmdGlyphRunCreate) len=90 handle=0x00000246 在资源表里=True
[preflight] 通道 2 待提交 #488: id=0x18 (MilCmdRenderData) len=60 handle=0x00000243 在资源表里=True
[preflight] 通道 2 待提交 #489: id=0x22 (MilCmdVisualSetContent) len=12 handle=0x00000242 在资源表里=True
[preflight] 通道 2 待提交 #490: id=0x26 (MilCmdVisualInsertChildAt) len=16 handle=0x00000231 在资源表里=True
[preflight] 通道 2 待提交 #491: id=0x20 (MilCmdVisualSetAlpha) len=16 handle=0x00000247 在资源表里=True
[preflight] 通道 2 待提交 #492: id=0x26 (MilCmdVisualInsertChildAt) len=16 handle=0x00000231 在资源表里=True
[preflight] 通道 2 待提交 #493: id=0x26 (MilCmdVisualInsertChildAt) len=16 handle=0x00000230 在资源表里=True
[preflight] 通道 2 待提交 #494: id=0x26 (MilCmdVisualInsertChildAt) len=16 handle=0x0000022e 在资源表里=True
[preflight] 通道 2 待提交 #495: id=0x26 (MilCmdVisualInsertChildAt) len=16 handle=0x0000022d 在资源表里=True
[preflight] 通道 2 待提交 #496: id=0x26 (MilCmdVisualInsertChildAt) len=16 handle=0x0000013f 在资源表里=True
[preflight] 通道 2 待提交 #497: id=0x1b (MilCmdVisualSetOffset) len=24 handle=0x00000248 在资源表里=True
[preflight] 通道 2 待提交 #498: id=0x27 (MilCmdVisualSetGuidelineCollection) len=32 handle=0x00000249 在资源表里=True
[preflight] 通道 2 待提交 #499: id=0x18 (MilCmdRenderData) len=76 handle=0x0000024a 在资源表里=True
[preflight] 通道 2 待提交 #500: id=0x22 (MilCmdVisualSetContent) len=12 handle=0x00000249 在资源表里=True
[preflight] 通道 2 待提交 #501: id=0x1b (MilCmdVisualSetOffset) len=24 handle=0x0000024b 在资源表里=True
[preflight] 通道 2 待提交 #502: id=0x27 (MilCmdVisualSetGuidelineCollection) len=32 handle=0x0000024d 在资源表里=True
[preflight] 通道 2 待提交 #503: id=0x7e (MilCmdSolidColorBrush) len=48 handle=0x00000252 在资源表里=True
[preflight] 通道 2 待提交 #504: id=0x7d (MilCmdPathGeometry) len=172 handle=0x00000253 在资源表里=True
[preflight] 通道 2 待提交 #505: id=0x87 (MilCmdGeometryDrawing) len=20 handle=0x00000251 在资源表里=True
[preflight] 通道 2 待提交 #506: id=0x7e (MilCmdSolidColorBrush) len=48 handle=0x00000255 在资源表里=True
[preflight] 通道 2 待提交 #507: id=0x7d (MilCmdPathGeometry) len=204 handle=0x00000256 在资源表里=True
[preflight] 通道 2 待提交 #508: id=0x87 (MilCmdGeometryDrawing) len=20 handle=0x00000254 在资源表里=True
[preflight] 通道 2 待提交 #509: id=0x7e (MilCmdSolidColorBrush) len=48 handle=0x00000258 在资源表里=True
[preflight] 通道 2 待提交 #510: id=0x7d (MilCmdPathGeometry) len=172 handle=0x00000259 在资源表里=True
[preflight] 通道 2 待提交 #511: id=0x87 (MilCmdGeometryDrawing) len=20 handle=0x00000257 在资源表里=True
[preflight] 通道 2 待提交 #512: id=0x7e (MilCmdSolidColorBrush) len=48 handle=0x0000025b 在资源表里=True
[preflight] 通道 2 待提交 #513: id=0x7d (MilCmdPathGeometry) len=172 handle=0x0000025c 在资源表里=True
[preflight] 通道 2 待提交 #514: id=0x87 (MilCmdGeometryDrawing) len=20 handle=0x0000025a 在资源表里=True
[preflight] 通道 2 待提交 #515: id=0x7e (MilCmdSolidColorBrush) len=48 handle=0x0000025e 在资源表里=True
[preflight] 通道 2 待提交 #516: id=0x7d (MilCmdPathGeometry) len=172 handle=0x0000025f 在资源表里=True
[preflight] 通道 2 待提交 #517: id=0x87 (MilCmdGeometryDrawing) len=20 handle=0x0000025d 在资源表里=True
[preflight] 通道 2 待提交 #518: id=0x7e (MilCmdSolidColorBrush) len=48 handle=0x00000261 在资源表里=True
[preflight] 通道 2 待提交 #519: id=0x7d (MilCmdPathGeometry) len=236 handle=0x00000262 在资源表里=True
[preflight] 通道 2 待提交 #520: id=0x87 (MilCmdGeometryDrawing) len=20 handle=0x00000260 在资源表里=True
[preflight] 通道 2 待提交 #521: id=0x7e (MilCmdSolidColorBrush) len=48 handle=0x00000264 在资源表里=True
[preflight] 通道 2 待提交 #522: id=0x7d (MilCmdPathGeometry) len=172 handle=0x00000265 在资源表里=True
[preflight] 通道 2 待提交 #523: id=0x87 (MilCmdGeometryDrawing) len=20 handle=0x00000263 在资源表里=True
[preflight] 通道 2 待提交 #524: id=0x7e (MilCmdSolidColorBrush) len=48 handle=0x00000267 在资源表里=True
[preflight] 通道 2 待提交 #525: id=0x7d (MilCmdPathGeometry) len=156 handle=0x00000268 在资源表里=True
[preflight] 通道 2 待提交 #526: id=0x87 (MilCmdGeometryDrawing) len=20 handle=0x00000266 在资源表里=True
[preflight] 通道 2 待提交 #527: id=0x7e (MilCmdSolidColorBrush) len=48 handle=0x0000026a 在资源表里=True
[preflight] 通道 2 待提交 #528: id=0x7d (MilCmdPathGeometry) len=412 handle=0x0000026b 在资源表里=True
[preflight] 通道 2 待提交 #529: id=0x87 (MilCmdGeometryDrawing) len=20 handle=0x00000269 在资源表里=True
[preflight] 通道 2 待提交 #530: id=0x7e (MilCmdSolidColorBrush) len=48 handle=0x0000026d 在资源表里=True
[preflight] 通道 2 待提交 #531: id=0x7d (MilCmdPathGeometry) len=748 handle=0x0000026e 在资源表里=True
[preflight] 通道 2 待提交 #532: id=0x87 (MilCmdGeometryDrawing) len=20 handle=0x0000026c 在资源表里=True
[preflight] 通道 2 待提交 #533: id=0x8b (MilCmdDrawingGroup) len=92 handle=0x00000250 在资源表里=True
[preflight] 通道 2 待提交 #534: id=0x82 (MilCmdDrawingBrush) len=148 handle=0x0000024f 在资源表里=True
[preflight] 通道 2 待提交 #535: id=0x18 (MilCmdRenderData) len=76 handle=0x0000024e 在资源表里=True
[preflight] 通道 2 待提交 #536: id=0x22 (MilCmdVisualSetContent) len=12 handle=0x0000024d 在资源表里=True
[preflight] 通道 2 待提交 #537: id=0x26 (MilCmdVisualInsertChildAt) len=16 handle=0x0000024c 在资源表里=True
[preflight] 通道 2 待提交 #538: id=0x1b (MilCmdVisualSetOffset) len=24 handle=0x0000026f 在资源表里=True
[preflight] 通道 2 待提交 #539: id=0x27 (MilCmdVisualSetGuidelineCollection) len=32 handle=0x0000026f 在资源表里=True
[preflight] 通道 2 待提交 #540: id=0x3a (MilCmdGlyphRunCreate) len=90 handle=0x00000271 在资源表里=True
[preflight] 通道 2 待提交 #541: id=0x3a (MilCmdGlyphRunCreate) len=118 handle=0x00000272 在资源表里=True
[preflight] 通道 2 待提交 #542: id=0x3a (MilCmdGlyphRunCreate) len=90 handle=0x00000273 在资源表里=True
[preflight] 通道 2 待提交 #543: id=0x18 (MilCmdRenderData) len=60 handle=0x00000270 在资源表里=True
[preflight] 通道 2 待提交 #544: id=0x22 (MilCmdVisualSetContent) len=12 handle=0x0000026f 在资源表里=True
[preflight] 通道 2 待提交 #545: id=0x26 (MilCmdVisualInsertChildAt) len=16 handle=0x0000024c 在资源表里=True
[preflight] 通道 2 待提交 #546: id=0x20 (MilCmdVisualSetAlpha) len=16 handle=0x00000274 在资源表里=True
[preflight] 通道 2 待提交 #547: id=0x26 (MilCmdVisualInsertChildAt) len=16 handle=0x0000024c 在资源表里=True
[preflight] 通道 2 待提交 #548: id=0x26 (MilCmdVisualInsertChildAt) len=16 handle=0x0000024b 在资源表里=True
[preflight] 通道 2 待提交 #549: id=0x26 (MilCmdVisualInsertChildAt) len=16 handle=0x00000249 在资源表里=True
[preflight] 通道 2 待提交 #550: id=0x26 (MilCmdVisualInsertChildAt) len=16 handle=0x00000248 在资源表里=True
[preflight] 通道 2 待提交 #551: id=0x26 (MilCmdVisualInsertChildAt) len=16 handle=0x0000013f 在资源表里=True
[preflight] 通道 2 待提交 #552: id=0x1b (MilCmdVisualSetOffset) len=24 handle=0x00000275 在资源表里=True
[preflight] 通道 2 待提交 #553: id=0x27 (MilCmdVisualSetGuidelineCollection) len=32 handle=0x00000276 在资源表里=True
[preflight] 通道 2 待提交 #554: id=0x18 (MilCmdRenderData) len=76 handle=0x00000277 在资源表里=True
[preflight] 通道 2 待提交 #555: id=0x22 (MilCmdVisualSetContent) len=12 handle=0x00000276 在资源表里=True
[preflight] 通道 2 待提交 #556: id=0x1b (MilCmdVisualSetOffset) len=24 handle=0x00000278 在资源表里=True
[preflight] 通道 2 待提交 #557: id=0x27 (MilCmdVisualSetGuidelineCollection) len=32 handle=0x0000027a 在资源表里=True
[preflight] 通道 2 待提交 #558: id=0x7e (MilCmdSolidColorBrush) len=48 handle=0x0000027f 在资源表里=True
[preflight] 通道 2 待提交 #559: id=0x7d (MilCmdPathGeometry) len=172 handle=0x00000280 在资源表里=True
[preflight] 通道 2 待提交 #560: id=0x87 (MilCmdGeometryDrawing) len=20 handle=0x0000027e 在资源表里=True
[preflight] 通道 2 待提交 #561: id=0x7e (MilCmdSolidColorBrush) len=48 handle=0x00000282 在资源表里=True
[preflight] 通道 2 待提交 #562: id=0x7d (MilCmdPathGeometry) len=172 handle=0x00000283 在资源表里=True
[preflight] 通道 2 待提交 #563: id=0x87 (MilCmdGeometryDrawing) len=20 handle=0x00000281 在资源表里=True
[preflight] 通道 2 待提交 #564: id=0x7e (MilCmdSolidColorBrush) len=48 handle=0x00000285 在资源表里=True
[preflight] 通道 2 待提交 #565: id=0x7d (MilCmdPathGeometry) len=172 handle=0x00000286 在资源表里=True
[preflight] 通道 2 待提交 #566: id=0x87 (MilCmdGeometryDrawing) len=20 handle=0x00000284 在资源表里=True
[preflight] 通道 2 待提交 #567: id=0x7e (MilCmdSolidColorBrush) len=48 handle=0x00000288 在资源表里=True
[preflight] 通道 2 待提交 #568: id=0x7d (MilCmdPathGeometry) len=172 handle=0x00000289 在资源表里=True
[preflight] 通道 2 待提交 #569: id=0x87 (MilCmdGeometryDrawing) len=20 handle=0x00000287 在资源表里=True
[preflight] 通道 2 待提交 #570: id=0x7e (MilCmdSolidColorBrush) len=48 handle=0x0000028b 在资源表里=True
[preflight] 通道 2 待提交 #571: id=0x7d (MilCmdPathGeometry) len=172 handle=0x0000028c 在资源表里=True
[preflight] 通道 2 待提交 #572: id=0x87 (MilCmdGeometryDrawing) len=20 handle=0x0000028a 在资源表里=True
[preflight] 通道 2 待提交 #573: id=0x7e (MilCmdSolidColorBrush) len=48 handle=0x0000028e 在资源表里=True
[preflight] 通道 2 待提交 #574: id=0x7d (MilCmdPathGeometry) len=172 handle=0x0000028f 在资源表里=True
[preflight] 通道 2 待提交 #575: id=0x87 (MilCmdGeometryDrawing) len=20 handle=0x0000028d 在资源表里=True
[preflight] 通道 2 待提交 #576: id=0x7e (MilCmdSolidColorBrush) len=48 handle=0x00000291 在资源表里=True
[preflight] 通道 2 待提交 #577: id=0x7d (MilCmdPathGeometry) len=172 handle=0x00000292 在资源表里=True
[preflight] 通道 2 待提交 #578: id=0x87 (MilCmdGeometryDrawing) len=20 handle=0x00000290 在资源表里=True
[preflight] 通道 2 待提交 #579: id=0x7e (MilCmdSolidColorBrush) len=48 handle=0x00000294 在资源表里=True
[preflight] 通道 2 待提交 #580: id=0x7d (MilCmdPathGeometry) len=300 handle=0x00000295 在资源表里=True
[preflight] 通道 2 待提交 #581: id=0x87 (MilCmdGeometryDrawing) len=20 handle=0x00000293 在资源表里=True
[preflight] 通道 2 待提交 #582: id=0x7e (MilCmdSolidColorBrush) len=48 handle=0x00000297 在资源表里=True
[preflight] 通道 2 待提交 #583: id=0x7d (MilCmdPathGeometry) len=172 handle=0x00000298 在资源表里=True
[preflight] 通道 2 待提交 #584: id=0x87 (MilCmdGeometryDrawing) len=20 handle=0x00000296 在资源表里=True
[preflight] 通道 2 待提交 #585: id=0x7e (MilCmdSolidColorBrush) len=48 handle=0x0000029a 在资源表里=True
[preflight] 通道 2 待提交 #586: id=0x7d (MilCmdPathGeometry) len=172 handle=0x0000029b 在资源表里=True
[preflight] 通道 2 待提交 #587: id=0x87 (MilCmdGeometryDrawing) len=20 handle=0x00000299 在资源表里=True
[preflight] 通道 2 待提交 #588: id=0x7e (MilCmdSolidColorBrush) len=48 handle=0x0000029d 在资源表里=True
[preflight] 通道 2 待提交 #589: id=0x7d (MilCmdPathGeometry) len=172 handle=0x0000029e 在资源表里=True
[preflight] 通道 2 待提交 #590: id=0x87 (MilCmdGeometryDrawing) len=20 handle=0x0000029c 在资源表里=True
[preflight] 通道 2 待提交 #591: id=0x7e (MilCmdSolidColorBrush) len=48 handle=0x000002a0 在资源表里=True
[preflight] 通道 2 待提交 #592: id=0x7d (MilCmdPathGeometry) len=300 handle=0x000002a1 在资源表里=True
[preflight] 通道 2 待提交 #593: id=0x87 (MilCmdGeometryDrawing) len=20 handle=0x0000029f 在资源表里=True
[preflight] 通道 2 待提交 #594: id=0x7e (MilCmdSolidColorBrush) len=48 handle=0x000002a3 在资源表里=True
[preflight] 通道 2 待提交 #595: id=0x7d (MilCmdPathGeometry) len=276 handle=0x000002a4 在资源表里=True
[preflight] 通道 2 待提交 #596: id=0x87 (MilCmdGeometryDrawing) len=20 handle=0x000002a2 在资源表里=True
[preflight] 通道 2 待提交 #597: id=0x7e (MilCmdSolidColorBrush) len=48 handle=0x000002a6 在资源表里=True
[preflight] 通道 2 待提交 #598: id=0x7d (MilCmdPathGeometry) len=1148 handle=0x000002a7 在资源表里=True
[preflight] 通道 2 待提交 #599: id=0x87 (MilCmdGeometryDrawing) len=20 handle=0x000002a5 在资源表里=True
[preflight] 通道 2 待提交 #600: id=0x8b (MilCmdDrawingGroup) len=108 handle=0x0000027d 在资源表里=True
[preflight] 通道 2 待提交 #601: id=0x82 (MilCmdDrawingBrush) len=148 handle=0x0000027c 在资源表里=True
[preflight] 通道 2 待提交 #602: id=0x18 (MilCmdRenderData) len=76 handle=0x0000027b 在资源表里=True
[preflight] 通道 2 待提交 #603: id=0x22 (MilCmdVisualSetContent) len=12 handle=0x0000027a 在资源表里=True
[preflight] 通道 2 待提交 #604: id=0x26 (MilCmdVisualInsertChildAt) len=16 handle=0x00000279 在资源表里=True
[preflight] 通道 2 待提交 #605: id=0x1b (MilCmdVisualSetOffset) len=24 handle=0x000002a8 在资源表里=True
[preflight] 通道 2 待提交 #606: id=0x27 (MilCmdVisualSetGuidelineCollection) len=32 handle=0x000002a8 在资源表里=True
[preflight] 通道 2 待提交 #607: id=0x3a (MilCmdGlyphRunCreate) len=90 handle=0x000002aa 在资源表里=True
[preflight] 通道 2 待提交 #608: id=0x3a (MilCmdGlyphRunCreate) len=118 handle=0x000002ab 在资源表里=True
[preflight] 通道 2 待提交 #609: id=0x3a (MilCmdGlyphRunCreate) len=90 handle=0x000002ac 在资源表里=True
[preflight] 通道 2 待提交 #610: id=0x18 (MilCmdRenderData) len=60 handle=0x000002a9 在资源表里=True
[preflight] 通道 2 待提交 #611: id=0x22 (MilCmdVisualSetContent) len=12 handle=0x000002a8 在资源表里=True
[preflight] 通道 2 待提交 #612: id=0x26 (MilCmdVisualInsertChildAt) len=16 handle=0x00000279 在资源表里=True
[preflight] 通道 2 待提交 #613: id=0x20 (MilCmdVisualSetAlpha) len=16 handle=0x000002ad 在资源表里=True
[preflight] 通道 2 待提交 #614: id=0x26 (MilCmdVisualInsertChildAt) len=16 handle=0x00000279 在资源表里=True
[preflight] 通道 2 待提交 #615: id=0x26 (MilCmdVisualInsertChildAt) len=16 handle=0x00000278 在资源表里=True
[preflight] 通道 2 待提交 #616: id=0x26 (MilCmdVisualInsertChildAt) len=16 handle=0x00000276 在资源表里=True
[preflight] 通道 2 待提交 #617: id=0x26 (MilCmdVisualInsertChildAt) len=16 handle=0x00000275 在资源表里=True
[preflight] 通道 2 待提交 #618: id=0x26 (MilCmdVisualInsertChildAt) len=16 handle=0x0000013f 在资源表里=True
[preflight] 通道 2 待提交 #619: id=0x1b (MilCmdVisualSetOffset) len=24 handle=0x000002ae 在资源表里=True
[preflight] 通道 2 待提交 #620: id=0x27 (MilCmdVisualSetGuidelineCollection) len=32 handle=0x000002af 在资源表里=True
[preflight] 通道 2 待提交 #621: id=0x18 (MilCmdRenderData) len=76 handle=0x000002b0 在资源表里=True
[preflight] 通道 2 待提交 #622: id=0x22 (MilCmdVisualSetContent) len=12 handle=0x000002af 在资源表里=True
[preflight] 通道 2 待提交 #623: id=0x1b (MilCmdVisualSetOffset) len=24 handle=0x000002b1 在资源表里=True
[preflight] 通道 2 待提交 #624: id=0x27 (MilCmdVisualSetGuidelineCollection) len=32 handle=0x000002b3 在资源表里=True
[preflight] 通道 2 待提交 #625: id=0x7e (MilCmdSolidColorBrush) len=48 handle=0x000002b8 在资源表里=True
[preflight] 通道 2 待提交 #626: id=0x7d (MilCmdPathGeometry) len=172 handle=0x000002b9 在资源表里=True
[preflight] 通道 2 待提交 #627: id=0x87 (MilCmdGeometryDrawing) len=20 handle=0x000002b7 在资源表里=True
[preflight] 通道 2 待提交 #628: id=0x7e (MilCmdSolidColorBrush) len=48 handle=0x000002bb 在资源表里=True
[preflight] 通道 2 待提交 #629: id=0x7d (MilCmdPathGeometry) len=316 handle=0x000002bc 在资源表里=True
[preflight] 通道 2 待提交 #630: id=0x87 (MilCmdGeometryDrawing) len=20 handle=0x000002ba 在资源表里=True
[preflight] 通道 2 待提交 #631: id=0x7e (MilCmdSolidColorBrush) len=48 handle=0x000002be 在资源表里=True
[preflight] 通道 2 待提交 #632: id=0x7d (MilCmdPathGeometry) len=836 handle=0x000002bf 在资源表里=True
[preflight] 通道 2 待提交 #633: id=0x87 (MilCmdGeometryDrawing) len=20 handle=0x000002bd 在资源表里=True
[preflight] 通道 2 待提交 #634: id=0x7e (MilCmdSolidColorBrush) len=48 handle=0x000002c1 在资源表里=True
[preflight] 通道 2 待提交 #635: id=0x7d (MilCmdPathGeometry) len=588 handle=0x000002c2 在资源表里=True
[preflight] 通道 2 待提交 #636: id=0x87 (MilCmdGeometryDrawing) len=20 handle=0x000002c0 在资源表里=True
[preflight] 通道 2 待提交 #637: id=0x8b (MilCmdDrawingGroup) len=68 handle=0x000002b6 在资源表里=True
[preflight] 通道 2 待提交 #638: id=0x82 (MilCmdDrawingBrush) len=148 handle=0x000002b5 在资源表里=True
[preflight] 通道 2 待提交 #639: id=0x18 (MilCmdRenderData) len=76 handle=0x000002b4 在资源表里=True
[preflight] 通道 2 待提交 #640: id=0x22 (MilCmdVisualSetContent) len=12 handle=0x000002b3 在资源表里=True
[preflight] 通道 2 待提交 #641: id=0x26 (MilCmdVisualInsertChildAt) len=16 handle=0x000002b2 在资源表里=True
[preflight] 通道 2 待提交 #642: id=0x1b (MilCmdVisualSetOffset) len=24 handle=0x000002c3 在资源表里=True
[preflight] 通道 2 待提交 #643: id=0x27 (MilCmdVisualSetGuidelineCollection) len=32 handle=0x000002c3 在资源表里=True
[preflight] 通道 2 待提交 #644: id=0x3a (MilCmdGlyphRunCreate) len=90 handle=0x000002c5 在资源表里=True
[preflight] 通道 2 待提交 #645: id=0x3a (MilCmdGlyphRunCreate) len=118 handle=0x000002c6 在资源表里=True
[preflight] 通道 2 待提交 #646: id=0x3a (MilCmdGlyphRunCreate) len=90 handle=0x000002c7 在资源表里=True
[preflight] 通道 2 待提交 #647: id=0x18 (MilCmdRenderData) len=60 handle=0x000002c4 在资源表里=True
[preflight] 通道 2 待提交 #648: id=0x22 (MilCmdVisualSetContent) len=12 handle=0x000002c3 在资源表里=True
[preflight] 通道 2 待提交 #649: id=0x26 (MilCmdVisualInsertChildAt) len=16 handle=0x000002b2 在资源表里=True
[preflight] 通道 2 待提交 #650: id=0x20 (MilCmdVisualSetAlpha) len=16 handle=0x000002c8 在资源表里=True
[preflight] 通道 2 待提交 #651: id=0x26 (MilCmdVisualInsertChildAt) len=16 handle=0x000002b2 在资源表里=True
[preflight] 通道 2 待提交 #652: id=0x26 (MilCmdVisualInsertChildAt) len=16 handle=0x000002b1 在资源表里=True
[preflight] 通道 2 待提交 #653: id=0x26 (MilCmdVisualInsertChildAt) len=16 handle=0x000002af 在资源表里=True
[preflight] 通道 2 待提交 #654: id=0x26 (MilCmdVisualInsertChildAt) len=16 handle=0x000002ae 在资源表里=True
[preflight] 通道 2 待提交 #655: id=0x26 (MilCmdVisualInsertChildAt) len=16 handle=0x0000013f 在资源表里=True
[preflight] 通道 2 待提交 #656: id=0x1b (MilCmdVisualSetOffset) len=24 handle=0x000002c9 在资源表里=True
[preflight] 通道 2 待提交 #657: id=0x27 (MilCmdVisualSetGuidelineCollection) len=32 handle=0x000002ca 在资源表里=True
[preflight] 通道 2 待提交 #658: id=0x18 (MilCmdRenderData) len=76 handle=0x000002cb 在资源表里=True
[preflight] 通道 2 待提交 #659: id=0x22 (MilCmdVisualSetContent) len=12 handle=0x000002ca 在资源表里=True
[preflight] 通道 2 待提交 #660: id=0x1b (MilCmdVisualSetOffset) len=24 handle=0x000002cc 在资源表里=True
[preflight] 通道 2 待提交 #661: id=0x27 (MilCmdVisualSetGuidelineCollection) len=32 handle=0x000002ce 在资源表里=True
[preflight] 通道 2 待提交 #662: id=0x7e (MilCmdSolidColorBrush) len=48 handle=0x000002d3 在资源表里=True
[preflight] 通道 2 待提交 #663: id=0x7d (MilCmdPathGeometry) len=172 handle=0x000002d4 在资源表里=True
[preflight] 通道 2 待提交 #664: id=0x87 (MilCmdGeometryDrawing) len=20 handle=0x000002d2 在资源表里=True
[preflight] 通道 2 待提交 #665: id=0x7e (MilCmdSolidColorBrush) len=48 handle=0x000002d6 在资源表里=True
[preflight] 通道 2 待提交 #666: id=0x7d (MilCmdPathGeometry) len=492 handle=0x000002d7 在资源表里=True
[preflight] 通道 2 待提交 #667: id=0x87 (MilCmdGeometryDrawing) len=20 handle=0x000002d5 在资源表里=True
[preflight] 通道 2 待提交 #668: id=0x7e (MilCmdSolidColorBrush) len=48 handle=0x000002d9 在资源表里=True
[preflight] 通道 2 待提交 #669: id=0x7d (MilCmdPathGeometry) len=596 handle=0x000002da 在资源表里=True
[preflight] 通道 2 待提交 #670: id=0x87 (MilCmdGeometryDrawing) len=20 handle=0x000002d8 在资源表里=True
[preflight] 通道 2 待提交 #671: id=0x7e (MilCmdSolidColorBrush) len=48 handle=0x000002dc 在资源表里=True
[preflight] 通道 2 待提交 #672: id=0x7d (MilCmdPathGeometry) len=596 handle=0x000002dd 在资源表里=True
[preflight] 通道 2 待提交 #673: id=0x87 (MilCmdGeometryDrawing) len=20 handle=0x000002db 在资源表里=True
[preflight] 通道 2 待提交 #674: id=0x7e (MilCmdSolidColorBrush) len=48 handle=0x000002df 在资源表里=True
[preflight] 通道 2 待提交 #675: id=0x7d (MilCmdPathGeometry) len=172 handle=0x000002e0 在资源表里=True
[preflight] 通道 2 待提交 #676: id=0x87 (MilCmdGeometryDrawing) len=20 handle=0x000002de 在资源表里=True
[preflight] 通道 2 待提交 #677: id=0x7e (MilCmdSolidColorBrush) len=48 handle=0x000002e2 在资源表里=True
[preflight] 通道 2 待提交 #678: id=0x7d (MilCmdPathGeometry) len=276 handle=0x000002e3 在资源表里=True
[preflight] 通道 2 待提交 #679: id=0x87 (MilCmdGeometryDrawing) len=20 handle=0x000002e1 在资源表里=True
[preflight] 通道 2 待提交 #680: id=0x8b (MilCmdDrawingGroup) len=76 handle=0x000002d1 在资源表里=True
[preflight] 通道 2 待提交 #681: id=0x82 (MilCmdDrawingBrush) len=148 handle=0x000002d0 在资源表里=True
[preflight] 通道 2 待提交 #682: id=0x18 (MilCmdRenderData) len=76 handle=0x000002cf 在资源表里=True
[preflight] 通道 2 待提交 #683: id=0x22 (MilCmdVisualSetContent) len=12 handle=0x000002ce 在资源表里=True
[preflight] 通道 2 待提交 #684: id=0x26 (MilCmdVisualInsertChildAt) len=16 handle=0x000002cd 在资源表里=True
[preflight] 通道 2 待提交 #685: id=0x1b (MilCmdVisualSetOffset) len=24 handle=0x000002e4 在资源表里=True
[preflight] 通道 2 待提交 #686: id=0x27 (MilCmdVisualSetGuidelineCollection) len=32 handle=0x000002e4 在资源表里=True
[preflight] 通道 2 待提交 #687: id=0x3a (MilCmdGlyphRunCreate) len=90 handle=0x000002e6 在资源表里=True
[preflight] 通道 2 待提交 #688: id=0x3a (MilCmdGlyphRunCreate) len=118 handle=0x000002e7 在资源表里=True
[preflight] 通道 2 待提交 #689: id=0x3a (MilCmdGlyphRunCreate) len=90 handle=0x000002e8 在资源表里=True
[preflight] 通道 2 待提交 #690: id=0x18 (MilCmdRenderData) len=60 handle=0x000002e5 在资源表里=True
[preflight] 通道 2 待提交 #691: id=0x22 (MilCmdVisualSetContent) len=12 handle=0x000002e4 在资源表里=True
[preflight] 通道 2 待提交 #692: id=0x26 (MilCmdVisualInsertChildAt) len=16 handle=0x000002cd 在资源表里=True
[preflight] 通道 2 待提交 #693: id=0x20 (MilCmdVisualSetAlpha) len=16 handle=0x000002e9 在资源表里=True
[preflight] 通道 2 待提交 #694: id=0x26 (MilCmdVisualInsertChildAt) len=16 handle=0x000002cd 在资源表里=True
[preflight] 通道 2 待提交 #695: id=0x26 (MilCmdVisualInsertChildAt) len=16 handle=0x000002cc 在资源表里=True
[preflight] 通道 2 待提交 #696: id=0x26 (MilCmdVisualInsertChildAt) len=16 handle=0x000002ca 在资源表里=True
[preflight] 通道 2 待提交 #697: id=0x26 (MilCmdVisualInsertChildAt) len=16 handle=0x000002c9 在资源表里=True
[preflight] 通道 2 待提交 #698: id=0x26 (MilCmdVisualInsertChildAt) len=16 handle=0x0000013f 在资源表里=True
[preflight] 通道 2 待提交 #699: id=0x1b (MilCmdVisualSetOffset) len=24 handle=0x000002ea 在资源表里=True
[preflight] 通道 2 待提交 #700: id=0x27 (MilCmdVisualSetGuidelineCollection) len=32 handle=0x000002eb 在资源表里=True
[preflight] 通道 2 待提交 #701: id=0x18 (MilCmdRenderData) len=76 handle=0x000002ec 在资源表里=True
[preflight] 通道 2 待提交 #702: id=0x22 (MilCmdVisualSetContent) len=12 handle=0x000002eb 在资源表里=True
[preflight] 通道 2 待提交 #703: id=0x1b (MilCmdVisualSetOffset) len=24 handle=0x000002ed 在资源表里=True
[preflight] 通道 2 待提交 #704: id=0x27 (MilCmdVisualSetGuidelineCollection) len=32 handle=0x000002ef 在资源表里=True
[preflight] 通道 2 待提交 #705: id=0x7e (MilCmdSolidColorBrush) len=48 handle=0x000002f4 在资源表里=True
[preflight] 通道 2 待提交 #706: id=0x7d (MilCmdPathGeometry) len=172 handle=0x000002f5 在资源表里=True
[preflight] 通道 2 待提交 #707: id=0x87 (MilCmdGeometryDrawing) len=20 handle=0x000002f3 在资源表里=True
[preflight] 通道 2 待提交 #708: id=0x7e (MilCmdSolidColorBrush) len=48 handle=0x000002f7 在资源表里=True
[preflight] 通道 2 待提交 #709: id=0x7d (MilCmdPathGeometry) len=300 handle=0x000002f8 在资源表里=True
[preflight] 通道 2 待提交 #710: id=0x87 (MilCmdGeometryDrawing) len=20 handle=0x000002f6 在资源表里=True
[preflight] 通道 2 待提交 #711: id=0x7e (MilCmdSolidColorBrush) len=48 handle=0x000002fa 在资源表里=True
[preflight] 通道 2 待提交 #712: id=0x7d (MilCmdPathGeometry) len=1300 handle=0x000002fb 在资源表里=True
[preflight] 通道 2 待提交 #713: id=0x87 (MilCmdGeometryDrawing) len=20 handle=0x000002f9 在资源表里=True
[preflight] 通道 2 待提交 #714: id=0x7e (MilCmdSolidColorBrush) len=48 handle=0x000002fd 在资源表里=True
[preflight] 通道 2 待提交 #715: id=0x7d (MilCmdPathGeometry) len=900 handle=0x000002fe 在资源表里=True
[preflight] 通道 2 待提交 #716: id=0x87 (MilCmdGeometryDrawing) len=20 handle=0x000002fc 在资源表里=True
[preflight] 通道 2 待提交 #717: id=0x8b (MilCmdDrawingGroup) len=68 handle=0x000002f2 在资源表里=True
[preflight] 通道 2 待提交 #718: id=0x82 (MilCmdDrawingBrush) len=148 handle=0x000002f1 在资源表里=True
[preflight] 通道 2 待提交 #719: id=0x18 (MilCmdRenderData) len=76 handle=0x000002f0 在资源表里=True
[preflight] 通道 2 待提交 #720: id=0x22 (MilCmdVisualSetContent) len=12 handle=0x000002ef 在资源表里=True
[preflight] 通道 2 待提交 #721: id=0x26 (MilCmdVisualInsertChildAt) len=16 handle=0x000002ee 在资源表里=True
[preflight] 通道 2 待提交 #722: id=0x1b (MilCmdVisualSetOffset) len=24 handle=0x000002ff 在资源表里=True
[preflight] 通道 2 待提交 #723: id=0x27 (MilCmdVisualSetGuidelineCollection) len=32 handle=0x000002ff 在资源表里=True
[preflight] 通道 2 待提交 #724: id=0x3a (MilCmdGlyphRunCreate) len=90 handle=0x00000301 在资源表里=True
[preflight] 通道 2 待提交 #725: id=0x3a (MilCmdGlyphRunCreate) len=104 handle=0x00000302 在资源表里=True
[preflight] 通道 2 待提交 #726: id=0x3a (MilCmdGlyphRunCreate) len=90 handle=0x00000303 在资源表里=True
[preflight] 通道 2 待提交 #727: id=0x18 (MilCmdRenderData) len=60 handle=0x00000300 在资源表里=True
[preflight] 通道 2 待提交 #728: id=0x22 (MilCmdVisualSetContent) len=12 handle=0x000002ff 在资源表里=True
[preflight] 通道 2 待提交 #729: id=0x26 (MilCmdVisualInsertChildAt) len=16 handle=0x000002ee 在资源表里=True
[preflight] 通道 2 待提交 #730: id=0x20 (MilCmdVisualSetAlpha) len=16 handle=0x00000304 在资源表里=True
[preflight] 通道 2 待提交 #731: id=0x26 (MilCmdVisualInsertChildAt) len=16 handle=0x000002ee 在资源表里=True
[preflight] 通道 2 待提交 #732: id=0x26 (MilCmdVisualInsertChildAt) len=16 handle=0x000002ed 在资源表里=True
[preflight] 通道 2 待提交 #733: id=0x26 (MilCmdVisualInsertChildAt) len=16 handle=0x000002eb 在资源表里=True
[preflight] 通道 2 待提交 #734: id=0x26 (MilCmdVisualInsertChildAt) len=16 handle=0x000002ea 在资源表里=True
[preflight] 通道 2 待提交 #735: id=0x26 (MilCmdVisualInsertChildAt) len=16 handle=0x0000013f 在资源表里=True
[preflight] 通道 2 待提交 #736: id=0x1b (MilCmdVisualSetOffset) len=24 handle=0x00000305 在资源表里=True
[preflight] 通道 2 待提交 #737: id=0x27 (MilCmdVisualSetGuidelineCollection) len=32 handle=0x00000306 在资源表里=True
[preflight] 通道 2 待提交 #738: id=0x18 (MilCmdRenderData) len=76 handle=0x00000307 在资源表里=True
[preflight] 通道 2 待提交 #739: id=0x22 (MilCmdVisualSetContent) len=12 handle=0x00000306 在资源表里=True
[preflight] 通道 2 待提交 #740: id=0x1b (MilCmdVisualSetOffset) len=24 handle=0x00000308 在资源表里=True
[preflight] 通道 2 待提交 #741: id=0x27 (MilCmdVisualSetGuidelineCollection) len=32 handle=0x0000030a 在资源表里=True
[preflight] 通道 2 待提交 #742: id=0x7e (MilCmdSolidColorBrush) len=48 handle=0x0000030f 在资源表里=True
[preflight] 通道 2 待提交 #743: id=0x7d (MilCmdPathGeometry) len=172 handle=0x00000310 在资源表里=True
[preflight] 通道 2 待提交 #744: id=0x87 (MilCmdGeometryDrawing) len=20 handle=0x0000030e 在资源表里=True
[preflight] 通道 2 待提交 #745: id=0x7e (MilCmdSolidColorBrush) len=48 handle=0x00000312 在资源表里=True
[preflight] 通道 2 待提交 #746: id=0x7d (MilCmdPathGeometry) len=204 handle=0x00000313 在资源表里=True
[preflight] 通道 2 待提交 #747: id=0x87 (MilCmdGeometryDrawing) len=20 handle=0x00000311 在资源表里=True
[preflight] 通道 2 待提交 #748: id=0x7e (MilCmdSolidColorBrush) len=48 handle=0x00000315 在资源表里=True
[preflight] 通道 2 待提交 #749: id=0x7d (MilCmdPathGeometry) len=412 handle=0x00000316 在资源表里=True
[preflight] 通道 2 待提交 #750: id=0x87 (MilCmdGeometryDrawing) len=20 handle=0x00000314 在资源表里=True
[preflight] 通道 2 待提交 #751: id=0x7e (MilCmdSolidColorBrush) len=48 handle=0x00000318 在资源表里=True
[preflight] 通道 2 待提交 #752: id=0x7d (MilCmdPathGeometry) len=172 handle=0x00000319 在资源表里=True
[preflight] 通道 2 待提交 #753: id=0x87 (MilCmdGeometryDrawing) len=20 handle=0x00000317 在资源表里=True
[preflight] 通道 2 待提交 #754: id=0x7e (MilCmdSolidColorBrush) len=48 handle=0x0000031b 在资源表里=True
[preflight] 通道 2 待提交 #755: id=0x7d (MilCmdPathGeometry) len=1196 handle=0x0000031c 在资源表里=True
[preflight] 通道 2 待提交 #756: id=0x87 (MilCmdGeometryDrawing) len=20 handle=0x0000031a 在资源表里=True
[preflight] 通道 2 待提交 #757: id=0x7e (MilCmdSolidColorBrush) len=48 handle=0x0000031e 在资源表里=True
[preflight] 通道 2 待提交 #758: id=0x7d (MilCmdPathGeometry) len=964 handle=0x0000031f 在资源表里=True
[preflight] 通道 2 待提交 #759: id=0x87 (MilCmdGeometryDrawing) len=20 handle=0x0000031d 在资源表里=True
[preflight] 通道 2 待提交 #760: id=0x7e (MilCmdSolidColorBrush) len=48 handle=0x00000321 在资源表里=True
[preflight] 通道 2 待提交 #761: id=0x7d (MilCmdPathGeometry) len=156 handle=0x00000322 在资源表里=True
[preflight] 通道 2 待提交 #762: id=0x87 (MilCmdGeometryDrawing) len=20 handle=0x00000320 在资源表里=True
[preflight] 通道 2 待提交 #763: id=0x7e (MilCmdSolidColorBrush) len=48 handle=0x00000324 在资源表里=True
[preflight] 通道 2 待提交 #764: id=0x7d (MilCmdPathGeometry) len=172 handle=0x00000325 在资源表里=True
[preflight] 通道 2 待提交 #765: id=0x87 (MilCmdGeometryDrawing) len=20 handle=0x00000323 在资源表里=True
[preflight] 通道 2 待提交 #766: id=0x8b (MilCmdDrawingGroup) len=84 handle=0x0000030d 在资源表里=True
[preflight] 通道 2 待提交 #767: id=0x82 (MilCmdDrawingBrush) len=148 handle=0x0000030c 在资源表里=True
[preflight] 通道 2 待提交 #768: id=0x18 (MilCmdRenderData) len=76 handle=0x0000030b 在资源表里=True
[preflight] 通道 2 待提交 #769: id=0x22 (MilCmdVisualSetContent) len=12 handle=0x0000030a 在资源表里=True
[preflight] 通道 2 待提交 #770: id=0x26 (MilCmdVisualInsertChildAt) len=16 handle=0x00000309 在资源表里=True
[preflight] 通道 2 待提交 #771: id=0x1b (MilCmdVisualSetOffset) len=24 handle=0x00000326 在资源表里=True
[preflight] 通道 2 待提交 #772: id=0x27 (MilCmdVisualSetGuidelineCollection) len=32 handle=0x00000326 在资源表里=True
[preflight] 通道 2 待提交 #773: id=0x3a (MilCmdGlyphRunCreate) len=90 handle=0x00000328 在资源表里=True
[preflight] 通道 2 待提交 #774: id=0x3a (MilCmdGlyphRunCreate) len=146 handle=0x00000329 在资源表里=True
[preflight] 通道 2 待提交 #775: id=0x3a (MilCmdGlyphRunCreate) len=90 handle=0x0000032a 在资源表里=True
[preflight] 通道 2 待提交 #776: id=0x18 (MilCmdRenderData) len=60 handle=0x00000327 在资源表里=True
[preflight] 通道 2 待提交 #777: id=0x22 (MilCmdVisualSetContent) len=12 handle=0x00000326 在资源表里=True
[preflight] 通道 2 待提交 #778: id=0x26 (MilCmdVisualInsertChildAt) len=16 handle=0x00000309 在资源表里=True
[preflight] 通道 2 待提交 #779: id=0x20 (MilCmdVisualSetAlpha) len=16 handle=0x0000032b 在资源表里=True
[preflight] 通道 2 待提交 #780: id=0x26 (MilCmdVisualInsertChildAt) len=16 handle=0x00000309 在资源表里=True
[preflight] 通道 2 待提交 #781: id=0x26 (MilCmdVisualInsertChildAt) len=16 handle=0x00000308 在资源表里=True
[preflight] 通道 2 待提交 #782: id=0x26 (MilCmdVisualInsertChildAt) len=16 handle=0x00000306 在资源表里=True
[preflight] 通道 2 待提交 #783: id=0x26 (MilCmdVisualInsertChildAt) len=16 handle=0x00000305 在资源表里=True
[preflight] 通道 2 待提交 #784: id=0x26 (MilCmdVisualInsertChildAt) len=16 handle=0x0000013f 在资源表里=True
[preflight] 通道 2 待提交 #785: id=0x1b (MilCmdVisualSetOffset) len=24 handle=0x0000032c 在资源表里=True
[preflight] 通道 2 待提交 #786: id=0x27 (MilCmdVisualSetGuidelineCollection) len=32 handle=0x0000032d 在资源表里=True
[preflight] 通道 2 待提交 #787: id=0x18 (MilCmdRenderData) len=76 handle=0x0000032e 在资源表里=True
[preflight] 通道 2 待提交 #788: id=0x22 (MilCmdVisualSetContent) len=12 handle=0x0000032d 在资源表里=True
[preflight] 通道 2 待提交 #789: id=0x1b (MilCmdVisualSetOffset) len=24 handle=0x0000032f 在资源表里=True
[preflight] 通道 2 待提交 #790: id=0x27 (MilCmdVisualSetGuidelineCollection) len=32 handle=0x00000331 在资源表里=True
[preflight] 通道 2 待提交 #791: id=0x7e (MilCmdSolidColorBrush) len=48 handle=0x00000336 在资源表里=True
[preflight] 通道 2 待提交 #792: id=0x7d (MilCmdPathGeometry) len=172 handle=0x00000337 在资源表里=True
[preflight] 通道 2 待提交 #793: id=0x87 (MilCmdGeometryDrawing) len=20 handle=0x00000335 在资源表里=True
[preflight] 通道 2 待提交 #794: id=0x7e (MilCmdSolidColorBrush) len=48 handle=0x00000339 在资源表里=True
[preflight] 通道 2 待提交 #795: id=0x7d (MilCmdPathGeometry) len=236 handle=0x0000033a 在资源表里=True
[preflight] 通道 2 待提交 #796: id=0x87 (MilCmdGeometryDrawing) len=20 handle=0x00000338 在资源表里=True
[preflight] 通道 2 待提交 #797: id=0x7e (MilCmdSolidColorBrush) len=48 handle=0x0000033c 在资源表里=True
[preflight] 通道 2 待提交 #798: id=0x7d (MilCmdPathGeometry) len=276 handle=0x0000033d 在资源表里=True
[preflight] 通道 2 待提交 #799: id=0x87 (MilCmdGeometryDrawing) len=20 handle=0x0000033b 在资源表里=True
[preflight] 通道 2 待提交 #800: id=0x7e (MilCmdSolidColorBrush) len=48 handle=0x0000033f 在资源表里=True
[preflight] 通道 2 待提交 #801: id=0x7d (MilCmdPathGeometry) len=172 handle=0x00000340 在资源表里=True
[preflight] 通道 2 待提交 #802: id=0x87 (MilCmdGeometryDrawing) len=20 handle=0x0000033e 在资源表里=True
[preflight] 通道 2 待提交 #803: id=0x7e (MilCmdSolidColorBrush) len=48 handle=0x00000342 在资源表里=True
[preflight] 通道 2 待提交 #804: id=0x7d (MilCmdPathGeometry) len=548 handle=0x00000343 在资源表里=True
[preflight] 通道 2 待提交 #805: id=0x87 (MilCmdGeometryDrawing) len=20 handle=0x00000341 在资源表里=True
[preflight] 通道 2 待提交 #806: id=0x8b (MilCmdDrawingGroup) len=72 handle=0x00000334 在资源表里=True
[preflight] 通道 2 待提交 #807: id=0x82 (MilCmdDrawingBrush) len=148 handle=0x00000333 在资源表里=True
[preflight] 通道 2 待提交 #808: id=0x18 (MilCmdRenderData) len=76 handle=0x00000332 在资源表里=True
[preflight] 通道 2 待提交 #809: id=0x22 (MilCmdVisualSetContent) len=12 handle=0x00000331 在资源表里=True
[preflight] 通道 2 待提交 #810: id=0x26 (MilCmdVisualInsertChildAt) len=16 handle=0x00000330 在资源表里=True
[preflight] 通道 2 待提交 #811: id=0x1b (MilCmdVisualSetOffset) len=24 handle=0x00000344 在资源表里=True
[preflight] 通道 2 待提交 #812: id=0x27 (MilCmdVisualSetGuidelineCollection) len=32 handle=0x00000344 在资源表里=True
[preflight] 通道 2 待提交 #813: id=0x3a (MilCmdGlyphRunCreate) len=90 handle=0x00000346 在资源表里=True
[preflight] 通道 2 待提交 #814: id=0x3a (MilCmdGlyphRunCreate) len=146 handle=0x00000347 在资源表里=True
[preflight] 通道 2 待提交 #815: id=0x3a (MilCmdGlyphRunCreate) len=90 handle=0x00000348 在资源表里=True
[preflight] 通道 2 待提交 #816: id=0x18 (MilCmdRenderData) len=60 handle=0x00000345 在资源表里=True
[preflight] 通道 2 待提交 #817: id=0x22 (MilCmdVisualSetContent) len=12 handle=0x00000344 在资源表里=True
[preflight] 通道 2 待提交 #818: id=0x26 (MilCmdVisualInsertChildAt) len=16 handle=0x00000330 在资源表里=True
[preflight] 通道 2 待提交 #819: id=0x20 (MilCmdVisualSetAlpha) len=16 handle=0x00000349 在资源表里=True
[preflight] 通道 2 待提交 #820: id=0x26 (MilCmdVisualInsertChildAt) len=16 handle=0x00000330 在资源表里=True
[preflight] 通道 2 待提交 #821: id=0x26 (MilCmdVisualInsertChildAt) len=16 handle=0x0000032f 在资源表里=True
[preflight] 通道 2 待提交 #822: id=0x26 (MilCmdVisualInsertChildAt) len=16 handle=0x0000032d 在资源表里=True
[preflight] 通道 2 待提交 #823: id=0x26 (MilCmdVisualInsertChildAt) len=16 handle=0x0000032c 在资源表里=True
[preflight] 通道 2 待提交 #824: id=0x26 (MilCmdVisualInsertChildAt) len=16 handle=0x0000013f 在资源表里=True
[preflight] 通道 2 待提交 #825: id=0x1b (MilCmdVisualSetOffset) len=24 handle=0x0000034a 在资源表里=True
[preflight] 通道 2 待提交 #826: id=0x27 (MilCmdVisualSetGuidelineCollection) len=32 handle=0x0000034b 在资源表里=True
[preflight] 通道 2 待提交 #827: id=0x18 (MilCmdRenderData) len=76 handle=0x0000034c 在资源表里=True
[preflight] 通道 2 待提交 #828: id=0x22 (MilCmdVisualSetContent) len=12 handle=0x0000034b 在资源表里=True
[preflight] 通道 2 待提交 #829: id=0x1b (MilCmdVisualSetOffset) len=24 handle=0x0000034d 在资源表里=True
[preflight] 通道 2 待提交 #830: id=0x27 (MilCmdVisualSetGuidelineCollection) len=32 handle=0x0000034f 在资源表里=True
[preflight] 通道 2 待提交 #831: id=0x7e (MilCmdSolidColorBrush) len=48 handle=0x00000354 在资源表里=True
[preflight] 通道 2 待提交 #832: id=0x7d (MilCmdPathGeometry) len=172 handle=0x00000355 在资源表里=True
[preflight] 通道 2 待提交 #833: id=0x87 (MilCmdGeometryDrawing) len=20 handle=0x00000353 在资源表里=True
[preflight] 通道 2 待提交 #834: id=0x7e (MilCmdSolidColorBrush) len=48 handle=0x00000357 在资源表里=True
[preflight] 通道 2 待提交 #835: id=0x7d (MilCmdPathGeometry) len=396 handle=0x00000358 在资源表里=True
[preflight] 通道 2 待提交 #836: id=0x87 (MilCmdGeometryDrawing) len=20 handle=0x00000356 在资源表里=True
[preflight] 通道 2 待提交 #837: id=0x7e (MilCmdSolidColorBrush) len=48 handle=0x0000035a 在资源表里=True
[preflight] 通道 2 待提交 #838: id=0x7d (MilCmdPathGeometry) len=860 handle=0x0000035b 在资源表里=True
[preflight] 通道 2 待提交 #839: id=0x87 (MilCmdGeometryDrawing) len=20 handle=0x00000359 在资源表里=True
[preflight] 通道 2 待提交 #840: id=0x7e (MilCmdSolidColorBrush) len=48 handle=0x0000035d 在资源表里=True
[preflight] 通道 2 待提交 #841: id=0x7d (MilCmdPathGeometry) len=316 handle=0x0000035e 在资源表里=True
[preflight] 通道 2 待提交 #842: id=0x87 (MilCmdGeometryDrawing) len=20 handle=0x0000035c 在资源表里=True
[preflight] 通道 2 待提交 #843: id=0x7e (MilCmdSolidColorBrush) len=48 handle=0x00000360 在资源表里=True
[preflight] 通道 2 待提交 #844: id=0x7d (MilCmdPathGeometry) len=660 handle=0x00000361 在资源表里=True
[preflight] 通道 2 待提交 #845: id=0x87 (MilCmdGeometryDrawing) len=20 handle=0x0000035f 在资源表里=True
[preflight] 通道 2 待提交 #846: id=0x8b (MilCmdDrawingGroup) len=72 handle=0x00000352 在资源表里=True
[preflight] 通道 2 待提交 #847: id=0x82 (MilCmdDrawingBrush) len=148 handle=0x00000351 在资源表里=True
[preflight] 通道 2 待提交 #848: id=0x18 (MilCmdRenderData) len=76 handle=0x00000350 在资源表里=True
[preflight] 通道 2 待提交 #849: id=0x22 (MilCmdVisualSetContent) len=12 handle=0x0000034f 在资源表里=True
[preflight] 通道 2 待提交 #850: id=0x26 (MilCmdVisualInsertChildAt) len=16 handle=0x0000034e 在资源表里=True
[preflight] 通道 2 待提交 #851: id=0x1b (MilCmdVisualSetOffset) len=24 handle=0x00000362 在资源表里=True
[preflight] 通道 2 待提交 #852: id=0x27 (MilCmdVisualSetGuidelineCollection) len=32 handle=0x00000362 在资源表里=True
[preflight] 通道 2 待提交 #853: id=0x3a (MilCmdGlyphRunCreate) len=90 handle=0x00000364 在资源表里=True
[preflight] 通道 2 待提交 #854: id=0x3a (MilCmdGlyphRunCreate) len=132 handle=0x00000365 在资源表里=True
[preflight] 通道 2 待提交 #855: id=0x3a (MilCmdGlyphRunCreate) len=90 handle=0x00000366 在资源表里=True
[preflight] 通道 2 待提交 #856: id=0x18 (MilCmdRenderData) len=60 handle=0x00000363 在资源表里=True
[preflight] 通道 2 待提交 #857: id=0x22 (MilCmdVisualSetContent) len=12 handle=0x00000362 在资源表里=True
[preflight] 通道 2 待提交 #858: id=0x26 (MilCmdVisualInsertChildAt) len=16 handle=0x0000034e 在资源表里=True
[preflight] 通道 2 待提交 #859: id=0x20 (MilCmdVisualSetAlpha) len=16 handle=0x00000367 在资源表里=True
[preflight] 通道 2 待提交 #860: id=0x26 (MilCmdVisualInsertChildAt) len=16 handle=0x0000034e 在资源表里=True
[preflight] 通道 2 待提交 #861: id=0x26 (MilCmdVisualInsertChildAt) len=16 handle=0x0000034d 在资源表里=True
[preflight] 通道 2 待提交 #862: id=0x26 (MilCmdVisualInsertChildAt) len=16 handle=0x0000034b 在资源表里=True
[preflight] 通道 2 待提交 #863: id=0x26 (MilCmdVisualInsertChildAt) len=16 handle=0x0000034a 在资源表里=True
[preflight] 通道 2 待提交 #864: id=0x26 (MilCmdVisualInsertChildAt) len=16 handle=0x0000013f 在资源表里=True
[preflight] 通道 2 待提交 #865: id=0x1b (MilCmdVisualSetOffset) len=24 handle=0x00000368 在资源表里=True
[preflight] 通道 2 待提交 #866: id=0x27 (MilCmdVisualSetGuidelineCollection) len=32 handle=0x00000369 在资源表里=True
[preflight] 通道 2 待提交 #867: id=0x18 (MilCmdRenderData) len=76 handle=0x0000036a 在资源表里=True
[preflight] 通道 2 待提交 #868: id=0x22 (MilCmdVisualSetContent) len=12 handle=0x00000369 在资源表里=True
[preflight] 通道 2 待提交 #869: id=0x1b (MilCmdVisualSetOffset) len=24 handle=0x0000036b 在资源表里=True
[preflight] 通道 2 待提交 #870: id=0x27 (MilCmdVisualSetGuidelineCollection) len=32 handle=0x0000036d 在资源表里=True
[preflight] 通道 2 待提交 #871: id=0x7e (MilCmdSolidColorBrush) len=48 handle=0x00000372 在资源表里=True
[preflight] 通道 2 待提交 #872: id=0x7d (MilCmdPathGeometry) len=172 handle=0x00000373 在资源表里=True
[preflight] 通道 2 待提交 #873: id=0x87 (MilCmdGeometryDrawing) len=20 handle=0x00000371 在资源表里=True
[preflight] 通道 2 待提交 #874: id=0x7e (MilCmdSolidColorBrush) len=48 handle=0x00000375 在资源表里=True
[preflight] 通道 2 待提交 #875: id=0x7d (MilCmdPathGeometry) len=468 handle=0x00000376 在资源表里=True
[preflight] 通道 2 待提交 #876: id=0x87 (MilCmdGeometryDrawing) len=20 handle=0x00000374 在资源表里=True
[preflight] 通道 2 待提交 #877: id=0x7e (MilCmdSolidColorBrush) len=48 handle=0x00000378 在资源表里=True
[preflight] 通道 2 待提交 #878: id=0x7d (MilCmdPathGeometry) len=692 handle=0x00000379 在资源表里=True
[preflight] 通道 2 待提交 #879: id=0x87 (MilCmdGeometryDrawing) len=20 handle=0x00000377 在资源表里=True
[preflight] 通道 2 待提交 #880: id=0x8b (MilCmdDrawingGroup) len=64 handle=0x00000370 在资源表里=True
[preflight] 通道 2 待提交 #881: id=0x82 (MilCmdDrawingBrush) len=148 handle=0x0000036f 在资源表里=True
[preflight] 通道 2 待提交 #882: id=0x18 (MilCmdRenderData) len=76 handle=0x0000036e 在资源表里=True
[preflight] 通道 2 待提交 #883: id=0x22 (MilCmdVisualSetContent) len=12 handle=0x0000036d 在资源表里=True
[preflight] 通道 2 待提交 #884: id=0x26 (MilCmdVisualInsertChildAt) len=16 handle=0x0000036c 在资源表里=True
[preflight] 通道 2 待提交 #885: id=0x1b (MilCmdVisualSetOffset) len=24 handle=0x0000037a 在资源表里=True
[preflight] 通道 2 待提交 #886: id=0x27 (MilCmdVisualSetGuidelineCollection) len=32 handle=0x0000037a 在资源表里=True
[preflight] 通道 2 待提交 #887: id=0x3a (MilCmdGlyphRunCreate) len=90 handle=0x0000037c 在资源表里=True
[preflight] 通道 2 待提交 #888: id=0x3a (MilCmdGlyphRunCreate) len=118 handle=0x0000037d 在资源表里=True
[preflight] 通道 2 待提交 #889: id=0x3a (MilCmdGlyphRunCreate) len=90 handle=0x0000037e 在资源表里=True
[preflight] 通道 2 待提交 #890: id=0x18 (MilCmdRenderData) len=60 handle=0x0000037b 在资源表里=True
[preflight] 通道 2 待提交 #891: id=0x22 (MilCmdVisualSetContent) len=12 handle=0x0000037a 在资源表里=True
[preflight] 通道 2 待提交 #892: id=0x26 (MilCmdVisualInsertChildAt) len=16 handle=0x0000036c 在资源表里=True
[preflight] 通道 2 待提交 #893: id=0x20 (MilCmdVisualSetAlpha) len=16 handle=0x0000037f 在资源表里=True
[preflight] 通道 2 待提交 #894: id=0x26 (MilCmdVisualInsertChildAt) len=16 handle=0x0000036c 在资源表里=True
[preflight] 通道 2 待提交 #895: id=0x26 (MilCmdVisualInsertChildAt) len=16 handle=0x0000036b 在资源表里=True
[preflight] 通道 2 待提交 #896: id=0x26 (MilCmdVisualInsertChildAt) len=16 handle=0x00000369 在资源表里=True
[preflight] 通道 2 待提交 #897: id=0x26 (MilCmdVisualInsertChildAt) len=16 handle=0x00000368 在资源表里=True
[preflight] 通道 2 待提交 #898: id=0x26 (MilCmdVisualInsertChildAt) len=16 handle=0x0000013f 在资源表里=True
[preflight] 通道 2 待提交 #899: id=0x1b (MilCmdVisualSetOffset) len=24 handle=0x00000380 在资源表里=True
[preflight] 通道 2 待提交 #900: id=0x27 (MilCmdVisualSetGuidelineCollection) len=32 handle=0x00000381 在资源表里=True
[preflight] 通道 2 待提交 #901: id=0x18 (MilCmdRenderData) len=76 handle=0x00000382 在资源表里=True
[preflight] 通道 2 待提交 #902: id=0x22 (MilCmdVisualSetContent) len=12 handle=0x00000381 在资源表里=True
[preflight] 通道 2 待提交 #903: id=0x1b (MilCmdVisualSetOffset) len=24 handle=0x00000383 在资源表里=True
[preflight] 通道 2 待提交 #904: id=0x27 (MilCmdVisualSetGuidelineCollection) len=32 handle=0x00000385 在资源表里=True
[preflight] 通道 2 待提交 #905: id=0x7e (MilCmdSolidColorBrush) len=48 handle=0x0000038a 在资源表里=True
[preflight] 通道 2 待提交 #906: id=0x7d (MilCmdPathGeometry) len=172 handle=0x0000038b 在资源表里=True
[preflight] 通道 2 待提交 #907: id=0x87 (MilCmdGeometryDrawing) len=20 handle=0x00000389 在资源表里=True
[preflight] 通道 2 待提交 #908: id=0x7e (MilCmdSolidColorBrush) len=48 handle=0x0000038d 在资源表里=True
[preflight] 通道 2 待提交 #909: id=0x7d (MilCmdPathGeometry) len=172 handle=0x0000038e 在资源表里=True
[preflight] 通道 2 待提交 #910: id=0x87 (MilCmdGeometryDrawing) len=20 handle=0x0000038c 在资源表里=True
[preflight] 通道 2 待提交 #911: id=0x7e (MilCmdSolidColorBrush) len=48 handle=0x00000390 在资源表里=True
[preflight] 通道 2 待提交 #912: id=0x7d (MilCmdPathGeometry) len=172 handle=0x00000391 在资源表里=True
[preflight] 通道 2 待提交 #913: id=0x87 (MilCmdGeometryDrawing) len=20 handle=0x0000038f 在资源表里=True
[preflight] 通道 2 待提交 #914: id=0x7e (MilCmdSolidColorBrush) len=48 handle=0x00000393 在资源表里=True
[preflight] 通道 2 待提交 #915: id=0x7d (MilCmdPathGeometry) len=268 handle=0x00000394 在资源表里=True
[preflight] 通道 2 待提交 #916: id=0x87 (MilCmdGeometryDrawing) len=20 handle=0x00000392 在资源表里=True
[preflight] 通道 2 待提交 #917: id=0x7e (MilCmdSolidColorBrush) len=48 handle=0x00000396 在资源表里=True
[preflight] 通道 2 待提交 #918: id=0x7d (MilCmdPathGeometry) len=172 handle=0x00000397 在资源表里=True
[preflight] 通道 2 待提交 #919: id=0x87 (MilCmdGeometryDrawing) len=20 handle=0x00000395 在资源表里=True
[preflight] 通道 2 待提交 #920: id=0x7e (MilCmdSolidColorBrush) len=48 handle=0x00000399 在资源表里=True
[preflight] 通道 2 待提交 #921: id=0x7d (MilCmdPathGeometry) len=172 handle=0x0000039a 在资源表里=True
[preflight] 通道 2 待提交 #922: id=0x87 (MilCmdGeometryDrawing) len=20 handle=0x00000398 在资源表里=True
[preflight] 通道 2 待提交 #923: id=0x7e (MilCmdSolidColorBrush) len=48 handle=0x0000039c 在资源表里=True
[preflight] 通道 2 待提交 #924: id=0x7d (MilCmdPathGeometry) len=172 handle=0x0000039d 在资源表里=True
[preflight] 通道 2 待提交 #925: id=0x87 (MilCmdGeometryDrawing) len=20 handle=0x0000039b 在资源表里=True
[preflight] 通道 2 待提交 #926: id=0x7e (MilCmdSolidColorBrush) len=48 handle=0x0000039f 在资源表里=True
[preflight] 通道 2 待提交 #927: id=0x7d (MilCmdPathGeometry) len=172 handle=0x000003a0 在资源表里=True
[preflight] 通道 2 待提交 #928: id=0x87 (MilCmdGeometryDrawing) len=20 handle=0x0000039e 在资源表里=True
[preflight] 通道 2 待提交 #929: id=0x7e (MilCmdSolidColorBrush) len=48 handle=0x000003a2 在资源表里=True
[preflight] 通道 2 待提交 #930: id=0x7d (MilCmdPathGeometry) len=172 handle=0x000003a3 在资源表里=True
[preflight] 通道 2 待提交 #931: id=0x87 (MilCmdGeometryDrawing) len=20 handle=0x000003a1 在资源表里=True
[preflight] 通道 2 待提交 #932: id=0x7e (MilCmdSolidColorBrush) len=48 handle=0x000003a5 在资源表里=True
[preflight] 通道 2 待提交 #933: id=0x7d (MilCmdPathGeometry) len=156 handle=0x000003a6 在资源表里=True
[preflight] 通道 2 待提交 #934: id=0x87 (MilCmdGeometryDrawing) len=20 handle=0x000003a4 在资源表里=True
[preflight] 通道 2 待提交 #935: id=0x7e (MilCmdSolidColorBrush) len=48 handle=0x000003a8 在资源表里=True
[preflight] 通道 2 待提交 #936: id=0x7d (MilCmdPathGeometry) len=156 handle=0x000003a9 在资源表里=True
[preflight] 通道 2 待提交 #937: id=0x87 (MilCmdGeometryDrawing) len=20 handle=0x000003a7 在资源表里=True
[preflight] 通道 2 待提交 #938: id=0x7e (MilCmdSolidColorBrush) len=48 handle=0x000003ab 在资源表里=True
[preflight] 通道 2 待提交 #939: id=0x7d (MilCmdPathGeometry) len=268 handle=0x000003ac 在资源表里=True
[preflight] 通道 2 待提交 #940: id=0x87 (MilCmdGeometryDrawing) len=20 handle=0x000003aa 在资源表里=True
[preflight] 通道 2 待提交 #941: id=0x7e (MilCmdSolidColorBrush) len=48 handle=0x000003ae 在资源表里=True
[preflight] 通道 2 待提交 #942: id=0x7d (MilCmdPathGeometry) len=172 handle=0x000003af 在资源表里=True
[preflight] 通道 2 待提交 #943: id=0x87 (MilCmdGeometryDrawing) len=20 handle=0x000003ad 在资源表里=True
[preflight] 通道 2 待提交 #944: id=0x7e (MilCmdSolidColorBrush) len=48 handle=0x000003b1 在资源表里=True
[preflight] 通道 2 待提交 #945: id=0x7d (MilCmdPathGeometry) len=172 handle=0x000003b2 在资源表里=True
[preflight] 通道 2 待提交 #946: id=0x87 (MilCmdGeometryDrawing) len=20 handle=0x000003b0 在资源表里=True
[preflight] 通道 2 待提交 #947: id=0x7e (MilCmdSolidColorBrush) len=48 handle=0x000003b4 在资源表里=True
[preflight] 通道 2 待提交 #948: id=0x7d (MilCmdPathGeometry) len=172 handle=0x000003b5 在资源表里=True
[preflight] 通道 2 待提交 #949: id=0x87 (MilCmdGeometryDrawing) len=20 handle=0x000003b3 在资源表里=True
[preflight] 通道 2 待提交 #950: id=0x7e (MilCmdSolidColorBrush) len=48 handle=0x000003b7 在资源表里=True
[preflight] 通道 2 待提交 #951: id=0x7d (MilCmdPathGeometry) len=172 handle=0x000003b8 在资源表里=True
[preflight] 通道 2 待提交 #952: id=0x87 (MilCmdGeometryDrawing) len=20 handle=0x000003b6 在资源表里=True
[preflight] 通道 2 待提交 #953: id=0x7e (MilCmdSolidColorBrush) len=48 handle=0x000003ba 在资源表里=True
[preflight] 通道 2 待提交 #954: id=0x7d (MilCmdPathGeometry) len=172 handle=0x000003bb 在资源表里=True
[preflight] 通道 2 待提交 #955: id=0x87 (MilCmdGeometryDrawing) len=20 handle=0x000003b9 在资源表里=True
[preflight] 通道 2 待提交 #956: id=0x7e (MilCmdSolidColorBrush) len=48 handle=0x000003bd 在资源表里=True
[preflight] 通道 2 待提交 #957: id=0x7d (MilCmdPathGeometry) len=156 handle=0x000003be 在资源表里=True
[preflight] 通道 2 待提交 #958: id=0x87 (MilCmdGeometryDrawing) len=20 handle=0x000003bc 在资源表里=True
[preflight] 通道 2 待提交 #959: id=0x7e (MilCmdSolidColorBrush) len=48 handle=0x000003c0 在资源表里=True
[preflight] 通道 2 待提交 #960: id=0x7d (MilCmdPathGeometry) len=156 handle=0x000003c1 在资源表里=True
[preflight] 通道 2 待提交 #961: id=0x87 (MilCmdGeometryDrawing) len=20 handle=0x000003bf 在资源表里=True
[preflight] 通道 2 待提交 #962: id=0x7e (MilCmdSolidColorBrush) len=48 handle=0x000003c3 在资源表里=True
[preflight] 通道 2 待提交 #963: id=0x7d (MilCmdPathGeometry) len=452 handle=0x000003c4 在资源表里=True
[preflight] 通道 2 待提交 #964: id=0x87 (MilCmdGeometryDrawing) len=20 handle=0x000003c2 在资源表里=True
[preflight] 通道 2 待提交 #965: id=0x7e (MilCmdSolidColorBrush) len=48 handle=0x000003c6 在资源表里=True
[preflight] 通道 2 待提交 #966: id=0x7d (MilCmdPathGeometry) len=892 handle=0x000003c7 在资源表里=True
[preflight] 通道 2 待提交 #967: id=0x87 (MilCmdGeometryDrawing) len=20 handle=0x000003c5 在资源表里=True
[preflight] 通道 2 待提交 #968: id=0x8b (MilCmdDrawingGroup) len=136 handle=0x00000388 在资源表里=True
[preflight] 通道 2 待提交 #969: id=0x82 (MilCmdDrawingBrush) len=148 handle=0x00000387 在资源表里=True
[preflight] 通道 2 待提交 #970: id=0x18 (MilCmdRenderData) len=76 handle=0x00000386 在资源表里=True
[preflight] 通道 2 待提交 #971: id=0x22 (MilCmdVisualSetContent) len=12 handle=0x00000385 在资源表里=True
[preflight] 通道 2 待提交 #972: id=0x26 (MilCmdVisualInsertChildAt) len=16 handle=0x00000384 在资源表里=True
[preflight] 通道 2 待提交 #973: id=0x1b (MilCmdVisualSetOffset) len=24 handle=0x000003c8 在资源表里=True
[preflight] 通道 2 待提交 #974: id=0x27 (MilCmdVisualSetGuidelineCollection) len=32 handle=0x000003c8 在资源表里=True
[preflight] 通道 2 待提交 #975: id=0x3a (MilCmdGlyphRunCreate) len=90 handle=0x000003ca 在资源表里=True
[preflight] 通道 2 待提交 #976: id=0x3a (MilCmdGlyphRunCreate) len=118 handle=0x000003cb 在资源表里=True
[preflight] 通道 2 待提交 #977: id=0x3a (MilCmdGlyphRunCreate) len=90 handle=0x000003cc 在资源表里=True
[preflight] 通道 2 待提交 #978: id=0x18 (MilCmdRenderData) len=60 handle=0x000003c9 在资源表里=True
[preflight] 通道 2 待提交 #979: id=0x22 (MilCmdVisualSetContent) len=12 handle=0x000003c8 在资源表里=True
[preflight] 通道 2 待提交 #980: id=0x26 (MilCmdVisualInsertChildAt) len=16 handle=0x00000384 在资源表里=True
[preflight] 通道 2 待提交 #981: id=0x20 (MilCmdVisualSetAlpha) len=16 handle=0x000003cd 在资源表里=True
[preflight] 通道 2 待提交 #982: id=0x26 (MilCmdVisualInsertChildAt) len=16 handle=0x00000384 在资源表里=True
[preflight] 通道 2 待提交 #983: id=0x26 (MilCmdVisualInsertChildAt) len=16 handle=0x00000383 在资源表里=True
[preflight] 通道 2 待提交 #984: id=0x26 (MilCmdVisualInsertChildAt) len=16 handle=0x00000381 在资源表里=True
[preflight] 通道 2 待提交 #985: id=0x26 (MilCmdVisualInsertChildAt) len=16 handle=0x00000380 在资源表里=True
[preflight] 通道 2 待提交 #986: id=0x26 (MilCmdVisualInsertChildAt) len=16 handle=0x0000013f 在资源表里=True
[preflight] 通道 2 待提交 #987: id=0x1b (MilCmdVisualSetOffset) len=24 handle=0x000003ce 在资源表里=True
[preflight] 通道 2 待提交 #988: id=0x27 (MilCmdVisualSetGuidelineCollection) len=32 handle=0x000003cf 在资源表里=True
[preflight] 通道 2 待提交 #989: id=0x18 (MilCmdRenderData) len=76 handle=0x000003d0 在资源表里=True
[preflight] 通道 2 待提交 #990: id=0x22 (MilCmdVisualSetContent) len=12 handle=0x000003cf 在资源表里=True
[preflight] 通道 2 待提交 #991: id=0x1b (MilCmdVisualSetOffset) len=24 handle=0x000003d1 在资源表里=True
[preflight] 通道 2 待提交 #992: id=0x27 (MilCmdVisualSetGuidelineCollection) len=32 handle=0x000003d3 在资源表里=True
[preflight] 通道 2 待提交 #993: id=0x7e (MilCmdSolidColorBrush) len=48 handle=0x000003d8 在资源表里=True
[preflight] 通道 2 待提交 #994: id=0x7d (MilCmdPathGeometry) len=172 handle=0x000003d9 在资源表里=True
[preflight] 通道 2 待提交 #995: id=0x87 (MilCmdGeometryDrawing) len=20 handle=0x000003d7 在资源表里=True
[preflight] 通道 2 待提交 #996: id=0x7e (MilCmdSolidColorBrush) len=48 handle=0x000003db 在资源表里=True
[preflight] 通道 2 待提交 #997: id=0x7d (MilCmdPathGeometry) len=172 handle=0x000003dc 在资源表里=True
[preflight] 通道 2 待提交 #998: id=0x87 (MilCmdGeometryDrawing) len=20 handle=0x000003da 在资源表里=True
[preflight] 通道 2 待提交 #999: id=0x7e (MilCmdSolidColorBrush) len=48 handle=0x000003de 在资源表里=True
[preflight] 通道 2 待提交 #1000: id=0x7d (MilCmdPathGeometry) len=692 handle=0x000003df 在资源表里=True
[preflight] 通道 2 待提交 #1001: id=0x87 (MilCmdGeometryDrawing) len=20 handle=0x000003dd 在资源表里=True
[preflight] 通道 2 待提交 #1002: id=0x7e (MilCmdSolidColorBrush) len=48 handle=0x000003e1 在资源表里=True
[preflight] 通道 2 待提交 #1003: id=0x7d (MilCmdPathGeometry) len=588 handle=0x000003e2 在资源表里=True
[preflight] 通道 2 待提交 #1004: id=0x87 (MilCmdGeometryDrawing) len=20 handle=0x000003e0 在资源表里=True
[preflight] 通道 2 待提交 #1005: id=0x8b (MilCmdDrawingGroup) len=68 handle=0x000003d6 在资源表里=True
[preflight] 通道 2 待提交 #1006: id=0x82 (MilCmdDrawingBrush) len=148 handle=0x000003d5 在资源表里=True
[preflight] 通道 2 待提交 #1007: id=0x18 (MilCmdRenderData) len=76 handle=0x000003d4 在资源表里=True
[preflight] 通道 2 待提交 #1008: id=0x22 (MilCmdVisualSetContent) len=12 handle=0x000003d3 在资源表里=True
[preflight] 通道 2 待提交 #1009: id=0x26 (MilCmdVisualInsertChildAt) len=16 handle=0x000003d2 在资源表里=True
[preflight] 通道 2 待提交 #1010: id=0x1b (MilCmdVisualSetOffset) len=24 handle=0x000003e3 在资源表里=True
[preflight] 通道 2 待提交 #1011: id=0x27 (MilCmdVisualSetGuidelineCollection) len=32 handle=0x000003e3 在资源表里=True
[preflight] 通道 2 待提交 #1012: id=0x3a (MilCmdGlyphRunCreate) len=90 handle=0x000003e5 在资源表里=True
[preflight] 通道 2 待提交 #1013: id=0x3a (MilCmdGlyphRunCreate) len=132 handle=0x000003e6 在资源表里=True
[preflight] 通道 2 待提交 #1014: id=0x3a (MilCmdGlyphRunCreate) len=90 handle=0x000003e7 在资源表里=True
[preflight] 通道 2 待提交 #1015: id=0x18 (MilCmdRenderData) len=60 handle=0x000003e4 在资源表里=True
[preflight] 通道 2 待提交 #1016: id=0x22 (MilCmdVisualSetContent) len=12 handle=0x000003e3 在资源表里=True
[preflight] 通道 2 待提交 #1017: id=0x26 (MilCmdVisualInsertChildAt) len=16 handle=0x000003d2 在资源表里=True
[preflight] 通道 2 待提交 #1018: id=0x20 (MilCmdVisualSetAlpha) len=16 handle=0x000003e8 在资源表里=True
[preflight] 通道 2 待提交 #1019: id=0x26 (MilCmdVisualInsertChildAt) len=16 handle=0x000003d2 在资源表里=True
[preflight] 通道 2 待提交 #1020: id=0x26 (MilCmdVisualInsertChildAt) len=16 handle=0x000003d1 在资源表里=True
[preflight] 通道 2 待提交 #1021: id=0x26 (MilCmdVisualInsertChildAt) len=16 handle=0x000003cf 在资源表里=True
[preflight] 通道 2 待提交 #1022: id=0x26 (MilCmdVisualInsertChildAt) len=16 handle=0x000003ce 在资源表里=True
[preflight] 通道 2 待提交 #1023: id=0x26 (MilCmdVisualInsertChildAt) len=16 handle=0x0000013f 在资源表里=True
[preflight] 通道 2 待提交 #1024: id=0x1b (MilCmdVisualSetOffset) len=24 handle=0x000003e9 在资源表里=True
[preflight] 通道 2 待提交 #1025: id=0x27 (MilCmdVisualSetGuidelineCollection) len=32 handle=0x000003ea 在资源表里=True
[preflight] 通道 2 待提交 #1026: id=0x18 (MilCmdRenderData) len=76 handle=0x000003eb 在资源表里=True
[preflight] 通道 2 待提交 #1027: id=0x22 (MilCmdVisualSetContent) len=12 handle=0x000003ea 在资源表里=True
[preflight] 通道 2 待提交 #1028: id=0x1b (MilCmdVisualSetOffset) len=24 handle=0x000003ec 在资源表里=True
[preflight] 通道 2 待提交 #1029: id=0x27 (MilCmdVisualSetGuidelineCollection) len=32 handle=0x000003ee 在资源表里=True
[preflight] 通道 2 待提交 #1030: id=0x7e (MilCmdSolidColorBrush) len=48 handle=0x000003f3 在资源表里=True
[preflight] 通道 2 待提交 #1031: id=0x7d (MilCmdPathGeometry) len=172 handle=0x000003f4 在资源表里=True
[preflight] 通道 2 待提交 #1032: id=0x87 (MilCmdGeometryDrawing) len=20 handle=0x000003f2 在资源表里=True
[preflight] 通道 2 待提交 #1033: id=0x7e (MilCmdSolidColorBrush) len=48 handle=0x000003f6 在资源表里=True
[preflight] 通道 2 待提交 #1034: id=0x7d (MilCmdPathGeometry) len=236 handle=0x000003f7 在资源表里=True
[preflight] 通道 2 待提交 #1035: id=0x87 (MilCmdGeometryDrawing) len=20 handle=0x000003f5 在资源表里=True
[preflight] 通道 2 待提交 #1036: id=0x7e (MilCmdSolidColorBrush) len=48 handle=0x000003f9 在资源表里=True
[preflight] 通道 2 待提交 #1037: id=0x7d (MilCmdPathGeometry) len=716 handle=0x000003fa 在资源表里=True
[preflight] 通道 2 待提交 #1038: id=0x87 (MilCmdGeometryDrawing) len=20 handle=0x000003f8 在资源表里=True
[preflight] 通道 2 待提交 #1039: id=0x7e (MilCmdSolidColorBrush) len=48 handle=0x000003fc 在资源表里=True
[preflight] 通道 2 待提交 #1040: id=0x7d (MilCmdPathGeometry) len=236 handle=0x000003fd 在资源表里=True
[preflight] 通道 2 待提交 #1041: id=0x87 (MilCmdGeometryDrawing) len=20 handle=0x000003fb 在资源表里=True
[preflight] 通道 2 待提交 #1042: id=0x8b (MilCmdDrawingGroup) len=68 handle=0x000003f1 在资源表里=True
[preflight] 通道 2 待提交 #1043: id=0x82 (MilCmdDrawingBrush) len=148 handle=0x000003f0 在资源表里=True
[preflight] 通道 2 待提交 #1044: id=0x18 (MilCmdRenderData) len=76 handle=0x000003ef 在资源表里=True
[preflight] 通道 2 待提交 #1045: id=0x22 (MilCmdVisualSetContent) len=12 handle=0x000003ee 在资源表里=True
[preflight] 通道 2 待提交 #1046: id=0x26 (MilCmdVisualInsertChildAt) len=16 handle=0x000003ed 在资源表里=True
[preflight] 通道 2 待提交 #1047: id=0x1b (MilCmdVisualSetOffset) len=24 handle=0x000003fe 在资源表里=True
[preflight] 通道 2 待提交 #1048: id=0x27 (MilCmdVisualSetGuidelineCollection) len=32 handle=0x000003fe 在资源表里=True
[preflight] 通道 2 待提交 #1049: id=0x3a (MilCmdGlyphRunCreate) len=90 handle=0x00000400 在资源表里=True
[preflight] 通道 2 待提交 #1050: id=0x3a (MilCmdGlyphRunCreate) len=118 handle=0x00000401 在资源表里=True
[preflight] 通道 2 待提交 #1051: id=0x3a (MilCmdGlyphRunCreate) len=90 handle=0x00000402 在资源表里=True
[preflight] 通道 2 待提交 #1052: id=0x18 (MilCmdRenderData) len=60 handle=0x000003ff 在资源表里=True
[preflight] 通道 2 待提交 #1053: id=0x22 (MilCmdVisualSetContent) len=12 handle=0x000003fe 在资源表里=True
[preflight] 通道 2 待提交 #1054: id=0x26 (MilCmdVisualInsertChildAt) len=16 handle=0x000003ed 在资源表里=True
[preflight] 通道 2 待提交 #1055: id=0x20 (MilCmdVisualSetAlpha) len=16 handle=0x00000403 在资源表里=True
[preflight] 通道 2 待提交 #1056: id=0x26 (MilCmdVisualInsertChildAt) len=16 handle=0x000003ed 在资源表里=True
[preflight] 通道 2 待提交 #1057: id=0x26 (MilCmdVisualInsertChildAt) len=16 handle=0x000003ec 在资源表里=True
[preflight] 通道 2 待提交 #1058: id=0x26 (MilCmdVisualInsertChildAt) len=16 handle=0x000003ea 在资源表里=True
[preflight] 通道 2 待提交 #1059: id=0x26 (MilCmdVisualInsertChildAt) len=16 handle=0x000003e9 在资源表里=True
[preflight] 通道 2 待提交 #1060: id=0x26 (MilCmdVisualInsertChildAt) len=16 handle=0x0000013f 在资源表里=True
[preflight] 通道 2 待提交 #1061: id=0x1b (MilCmdVisualSetOffset) len=24 handle=0x00000404 在资源表里=True
[preflight] 通道 2 待提交 #1062: id=0x27 (MilCmdVisualSetGuidelineCollection) len=32 handle=0x00000405 在资源表里=True
[preflight] 通道 2 待提交 #1063: id=0x18 (MilCmdRenderData) len=76 handle=0x00000406 在资源表里=True
[preflight] 通道 2 待提交 #1064: id=0x22 (MilCmdVisualSetContent) len=12 handle=0x00000405 在资源表里=True
[preflight] 通道 2 待提交 #1065: id=0x1b (MilCmdVisualSetOffset) len=24 handle=0x00000407 在资源表里=True
[preflight] 通道 2 待提交 #1066: id=0x27 (MilCmdVisualSetGuidelineCollection) len=32 handle=0x00000409 在资源表里=True
[preflight] 通道 2 待提交 #1067: id=0x7e (MilCmdSolidColorBrush) len=48 handle=0x0000040e 在资源表里=True
[preflight] 通道 2 待提交 #1068: id=0x7d (MilCmdPathGeometry) len=172 handle=0x0000040f 在资源表里=True
[preflight] 通道 2 待提交 #1069: id=0x87 (MilCmdGeometryDrawing) len=20 handle=0x0000040d 在资源表里=True
[preflight] 通道 2 待提交 #1070: id=0x7e (MilCmdSolidColorBrush) len=48 handle=0x00000411 在资源表里=True
[preflight] 通道 2 待提交 #1071: id=0x7d (MilCmdPathGeometry) len=236 handle=0x00000412 在资源表里=True
[preflight] 通道 2 待提交 #1072: id=0x87 (MilCmdGeometryDrawing) len=20 handle=0x00000410 在资源表里=True
[preflight] 通道 2 待提交 #1073: id=0x7e (MilCmdSolidColorBrush) len=48 handle=0x00000414 在资源表里=True
[preflight] 通道 2 待提交 #1074: id=0x7d (MilCmdPathGeometry) len=220 handle=0x00000415 在资源表里=True
[preflight] 通道 2 待提交 #1075: id=0x87 (MilCmdGeometryDrawing) len=20 handle=0x00000413 在资源表里=True
[preflight] 通道 2 待提交 #1076: id=0x7e (MilCmdSolidColorBrush) len=48 handle=0x00000417 在资源表里=True
[preflight] 通道 2 待提交 #1077: id=0x7d (MilCmdPathGeometry) len=172 handle=0x00000418 在资源表里=True
[preflight] 通道 2 待提交 #1078: id=0x87 (MilCmdGeometryDrawing) len=20 handle=0x00000416 在资源表里=True
[preflight] 通道 2 待提交 #1079: id=0x7e (MilCmdSolidColorBrush) len=48 handle=0x0000041a 在资源表里=True
[preflight] 通道 2 待提交 #1080: id=0x7d (MilCmdPathGeometry) len=172 handle=0x0000041b 在资源表里=True
[preflight] 通道 2 待提交 #1081: id=0x87 (MilCmdGeometryDrawing) len=20 handle=0x00000419 在资源表里=True
[preflight] 通道 2 待提交 #1082: id=0x7e (MilCmdSolidColorBrush) len=48 handle=0x0000041d 在资源表里=True
[preflight] 通道 2 待提交 #1083: id=0x7d (MilCmdPathGeometry) len=316 handle=0x0000041e 在资源表里=True
[preflight] 通道 2 待提交 #1084: id=0x87 (MilCmdGeometryDrawing) len=20 handle=0x0000041c 在资源表里=True
[preflight] 通道 2 待提交 #1085: id=0x7e (MilCmdSolidColorBrush) len=48 handle=0x00000420 在资源表里=True
[preflight] 通道 2 待提交 #1086: id=0x7d (MilCmdPathGeometry) len=388 handle=0x00000421 在资源表里=True
[preflight] 通道 2 待提交 #1087: id=0x87 (MilCmdGeometryDrawing) len=20 handle=0x0000041f 在资源表里=True
[preflight] 通道 2 待提交 #1088: id=0x8b (MilCmdDrawingGroup) len=80 handle=0x0000040c 在资源表里=True
[preflight] 通道 2 待提交 #1089: id=0x82 (MilCmdDrawingBrush) len=148 handle=0x0000040b 在资源表里=True
[preflight] 通道 2 待提交 #1090: id=0x18 (MilCmdRenderData) len=76 handle=0x0000040a 在资源表里=True
[preflight] 通道 2 待提交 #1091: id=0x22 (MilCmdVisualSetContent) len=12 handle=0x00000409 在资源表里=True
[preflight] 通道 2 待提交 #1092: id=0x26 (MilCmdVisualInsertChildAt) len=16 handle=0x00000408 在资源表里=True
[preflight] 通道 2 待提交 #1093: id=0x1b (MilCmdVisualSetOffset) len=24 handle=0x00000422 在资源表里=True
[preflight] 通道 2 待提交 #1094: id=0x27 (MilCmdVisualSetGuidelineCollection) len=32 handle=0x00000422 在资源表里=True
[preflight] 通道 2 待提交 #1095: id=0x3a (MilCmdGlyphRunCreate) len=90 handle=0x00000424 在资源表里=True
[preflight] 通道 2 待提交 #1096: id=0x3a (MilCmdGlyphRunCreate) len=104 handle=0x00000425 在资源表里=True
[preflight] 通道 2 待提交 #1097: id=0x3a (MilCmdGlyphRunCreate) len=90 handle=0x00000426 在资源表里=True
[preflight] 通道 2 待提交 #1098: id=0x18 (MilCmdRenderData) len=60 handle=0x00000423 在资源表里=True
[preflight] 通道 2 待提交 #1099: id=0x22 (MilCmdVisualSetContent) len=12 handle=0x00000422 在资源表里=True
[preflight] 通道 2 待提交 #1100: id=0x26 (MilCmdVisualInsertChildAt) len=16 handle=0x00000408 在资源表里=True
[preflight] 通道 2 待提交 #1101: id=0x20 (MilCmdVisualSetAlpha) len=16 handle=0x00000427 在资源表里=True
[preflight] 通道 2 待提交 #1102: id=0x26 (MilCmdVisualInsertChildAt) len=16 handle=0x00000408 在资源表里=True
[preflight] 通道 2 待提交 #1103: id=0x26 (MilCmdVisualInsertChildAt) len=16 handle=0x00000407 在资源表里=True
[preflight] 通道 2 待提交 #1104: id=0x26 (MilCmdVisualInsertChildAt) len=16 handle=0x00000405 在资源表里=True
[preflight] 通道 2 待提交 #1105: id=0x26 (MilCmdVisualInsertChildAt) len=16 handle=0x00000404 在资源表里=True
[preflight] 通道 2 待提交 #1106: id=0x26 (MilCmdVisualInsertChildAt) len=16 handle=0x0000013f 在资源表里=True
[preflight] 通道 2 待提交 #1107: id=0x1b (MilCmdVisualSetOffset) len=24 handle=0x00000428 在资源表里=True
[preflight] 通道 2 待提交 #1108: id=0x27 (MilCmdVisualSetGuidelineCollection) len=32 handle=0x00000429 在资源表里=True
[preflight] 通道 2 待提交 #1109: id=0x18 (MilCmdRenderData) len=76 handle=0x0000042a 在资源表里=True
[preflight] 通道 2 待提交 #1110: id=0x22 (MilCmdVisualSetContent) len=12 handle=0x00000429 在资源表里=True
[preflight] 通道 2 待提交 #1111: id=0x1b (MilCmdVisualSetOffset) len=24 handle=0x0000042b 在资源表里=True
[preflight] 通道 2 待提交 #1112: id=0x27 (MilCmdVisualSetGuidelineCollection) len=32 handle=0x0000042d 在资源表里=True
[preflight] 通道 2 待提交 #1113: id=0x7e (MilCmdSolidColorBrush) len=48 handle=0x00000432 在资源表里=True
[preflight] 通道 2 待提交 #1114: id=0x7d (MilCmdPathGeometry) len=172 handle=0x00000433 在资源表里=True
[preflight] 通道 2 待提交 #1115: id=0x87 (MilCmdGeometryDrawing) len=20 handle=0x00000431 在资源表里=True
[preflight] 通道 2 待提交 #1116: id=0x7e (MilCmdSolidColorBrush) len=48 handle=0x00000435 在资源表里=True
[preflight] 通道 2 待提交 #1117: id=0x7d (MilCmdPathGeometry) len=1140 handle=0x00000436 在资源表里=True
[preflight] 通道 2 待提交 #1118: id=0x87 (MilCmdGeometryDrawing) len=20 handle=0x00000434 在资源表里=True
[preflight] 通道 2 待提交 #1119: id=0x7e (MilCmdSolidColorBrush) len=48 handle=0x00000438 在资源表里=True
[preflight] 通道 2 待提交 #1120: id=0x7d (MilCmdPathGeometry) len=380 handle=0x00000439 在资源表里=True
[preflight] 通道 2 待提交 #1121: id=0x87 (MilCmdGeometryDrawing) len=20 handle=0x00000437 在资源表里=True
[preflight] 通道 2 待提交 #1122: id=0x7e (MilCmdSolidColorBrush) len=48 handle=0x0000043b 在资源表里=True
[preflight] 通道 2 待提交 #1123: id=0x7d (MilCmdPathGeometry) len=324 handle=0x0000043c 在资源表里=True
[preflight] 通道 2 待提交 #1124: id=0x87 (MilCmdGeometryDrawing) len=20 handle=0x0000043a 在资源表里=True
[preflight] 通道 2 待提交 #1125: id=0x8b (MilCmdDrawingGroup) len=68 handle=0x00000430 在资源表里=True
[preflight] 通道 2 待提交 #1126: id=0x82 (MilCmdDrawingBrush) len=148 handle=0x0000042f 在资源表里=True
[preflight] 通道 2 待提交 #1127: id=0x18 (MilCmdRenderData) len=76 handle=0x0000042e 在资源表里=True
[preflight] 通道 2 待提交 #1128: id=0x22 (MilCmdVisualSetContent) len=12 handle=0x0000042d 在资源表里=True
[preflight] 通道 2 待提交 #1129: id=0x26 (MilCmdVisualInsertChildAt) len=16 handle=0x0000042c 在资源表里=True
[preflight] 通道 2 待提交 #1130: id=0x1b (MilCmdVisualSetOffset) len=24 handle=0x0000043d 在资源表里=True
[preflight] 通道 2 待提交 #1131: id=0x27 (MilCmdVisualSetGuidelineCollection) len=32 handle=0x0000043d 在资源表里=True
[preflight] 通道 2 待提交 #1132: id=0x3a (MilCmdGlyphRunCreate) len=90 handle=0x0000043f 在资源表里=True
[preflight] 通道 2 待提交 #1133: id=0x3a (MilCmdGlyphRunCreate) len=132 handle=0x00000440 在资源表里=True
[preflight] 通道 2 待提交 #1134: id=0x3a (MilCmdGlyphRunCreate) len=90 handle=0x00000441 在资源表里=True
[preflight] 通道 2 待提交 #1135: id=0x18 (MilCmdRenderData) len=60 handle=0x0000043e 在资源表里=True
[preflight] 通道 2 待提交 #1136: id=0x22 (MilCmdVisualSetContent) len=12 handle=0x0000043d 在资源表里=True
[preflight] 通道 2 待提交 #1137: id=0x26 (MilCmdVisualInsertChildAt) len=16 handle=0x0000042c 在资源表里=True
[preflight] 通道 2 待提交 #1138: id=0x20 (MilCmdVisualSetAlpha) len=16 handle=0x00000442 在资源表里=True
[preflight] 通道 2 待提交 #1139: id=0x26 (MilCmdVisualInsertChildAt) len=16 handle=0x0000042c 在资源表里=True
[preflight] 通道 2 待提交 #1140: id=0x26 (MilCmdVisualInsertChildAt) len=16 handle=0x0000042b 在资源表里=True
[preflight] 通道 2 待提交 #1141: id=0x26 (MilCmdVisualInsertChildAt) len=16 handle=0x00000429 在资源表里=True
[preflight] 通道 2 待提交 #1142: id=0x26 (MilCmdVisualInsertChildAt) len=16 handle=0x00000428 在资源表里=True
[preflight] 通道 2 待提交 #1143: id=0x26 (MilCmdVisualInsertChildAt) len=16 handle=0x0000013f 在资源表里=True
[preflight] 通道 2 待提交 #1144: id=0x1b (MilCmdVisualSetOffset) len=24 handle=0x00000443 在资源表里=True
[preflight] 通道 2 待提交 #1145: id=0x27 (MilCmdVisualSetGuidelineCollection) len=32 handle=0x00000444 在资源表里=True
[preflight] 通道 2 待提交 #1146: id=0x18 (MilCmdRenderData) len=76 handle=0x00000445 在资源表里=True
[preflight] 通道 2 待提交 #1147: id=0x22 (MilCmdVisualSetContent) len=12 handle=0x00000444 在资源表里=True
[preflight] 通道 2 待提交 #1148: id=0x1b (MilCmdVisualSetOffset) len=24 handle=0x00000446 在资源表里=True
[preflight] 通道 2 待提交 #1149: id=0x27 (MilCmdVisualSetGuidelineCollection) len=32 handle=0x00000448 在资源表里=True
[preflight] 通道 2 待提交 #1150: id=0x7e (MilCmdSolidColorBrush) len=48 handle=0x0000044d 在资源表里=True
[preflight] 通道 2 待提交 #1151: id=0x7d (MilCmdPathGeometry) len=172 handle=0x0000044e 在资源表里=True
[preflight] 通道 2 待提交 #1152: id=0x87 (MilCmdGeometryDrawing) len=20 handle=0x0000044c 在资源表里=True
[preflight] 通道 2 待提交 #1153: id=0x7e (MilCmdSolidColorBrush) len=48 handle=0x00000450 在资源表里=True
[preflight] 通道 2 待提交 #1154: id=0x7d (MilCmdPathGeometry) len=300 handle=0x00000451 在资源表里=True
[preflight] 通道 2 待提交 #1155: id=0x87 (MilCmdGeometryDrawing) len=20 handle=0x0000044f 在资源表里=True
[preflight] 通道 2 待提交 #1156: id=0x7e (MilCmdSolidColorBrush) len=48 handle=0x00000453 在资源表里=True
[preflight] 通道 2 待提交 #1157: id=0x7d (MilCmdPathGeometry) len=956 handle=0x00000454 在资源表里=True
[preflight] 通道 2 待提交 #1158: id=0x87 (MilCmdGeometryDrawing) len=20 handle=0x00000452 在资源表里=True
[preflight] 通道 2 待提交 #1159: id=0x7e (MilCmdSolidColorBrush) len=48 handle=0x00000456 在资源表里=True
[preflight] 通道 2 待提交 #1160: id=0x7d (MilCmdPathGeometry) len=596 handle=0x00000457 在资源表里=True
[preflight] 通道 2 待提交 #1161: id=0x87 (MilCmdGeometryDrawing) len=20 handle=0x00000455 在资源表里=True
[preflight] 通道 2 待提交 #1162: id=0x7e (MilCmdSolidColorBrush) len=48 handle=0x00000459 在资源表里=True
[preflight] 通道 2 待提交 #1163: id=0x7d (MilCmdPathGeometry) len=172 handle=0x0000045a 在资源表里=True
[preflight] 通道 2 待提交 #1164: id=0x87 (MilCmdGeometryDrawing) len=20 handle=0x00000458 在资源表里=True
[preflight] 通道 2 待提交 #1165: id=0x8b (MilCmdDrawingGroup) len=72 handle=0x0000044b 在资源表里=True
[preflight] 通道 2 待提交 #1166: id=0x82 (MilCmdDrawingBrush) len=148 handle=0x0000044a 在资源表里=True
[preflight] 通道 2 待提交 #1167: id=0x18 (MilCmdRenderData) len=76 handle=0x00000449 在资源表里=True
[preflight] 通道 2 待提交 #1168: id=0x22 (MilCmdVisualSetContent) len=12 handle=0x00000448 在资源表里=True
[preflight] 通道 2 待提交 #1169: id=0x26 (MilCmdVisualInsertChildAt) len=16 handle=0x00000447 在资源表里=True
[preflight] 通道 2 待提交 #1170: id=0x1b (MilCmdVisualSetOffset) len=24 handle=0x0000045b 在资源表里=True
[preflight] 通道 2 待提交 #1171: id=0x27 (MilCmdVisualSetGuidelineCollection) len=32 handle=0x0000045b 在资源表里=True
[preflight] 通道 2 待提交 #1172: id=0x3a (MilCmdGlyphRunCreate) len=90 handle=0x0000045d 在资源表里=True
[preflight] 通道 2 待提交 #1173: id=0x3a (MilCmdGlyphRunCreate) len=118 handle=0x0000045e 在资源表里=True
[preflight] 通道 2 待提交 #1174: id=0x3a (MilCmdGlyphRunCreate) len=90 handle=0x0000045f 在资源表里=True
[preflight] 通道 2 待提交 #1175: id=0x18 (MilCmdRenderData) len=60 handle=0x0000045c 在资源表里=True
[preflight] 通道 2 待提交 #1176: id=0x22 (MilCmdVisualSetContent) len=12 handle=0x0000045b 在资源表里=True
[preflight] 通道 2 待提交 #1177: id=0x26 (MilCmdVisualInsertChildAt) len=16 handle=0x00000447 在资源表里=True
[preflight] 通道 2 待提交 #1178: id=0x20 (MilCmdVisualSetAlpha) len=16 handle=0x00000460 在资源表里=True
[preflight] 通道 2 待提交 #1179: id=0x26 (MilCmdVisualInsertChildAt) len=16 handle=0x00000447 在资源表里=True
[preflight] 通道 2 待提交 #1180: id=0x26 (MilCmdVisualInsertChildAt) len=16 handle=0x00000446 在资源表里=True
[preflight] 通道 2 待提交 #1181: id=0x26 (MilCmdVisualInsertChildAt) len=16 handle=0x00000444 在资源表里=True
[preflight] 通道 2 待提交 #1182: id=0x26 (MilCmdVisualInsertChildAt) len=16 handle=0x00000443 在资源表里=True
[preflight] 通道 2 待提交 #1183: id=0x26 (MilCmdVisualInsertChildAt) len=16 handle=0x0000013f 在资源表里=True
[preflight] 通道 2 待提交 #1184: id=0x1b (MilCmdVisualSetOffset) len=24 handle=0x00000461 在资源表里=True
[preflight] 通道 2 待提交 #1185: id=0x27 (MilCmdVisualSetGuidelineCollection) len=32 handle=0x00000462 在资源表里=True
[preflight] 通道 2 待提交 #1186: id=0x18 (MilCmdRenderData) len=76 handle=0x00000463 在资源表里=True
[preflight] 通道 2 待提交 #1187: id=0x22 (MilCmdVisualSetContent) len=12 handle=0x00000462 在资源表里=True
[preflight] 通道 2 待提交 #1188: id=0x1b (MilCmdVisualSetOffset) len=24 handle=0x00000464 在资源表里=True
[preflight] 通道 2 待提交 #1189: id=0x27 (MilCmdVisualSetGuidelineCollection) len=32 handle=0x00000466 在资源表里=True
[preflight] 通道 2 待提交 #1190: id=0x7e (MilCmdSolidColorBrush) len=48 handle=0x0000046b 在资源表里=True
[preflight] 通道 2 待提交 #1191: id=0x7d (MilCmdPathGeometry) len=172 handle=0x0000046c 在资源表里=True
[preflight] 通道 2 待提交 #1192: id=0x87 (MilCmdGeometryDrawing) len=20 handle=0x0000046a 在资源表里=True
[preflight] 通道 2 待提交 #1193: id=0x7e (MilCmdSolidColorBrush) len=48 handle=0x0000046e 在资源表里=True
[preflight] 通道 2 待提交 #1194: id=0x7d (MilCmdPathGeometry) len=172 handle=0x0000046f 在资源表里=True
[preflight] 通道 2 待提交 #1195: id=0x87 (MilCmdGeometryDrawing) len=20 handle=0x0000046d 在资源表里=True
[preflight] 通道 2 待提交 #1196: id=0x7e (MilCmdSolidColorBrush) len=48 handle=0x00000471 在资源表里=True
[preflight] 通道 2 待提交 #1197: id=0x7d (MilCmdPathGeometry) len=988 handle=0x00000472 在资源表里=True
[preflight] 通道 2 待提交 #1198: id=0x87 (MilCmdGeometryDrawing) len=20 handle=0x00000470 在资源表里=True
[preflight] 通道 2 待提交 #1199: id=0x7e (MilCmdSolidColorBrush) len=48 handle=0x00000474 在资源表里=True
[preflight] 通道 2 待提交 #1200: id=0x7d (MilCmdPathGeometry) len=924 handle=0x00000475 在资源表里=True
[preflight] 通道 2 待提交 #1201: id=0x87 (MilCmdGeometryDrawing) len=20 handle=0x00000473 在资源表里=True
[preflight] 通道 2 待提交 #1202: id=0x8b (MilCmdDrawingGroup) len=68 handle=0x00000469 在资源表里=True
[preflight] 通道 2 待提交 #1203: id=0x82 (MilCmdDrawingBrush) len=148 handle=0x00000468 在资源表里=True
[preflight] 通道 2 待提交 #1204: id=0x18 (MilCmdRenderData) len=76 handle=0x00000467 在资源表里=True
[preflight] 通道 2 待提交 #1205: id=0x22 (MilCmdVisualSetContent) len=12 handle=0x00000466 在资源表里=True
[preflight] 通道 2 待提交 #1206: id=0x26 (MilCmdVisualInsertChildAt) len=16 handle=0x00000465 在资源表里=True
[preflight] 通道 2 待提交 #1207: id=0x1b (MilCmdVisualSetOffset) len=24 handle=0x00000476 在资源表里=True
[preflight] 通道 2 待提交 #1208: id=0x27 (MilCmdVisualSetGuidelineCollection) len=32 handle=0x00000476 在资源表里=True
[preflight] 通道 2 待提交 #1209: id=0x3a (MilCmdGlyphRunCreate) len=90 handle=0x00000478 在资源表里=True
[preflight] 通道 2 待提交 #1210: id=0x3a (MilCmdGlyphRunCreate) len=118 handle=0x00000479 在资源表里=True
[preflight] 通道 2 待提交 #1211: id=0x3a (MilCmdGlyphRunCreate) len=90 handle=0x0000047a 在资源表里=True
[preflight] 通道 2 待提交 #1212: id=0x18 (MilCmdRenderData) len=60 handle=0x00000477 在资源表里=True
[preflight] 通道 2 待提交 #1213: id=0x22 (MilCmdVisualSetContent) len=12 handle=0x00000476 在资源表里=True
[preflight] 通道 2 待提交 #1214: id=0x26 (MilCmdVisualInsertChildAt) len=16 handle=0x00000465 在资源表里=True
[preflight] 通道 2 待提交 #1215: id=0x20 (MilCmdVisualSetAlpha) len=16 handle=0x0000047b 在资源表里=True
[preflight] 通道 2 待提交 #1216: id=0x26 (MilCmdVisualInsertChildAt) len=16 handle=0x00000465 在资源表里=True
[preflight] 通道 2 待提交 #1217: id=0x26 (MilCmdVisualInsertChildAt) len=16 handle=0x00000464 在资源表里=True
[preflight] 通道 2 待提交 #1218: id=0x26 (MilCmdVisualInsertChildAt) len=16 handle=0x00000462 在资源表里=True
[preflight] 通道 2 待提交 #1219: id=0x26 (MilCmdVisualInsertChildAt) len=16 handle=0x00000461 在资源表里=True
[preflight] 通道 2 待提交 #1220: id=0x26 (MilCmdVisualInsertChildAt) len=16 handle=0x0000013f 在资源表里=True
[preflight] 通道 2 待提交 #1221: id=0x1b (MilCmdVisualSetOffset) len=24 handle=0x0000047c 在资源表里=True
[preflight] 通道 2 待提交 #1222: id=0x27 (MilCmdVisualSetGuidelineCollection) len=32 handle=0x0000047d 在资源表里=True
[preflight] 通道 2 待提交 #1223: id=0x18 (MilCmdRenderData) len=76 handle=0x0000047e 在资源表里=True
[preflight] 通道 2 待提交 #1224: id=0x22 (MilCmdVisualSetContent) len=12 handle=0x0000047d 在资源表里=True
[preflight] 通道 2 待提交 #1225: id=0x1b (MilCmdVisualSetOffset) len=24 handle=0x0000047f 在资源表里=True
[preflight] 通道 2 待提交 #1226: id=0x27 (MilCmdVisualSetGuidelineCollection) len=32 handle=0x00000481 在资源表里=True
[preflight] 通道 2 待提交 #1227: id=0x7e (MilCmdSolidColorBrush) len=48 handle=0x00000486 在资源表里=True
[preflight] 通道 2 待提交 #1228: id=0x7d (MilCmdPathGeometry) len=172 handle=0x00000487 在资源表里=True
[preflight] 通道 2 待提交 #1229: id=0x87 (MilCmdGeometryDrawing) len=20 handle=0x00000485 在资源表里=True
[preflight] 通道 2 待提交 #1230: id=0x7e (MilCmdSolidColorBrush) len=48 handle=0x00000489 在资源表里=True
[preflight] 通道 2 待提交 #1231: id=0x7d (MilCmdPathGeometry) len=428 handle=0x0000048a 在资源表里=True
[preflight] 通道 2 待提交 #1232: id=0x87 (MilCmdGeometryDrawing) len=20 handle=0x00000488 在资源表里=True
[preflight] 通道 2 待提交 #1233: id=0x7e (MilCmdSolidColorBrush) len=48 handle=0x0000048c 在资源表里=True
[preflight] 通道 2 待提交 #1234: id=0x7d (MilCmdPathGeometry) len=484 handle=0x0000048d 在资源表里=True
[preflight] 通道 2 待提交 #1235: id=0x87 (MilCmdGeometryDrawing) len=20 handle=0x0000048b 在资源表里=True
[preflight] 通道 2 待提交 #1236: id=0x7e (MilCmdSolidColorBrush) len=48 handle=0x0000048f 在资源表里=True
[preflight] 通道 2 待提交 #1237: id=0x7d (MilCmdPathGeometry) len=172 handle=0x00000490 在资源表里=True
[preflight] 通道 2 待提交 #1238: id=0x87 (MilCmdGeometryDrawing) len=20 handle=0x0000048e 在资源表里=True
[preflight] 通道 2 待提交 #1239: id=0x7e (MilCmdSolidColorBrush) len=48 handle=0x00000492 在资源表里=True
[preflight] 通道 2 待提交 #1240: id=0x7d (MilCmdPathGeometry) len=484 handle=0x00000493 在资源表里=True
[preflight] 通道 2 待提交 #1241: id=0x87 (MilCmdGeometryDrawing) len=20 handle=0x00000491 在资源表里=True
[preflight] 通道 2 待提交 #1242: id=0x8b (MilCmdDrawingGroup) len=72 handle=0x00000484 在资源表里=True
[preflight] 通道 2 待提交 #1243: id=0x82 (MilCmdDrawingBrush) len=148 handle=0x00000483 在资源表里=True
[preflight] 通道 2 待提交 #1244: id=0x18 (MilCmdRenderData) len=76 handle=0x00000482 在资源表里=True
[preflight] 通道 2 待提交 #1245: id=0x22 (MilCmdVisualSetContent) len=12 handle=0x00000481 在资源表里=True
[preflight] 通道 2 待提交 #1246: id=0x26 (MilCmdVisualInsertChildAt) len=16 handle=0x00000480 在资源表里=True
[preflight] 通道 2 待提交 #1247: id=0x1b (MilCmdVisualSetOffset) len=24 handle=0x00000494 在资源表里=True
[preflight] 通道 2 待提交 #1248: id=0x27 (MilCmdVisualSetGuidelineCollection) len=32 handle=0x00000494 在资源表里=True
[preflight] 通道 2 待提交 #1249: id=0x3a (MilCmdGlyphRunCreate) len=90 handle=0x00000496 在资源表里=True
[preflight] 通道 2 待提交 #1250: id=0x3a (MilCmdGlyphRunCreate) len=104 handle=0x00000497 在资源表里=True
[preflight] 通道 2 待提交 #1251: id=0x3a (MilCmdGlyphRunCreate) len=90 handle=0x00000498 在资源表里=True
[preflight] 通道 2 待提交 #1252: id=0x18 (MilCmdRenderData) len=60 handle=0x00000495 在资源表里=True
[preflight] 通道 2 待提交 #1253: id=0x22 (MilCmdVisualSetContent) len=12 handle=0x00000494 在资源表里=True
[preflight] 通道 2 待提交 #1254: id=0x26 (MilCmdVisualInsertChildAt) len=16 handle=0x00000480 在资源表里=True
[preflight] 通道 2 待提交 #1255: id=0x20 (MilCmdVisualSetAlpha) len=16 handle=0x00000499 在资源表里=True
[preflight] 通道 2 待提交 #1256: id=0x26 (MilCmdVisualInsertChildAt) len=16 handle=0x00000480 在资源表里=True
[preflight] 通道 2 待提交 #1257: id=0x26 (MilCmdVisualInsertChildAt) len=16 handle=0x0000047f 在资源表里=True
[preflight] 通道 2 待提交 #1258: id=0x26 (MilCmdVisualInsertChildAt) len=16 handle=0x0000047d 在资源表里=True
[preflight] 通道 2 待提交 #1259: id=0x26 (MilCmdVisualInsertChildAt) len=16 handle=0x0000047c 在资源表里=True
[preflight] 通道 2 待提交 #1260: id=0x26 (MilCmdVisualInsertChildAt) len=16 handle=0x0000013f 在资源表里=True
[preflight] 通道 2 待提交 #1261: id=0x1b (MilCmdVisualSetOffset) len=24 handle=0x0000049a 在资源表里=True
[preflight] 通道 2 待提交 #1262: id=0x27 (MilCmdVisualSetGuidelineCollection) len=32 handle=0x0000049b 在资源表里=True
[preflight] 通道 2 待提交 #1263: id=0x18 (MilCmdRenderData) len=76 handle=0x0000049c 在资源表里=True
[preflight] 通道 2 待提交 #1264: id=0x22 (MilCmdVisualSetContent) len=12 handle=0x0000049b 在资源表里=True
[preflight] 通道 2 待提交 #1265: id=0x1b (MilCmdVisualSetOffset) len=24 handle=0x0000049d 在资源表里=True
[preflight] 通道 2 待提交 #1266: id=0x27 (MilCmdVisualSetGuidelineCollection) len=32 handle=0x0000049f 在资源表里=True
[preflight] 通道 2 待提交 #1267: id=0x7e (MilCmdSolidColorBrush) len=48 handle=0x000004a4 在资源表里=True
[preflight] 通道 2 待提交 #1268: id=0x7d (MilCmdPathGeometry) len=172 handle=0x000004a5 在资源表里=True
[preflight] 通道 2 待提交 #1269: id=0x87 (MilCmdGeometryDrawing) len=20 handle=0x000004a3 在资源表里=True
[preflight] 通道 2 待提交 #1270: id=0x7e (MilCmdSolidColorBrush) len=48 handle=0x000004a7 在资源表里=True
[preflight] 通道 2 待提交 #1271: id=0x7d (MilCmdPathGeometry) len=236 handle=0x000004a8 在资源表里=True
[preflight] 通道 2 待提交 #1272: id=0x87 (MilCmdGeometryDrawing) len=20 handle=0x000004a6 在资源表里=True
[preflight] 通道 2 待提交 #1273: id=0x7e (MilCmdSolidColorBrush) len=48 handle=0x000004aa 在资源表里=True
[preflight] 通道 2 待提交 #1274: id=0x7d (MilCmdPathGeometry) len=324 handle=0x000004ab 在资源表里=True
[preflight] 通道 2 待提交 #1275: id=0x87 (MilCmdGeometryDrawing) len=20 handle=0x000004a9 在资源表里=True
[preflight] 通道 2 待提交 #1276: id=0x8b (MilCmdDrawingGroup) len=64 handle=0x000004a2 在资源表里=True
[preflight] 通道 2 待提交 #1277: id=0x82 (MilCmdDrawingBrush) len=148 handle=0x000004a1 在资源表里=True
[preflight] 通道 2 待提交 #1278: id=0x18 (MilCmdRenderData) len=76 handle=0x000004a0 在资源表里=True
[preflight] 通道 2 待提交 #1279: id=0x22 (MilCmdVisualSetContent) len=12 handle=0x0000049f 在资源表里=True
[preflight] 通道 2 待提交 #1280: id=0x26 (MilCmdVisualInsertChildAt) len=16 handle=0x0000049e 在资源表里=True
[preflight] 通道 2 待提交 #1281: id=0x1b (MilCmdVisualSetOffset) len=24 handle=0x000004ac 在资源表里=True
[preflight] 通道 2 待提交 #1282: id=0x27 (MilCmdVisualSetGuidelineCollection) len=32 handle=0x000004ac 在资源表里=True
[preflight] 通道 2 待提交 #1283: id=0x3a (MilCmdGlyphRunCreate) len=90 handle=0x000004ae 在资源表里=True
[preflight] 通道 2 待提交 #1284: id=0x3a (MilCmdGlyphRunCreate) len=104 handle=0x000004af 在资源表里=True
[preflight] 通道 2 待提交 #1285: id=0x3a (MilCmdGlyphRunCreate) len=90 handle=0x000004b0 在资源表里=True
[preflight] 通道 2 待提交 #1286: id=0x18 (MilCmdRenderData) len=60 handle=0x000004ad 在资源表里=True
[preflight] 通道 2 待提交 #1287: id=0x22 (MilCmdVisualSetContent) len=12 handle=0x000004ac 在资源表里=True
[preflight] 通道 2 待提交 #1288: id=0x26 (MilCmdVisualInsertChildAt) len=16 handle=0x0000049e 在资源表里=True
[preflight] 通道 2 待提交 #1289: id=0x20 (MilCmdVisualSetAlpha) len=16 handle=0x000004b1 在资源表里=True
[preflight] 通道 2 待提交 #1290: id=0x26 (MilCmdVisualInsertChildAt) len=16 handle=0x0000049e 在资源表里=True
[preflight] 通道 2 待提交 #1291: id=0x26 (MilCmdVisualInsertChildAt) len=16 handle=0x0000049d 在资源表里=True
[preflight] 通道 2 待提交 #1292: id=0x26 (MilCmdVisualInsertChildAt) len=16 handle=0x0000049b 在资源表里=True
[preflight] 通道 2 待提交 #1293: id=0x26 (MilCmdVisualInsertChildAt) len=16 handle=0x0000049a 在资源表里=True
[preflight] 通道 2 待提交 #1294: id=0x26 (MilCmdVisualInsertChildAt) len=16 handle=0x0000013f 在资源表里=True
[preflight] 通道 2 待提交 #1295: id=0x1b (MilCmdVisualSetOffset) len=24 handle=0x000004b2 在资源表里=True
[preflight] 通道 2 待提交 #1296: id=0x27 (MilCmdVisualSetGuidelineCollection) len=32 handle=0x000004b3 在资源表里=True
[preflight] 通道 2 待提交 #1297: id=0x18 (MilCmdRenderData) len=76 handle=0x000004b4 在资源表里=True
[preflight] 通道 2 待提交 #1298: id=0x22 (MilCmdVisualSetContent) len=12 handle=0x000004b3 在资源表里=True
[preflight] 通道 2 待提交 #1299: id=0x1b (MilCmdVisualSetOffset) len=24 handle=0x000004b5 在资源表里=True
[preflight] 通道 2 待提交 #1300: id=0x27 (MilCmdVisualSetGuidelineCollection) len=32 handle=0x000004b7 在资源表里=True
[preflight] 通道 2 待提交 #1301: id=0x7e (MilCmdSolidColorBrush) len=48 handle=0x000004bc 在资源表里=True
[preflight] 通道 2 待提交 #1302: id=0x7d (MilCmdPathGeometry) len=172 handle=0x000004bd 在资源表里=True
[preflight] 通道 2 待提交 #1303: id=0x87 (MilCmdGeometryDrawing) len=20 handle=0x000004bb 在资源表里=True
[preflight] 通道 2 待提交 #1304: id=0x7e (MilCmdSolidColorBrush) len=48 handle=0x000004bf 在资源表里=True
[preflight] 通道 2 待提交 #1305: id=0x7d (MilCmdPathGeometry) len=172 handle=0x000004c0 在资源表里=True
[preflight] 通道 2 待提交 #1306: id=0x87 (MilCmdGeometryDrawing) len=20 handle=0x000004be 在资源表里=True
[preflight] 通道 2 待提交 #1307: id=0x7e (MilCmdSolidColorBrush) len=48 handle=0x000004c2 在资源表里=True
[preflight] 通道 2 待提交 #1308: id=0x7d (MilCmdPathGeometry) len=172 handle=0x000004c3 在资源表里=True
[preflight] 通道 2 待提交 #1309: id=0x87 (MilCmdGeometryDrawing) len=20 handle=0x000004c1 在资源表里=True
[preflight] 通道 2 待提交 #1310: id=0x7e (MilCmdSolidColorBrush) len=48 handle=0x000004c5 在资源表里=True
[preflight] 通道 2 待提交 #1311: id=0x7d (MilCmdPathGeometry) len=236 handle=0x000004c6 在资源表里=True
[preflight] 通道 2 待提交 #1312: id=0x87 (MilCmdGeometryDrawing) len=20 handle=0x000004c4 在资源表里=True
[preflight] 通道 2 待提交 #1313: id=0x8b (MilCmdDrawingGroup) len=68 handle=0x000004ba 在资源表里=True
[preflight] 通道 2 待提交 #1314: id=0x82 (MilCmdDrawingBrush) len=148 handle=0x000004b9 在资源表里=True
[preflight] 通道 2 待提交 #1315: id=0x18 (MilCmdRenderData) len=76 handle=0x000004b8 在资源表里=True
[preflight] 通道 2 待提交 #1316: id=0x22 (MilCmdVisualSetContent) len=12 handle=0x000004b7 在资源表里=True
[preflight] 通道 2 待提交 #1317: id=0x26 (MilCmdVisualInsertChildAt) len=16 handle=0x000004b6 在资源表里=True
[preflight] 通道 2 待提交 #1318: id=0x1b (MilCmdVisualSetOffset) len=24 handle=0x000004c7 在资源表里=True
[preflight] 通道 2 待提交 #1319: id=0x27 (MilCmdVisualSetGuidelineCollection) len=32 handle=0x000004c7 在资源表里=True
[preflight] 通道 2 待提交 #1320: id=0x3a (MilCmdGlyphRunCreate) len=90 handle=0x000004c9 在资源表里=True
[preflight] 通道 2 待提交 #1321: id=0x3a (MilCmdGlyphRunCreate) len=132 handle=0x000004ca 在资源表里=True
[preflight] 通道 2 待提交 #1322: id=0x3a (MilCmdGlyphRunCreate) len=90 handle=0x000004cb 在资源表里=True
[preflight] 通道 2 待提交 #1323: id=0x18 (MilCmdRenderData) len=60 handle=0x000004c8 在资源表里=True
[preflight] 通道 2 待提交 #1324: id=0x22 (MilCmdVisualSetContent) len=12 handle=0x000004c7 在资源表里=True
[preflight] 通道 2 待提交 #1325: id=0x26 (MilCmdVisualInsertChildAt) len=16 handle=0x000004b6 在资源表里=True
[preflight] 通道 2 待提交 #1326: id=0x20 (MilCmdVisualSetAlpha) len=16 handle=0x000004cc 在资源表里=True
[preflight] 通道 2 待提交 #1327: id=0x26 (MilCmdVisualInsertChildAt) len=16 handle=0x000004b6 在资源表里=True
[preflight] 通道 2 待提交 #1328: id=0x26 (MilCmdVisualInsertChildAt) len=16 handle=0x000004b5 在资源表里=True
[preflight] 通道 2 待提交 #1329: id=0x26 (MilCmdVisualInsertChildAt) len=16 handle=0x000004b3 在资源表里=True
[preflight] 通道 2 待提交 #1330: id=0x26 (MilCmdVisualInsertChildAt) len=16 handle=0x000004b2 在资源表里=True
[preflight] 通道 2 待提交 #1331: id=0x26 (MilCmdVisualInsertChildAt) len=16 handle=0x0000013f 在资源表里=True
[preflight] 通道 2 待提交 #1332: id=0x1b (MilCmdVisualSetOffset) len=24 handle=0x000004cd 在资源表里=True
[preflight] 通道 2 待提交 #1333: id=0x27 (MilCmdVisualSetGuidelineCollection) len=32 handle=0x000004ce 在资源表里=True
[preflight] 通道 2 待提交 #1334: id=0x18 (MilCmdRenderData) len=76 handle=0x000004cf 在资源表里=True
[preflight] 通道 2 待提交 #1335: id=0x22 (MilCmdVisualSetContent) len=12 handle=0x000004ce 在资源表里=True
[preflight] 通道 2 待提交 #1336: id=0x1b (MilCmdVisualSetOffset) len=24 handle=0x000004d0 在资源表里=True
[preflight] 通道 2 待提交 #1337: id=0x27 (MilCmdVisualSetGuidelineCollection) len=32 handle=0x000004d2 在资源表里=True
[preflight] 通道 2 待提交 #1338: id=0x7e (MilCmdSolidColorBrush) len=48 handle=0x000004d7 在资源表里=True
[preflight] 通道 2 待提交 #1339: id=0x7d (MilCmdPathGeometry) len=172 handle=0x000004d8 在资源表里=True
[preflight] 通道 2 待提交 #1340: id=0x87 (MilCmdGeometryDrawing) len=20 handle=0x000004d6 在资源表里=True
[preflight] 通道 2 待提交 #1341: id=0x7e (MilCmdSolidColorBrush) len=48 handle=0x000004da 在资源表里=True
[preflight] 通道 2 待提交 #1342: id=0x7d (MilCmdPathGeometry) len=172 handle=0x000004db 在资源表里=True
[preflight] 通道 2 待提交 #1343: id=0x87 (MilCmdGeometryDrawing) len=20 handle=0x000004d9 在资源表里=True
[preflight] 通道 2 待提交 #1344: id=0x7e (MilCmdSolidColorBrush) len=48 handle=0x000004dd 在资源表里=True
[preflight] 通道 2 待提交 #1345: id=0x7d (MilCmdPathGeometry) len=484 handle=0x000004de 在资源表里=True
[preflight] 通道 2 待提交 #1346: id=0x87 (MilCmdGeometryDrawing) len=20 handle=0x000004dc 在资源表里=True
[preflight] 通道 2 待提交 #1347: id=0x7e (MilCmdSolidColorBrush) len=48 handle=0x000004e0 在资源表里=True
[preflight] 通道 2 待提交 #1348: id=0x7d (MilCmdPathGeometry) len=588 handle=0x000004e1 在资源表里=True
[preflight] 通道 2 待提交 #1349: id=0x87 (MilCmdGeometryDrawing) len=20 handle=0x000004df 在资源表里=True
[preflight] 通道 2 待提交 #1350: id=0x7e (MilCmdSolidColorBrush) len=48 handle=0x000004e3 在资源表里=True
[preflight] 通道 2 待提交 #1351: id=0x7d (MilCmdPathGeometry) len=276 handle=0x000004e4 在资源表里=True
[preflight] 通道 2 待提交 #1352: id=0x87 (MilCmdGeometryDrawing) len=20 handle=0x000004e2 在资源表里=True
[preflight] 通道 2 待提交 #1353: id=0x8b (MilCmdDrawingGroup) len=72 handle=0x000004d5 在资源表里=True
[preflight] 通道 2 待提交 #1354: id=0x82 (MilCmdDrawingBrush) len=148 handle=0x000004d4 在资源表里=True
[preflight] 通道 2 待提交 #1355: id=0x18 (MilCmdRenderData) len=76 handle=0x000004d3 在资源表里=True
[preflight] 通道 2 待提交 #1356: id=0x22 (MilCmdVisualSetContent) len=12 handle=0x000004d2 在资源表里=True
[preflight] 通道 2 待提交 #1357: id=0x26 (MilCmdVisualInsertChildAt) len=16 handle=0x000004d1 在资源表里=True
[preflight] 通道 2 待提交 #1358: id=0x1b (MilCmdVisualSetOffset) len=24 handle=0x000004e5 在资源表里=True
[preflight] 通道 2 待提交 #1359: id=0x27 (MilCmdVisualSetGuidelineCollection) len=32 handle=0x000004e5 在资源表里=True
[preflight] 通道 2 待提交 #1360: id=0x3a (MilCmdGlyphRunCreate) len=90 handle=0x000004e7 在资源表里=True
[preflight] 通道 2 待提交 #1361: id=0x3a (MilCmdGlyphRunCreate) len=104 handle=0x000004e8 在资源表里=True
[preflight] 通道 2 待提交 #1362: id=0x3a (MilCmdGlyphRunCreate) len=90 handle=0x000004e9 在资源表里=True
[preflight] 通道 2 待提交 #1363: id=0x18 (MilCmdRenderData) len=60 handle=0x000004e6 在资源表里=True
[preflight] 通道 2 待提交 #1364: id=0x22 (MilCmdVisualSetContent) len=12 handle=0x000004e5 在资源表里=True
[preflight] 通道 2 待提交 #1365: id=0x26 (MilCmdVisualInsertChildAt) len=16 handle=0x000004d1 在资源表里=True
[preflight] 通道 2 待提交 #1366: id=0x20 (MilCmdVisualSetAlpha) len=16 handle=0x000004ea 在资源表里=True
[preflight] 通道 2 待提交 #1367: id=0x26 (MilCmdVisualInsertChildAt) len=16 handle=0x000004d1 在资源表里=True
[preflight] 通道 2 待提交 #1368: id=0x26 (MilCmdVisualInsertChildAt) len=16 handle=0x000004d0 在资源表里=True
[preflight] 通道 2 待提交 #1369: id=0x26 (MilCmdVisualInsertChildAt) len=16 handle=0x000004ce 在资源表里=True
[preflight] 通道 2 待提交 #1370: id=0x26 (MilCmdVisualInsertChildAt) len=16 handle=0x000004cd 在资源表里=True
[preflight] 通道 2 待提交 #1371: id=0x26 (MilCmdVisualInsertChildAt) len=16 handle=0x0000013f 在资源表里=True
[preflight] 通道 2 待提交 #1372: id=0x1b (MilCmdVisualSetOffset) len=24 handle=0x000004eb 在资源表里=True
[preflight] 通道 2 待提交 #1373: id=0x27 (MilCmdVisualSetGuidelineCollection) len=32 handle=0x000004ec 在资源表里=True
[preflight] 通道 2 待提交 #1374: id=0x18 (MilCmdRenderData) len=76 handle=0x000004ed 在资源表里=True
[preflight] 通道 2 待提交 #1375: id=0x22 (MilCmdVisualSetContent) len=12 handle=0x000004ec 在资源表里=True
[preflight] 通道 2 待提交 #1376: id=0x1b (MilCmdVisualSetOffset) len=24 handle=0x000004ee 在资源表里=True
[preflight] 通道 2 待提交 #1377: id=0x27 (MilCmdVisualSetGuidelineCollection) len=32 handle=0x000004f0 在资源表里=True
[preflight] 通道 2 待提交 #1378: id=0x7e (MilCmdSolidColorBrush) len=48 handle=0x000004f5 在资源表里=True
[preflight] 通道 2 待提交 #1379: id=0x7d (MilCmdPathGeometry) len=268 handle=0x000004f6 在资源表里=True
[preflight] 通道 2 待提交 #1380: id=0x87 (MilCmdGeometryDrawing) len=20 handle=0x000004f4 在资源表里=True
[preflight] 通道 2 待提交 #1381: id=0x7e (MilCmdSolidColorBrush) len=48 handle=0x000004f8 在资源表里=True
[preflight] 通道 2 待提交 #1382: id=0x7d (MilCmdPathGeometry) len=372 handle=0x000004f9 在资源表里=True
[preflight] 通道 2 待提交 #1383: id=0x87 (MilCmdGeometryDrawing) len=20 handle=0x000004f7 在资源表里=True
[preflight] 通道 2 待提交 #1384: id=0x7e (MilCmdSolidColorBrush) len=48 handle=0x000004fb 在资源表里=True
[preflight] 通道 2 待提交 #1385: id=0x7d (MilCmdPathGeometry) len=236 handle=0x000004fc 在资源表里=True
[preflight] 通道 2 待提交 #1386: id=0x87 (MilCmdGeometryDrawing) len=20 handle=0x000004fa 在资源表里=True
[preflight] 通道 2 待提交 #1387: id=0x8b (MilCmdDrawingGroup) len=64 handle=0x000004f3 在资源表里=True
[preflight] 通道 2 待提交 #1388: id=0x82 (MilCmdDrawingBrush) len=148 handle=0x000004f2 在资源表里=True
[preflight] 通道 2 待提交 #1389: id=0x18 (MilCmdRenderData) len=76 handle=0x000004f1 在资源表里=True
[preflight] 通道 2 待提交 #1390: id=0x22 (MilCmdVisualSetContent) len=12 handle=0x000004f0 在资源表里=True
[preflight] 通道 2 待提交 #1391: id=0x26 (MilCmdVisualInsertChildAt) len=16 handle=0x000004ef 在资源表里=True
[preflight] 通道 2 待提交 #1392: id=0x1b (MilCmdVisualSetOffset) len=24 handle=0x000004fd 在资源表里=True
[preflight] 通道 2 待提交 #1393: id=0x27 (MilCmdVisualSetGuidelineCollection) len=32 handle=0x000004fd 在资源表里=True
[preflight] 通道 2 待提交 #1394: id=0x3a (MilCmdGlyphRunCreate) len=90 handle=0x000004ff 在资源表里=True
[preflight] 通道 2 待提交 #1395: id=0x3a (MilCmdGlyphRunCreate) len=132 handle=0x00000500 在资源表里=True
[preflight] 通道 2 待提交 #1396: id=0x3a (MilCmdGlyphRunCreate) len=90 handle=0x00000501 在资源表里=True
[preflight] 通道 2 待提交 #1397: id=0x18 (MilCmdRenderData) len=60 handle=0x000004fe 在资源表里=True
[preflight] 通道 2 待提交 #1398: id=0x22 (MilCmdVisualSetContent) len=12 handle=0x000004fd 在资源表里=True
[preflight] 通道 2 待提交 #1399: id=0x26 (MilCmdVisualInsertChildAt) len=16 handle=0x000004ef 在资源表里=True
[preflight] 通道 2 待提交 #1400: id=0x20 (MilCmdVisualSetAlpha) len=16 handle=0x00000502 在资源表里=True
[preflight] 通道 2 待提交 #1401: id=0x26 (MilCmdVisualInsertChildAt) len=16 handle=0x000004ef 在资源表里=True
[preflight] 通道 2 待提交 #1402: id=0x26 (MilCmdVisualInsertChildAt) len=16 handle=0x000004ee 在资源表里=True
[preflight] 通道 2 待提交 #1403: id=0x26 (MilCmdVisualInsertChildAt) len=16 handle=0x000004ec 在资源表里=True
[preflight] 通道 2 待提交 #1404: id=0x26 (MilCmdVisualInsertChildAt) len=16 handle=0x000004eb 在资源表里=True
[preflight] 通道 2 待提交 #1405: id=0x26 (MilCmdVisualInsertChildAt) len=16 handle=0x0000013f 在资源表里=True
[preflight] 通道 2 待提交 #1406: id=0x26 (MilCmdVisualInsertChildAt) len=16 handle=0x0000013e 在资源表里=True
[preflight] 通道 2 待提交 #1407: id=0x26 (MilCmdVisualInsertChildAt) len=16 handle=0x0000013c 在资源表里=True
[preflight] 通道 2 待提交 #1408: id=0x26 (MilCmdVisualInsertChildAt) len=16 handle=0x0000013c 在资源表里=True
[preflight] 通道 2 待提交 #1409: id=0x26 (MilCmdVisualInsertChildAt) len=16 handle=0x0000013b 在资源表里=True
[preflight] 通道 2 待提交 #1410: id=0x1b (MilCmdVisualSetOffset) len=24 handle=0x00000504 在资源表里=True
[preflight] 通道 2 待提交 #1411: id=0x20 (MilCmdVisualSetAlpha) len=16 handle=0x00000504 在资源表里=True
[preflight] 通道 2 待提交 #1412: id=0x27 (MilCmdVisualSetGuidelineCollection) len=32 handle=0x00000506 在资源表里=True
[preflight] 通道 2 待提交 #1413: id=0x18 (MilCmdRenderData) len=60 handle=0x00000507 在资源表里=True
[preflight] 通道 2 待提交 #1414: id=0x22 (MilCmdVisualSetContent) len=12 handle=0x00000506 在资源表里=True
[preflight] 通道 2 待提交 #1415: id=0x26 (MilCmdVisualInsertChildAt) len=16 handle=0x00000505 在资源表里=True
[preflight] 通道 2 待提交 #1416: id=0x27 (MilCmdVisualSetGuidelineCollection) len=32 handle=0x0000050a 在资源表里=True
[preflight] 通道 2 待提交 #1417: id=0x18 (MilCmdRenderData) len=76 handle=0x0000050b 在资源表里=True
[preflight] 通道 2 待提交 #1418: id=0x22 (MilCmdVisualSetContent) len=12 handle=0x0000050a 在资源表里=True
[preflight] 通道 2 待提交 #1419: id=0x26 (MilCmdVisualInsertChildAt) len=16 handle=0x00000509 在资源表里=True
[preflight] 通道 2 待提交 #1420: id=0x26 (MilCmdVisualInsertChildAt) len=16 handle=0x00000508 在资源表里=True
[preflight] 通道 2 待提交 #1421: id=0x1b (MilCmdVisualSetOffset) len=24 handle=0x0000050c 在资源表里=True
[preflight] 通道 2 待提交 #1422: id=0x27 (MilCmdVisualSetGuidelineCollection) len=32 handle=0x0000050d 在资源表里=True
[preflight] 通道 2 待提交 #1423: id=0x18 (MilCmdRenderData) len=76 handle=0x0000050e 在资源表里=True
[preflight] 通道 2 待提交 #1424: id=0x22 (MilCmdVisualSetContent) len=12 handle=0x0000050d 在资源表里=True
[preflight] 通道 2 待提交 #1425: id=0x26 (MilCmdVisualInsertChildAt) len=16 handle=0x0000050c 在资源表里=True
[preflight] 通道 2 待提交 #1426: id=0x26 (MilCmdVisualInsertChildAt) len=16 handle=0x00000508 在资源表里=True
[preflight] 通道 2 待提交 #1427: id=0x27 (MilCmdVisualSetGuidelineCollection) len=32 handle=0x00000510 在资源表里=True
[preflight] 通道 2 待提交 #1428: id=0x18 (MilCmdRenderData) len=60 handle=0x00000511 在资源表里=True
[preflight] 通道 2 待提交 #1429: id=0x22 (MilCmdVisualSetContent) len=12 handle=0x00000510 在资源表里=True
[preflight] 通道 2 待提交 #1430: id=0x73 (MilCmdTranslateTransform) len=32 handle=0x00000515 在资源表里=True
[preflight] 通道 2 待提交 #1431: id=0x72 (MilCmdTransformGroup) len=16 handle=0x00000514 在资源表里=True
[preflight] 通道 2 待提交 #1432: id=0x72 (MilCmdTransformGroup) len=16 handle=0x00000513 在资源表里=True
[preflight] 通道 2 待提交 #1433: id=0x1c (MilCmdVisualSetTransform) len=12 handle=0x00000512 在资源表里=True
[preflight] 通道 2 待提交 #1434: id=0x1b (MilCmdVisualSetOffset) len=24 handle=0x00000512 在资源表里=True
[preflight] 通道 2 待提交 #1435: id=0x27 (MilCmdVisualSetGuidelineCollection) len=32 handle=0x00000512 在资源表里=True
[preflight] 通道 2 待提交 #1436: id=0x18 (MilCmdRenderData) len=76 handle=0x00000516 在资源表里=True
[preflight] 通道 2 待提交 #1437: id=0x22 (MilCmdVisualSetContent) len=12 handle=0x00000512 在资源表里=True
[preflight] 通道 2 待提交 #1438: id=0x26 (MilCmdVisualInsertChildAt) len=16 handle=0x00000510 在资源表里=True
[preflight] 通道 2 待提交 #1439: id=0x26 (MilCmdVisualInsertChildAt) len=16 handle=0x0000050f 在资源表里=True
[preflight] 通道 2 待提交 #1440: id=0x26 (MilCmdVisualInsertChildAt) len=16 handle=0x00000508 在资源表里=True
[preflight] 通道 2 待提交 #1441: id=0x26 (MilCmdVisualInsertChildAt) len=16 handle=0x00000505 在资源表里=True
[preflight] 通道 2 待提交 #1442: id=0x26 (MilCmdVisualInsertChildAt) len=16 handle=0x00000504 在资源表里=True
[preflight] 通道 2 待提交 #1443: id=0x26 (MilCmdVisualInsertChildAt) len=16 handle=0x0000013b 在资源表里=True
[preflight] 通道 2 待提交 #1444: id=0x20 (MilCmdVisualSetAlpha) len=16 handle=0x00000517 在资源表里=True
[preflight] 通道 2 待提交 #1445: id=0x26 (MilCmdVisualInsertChildAt) len=16 handle=0x0000013b 在资源表里=True
[preflight] 通道 2 待提交 #1446: id=0x26 (MilCmdVisualInsertChildAt) len=16 handle=0x0000013a 在资源表里=True
[preflight] 通道 2 待提交 #1447: id=0x26 (MilCmdVisualInsertChildAt) len=16 handle=0x00000139 在资源表里=True
[preflight] 通道 2 待提交 #1448: id=0x26 (MilCmdVisualInsertChildAt) len=16 handle=0x00000138 在资源表里=True
[preflight] 通道 2 待提交 #1449: id=0x20 (MilCmdVisualSetAlpha) len=16 handle=0x00000518 在资源表里=True
[preflight] 通道 2 待提交 #1450: id=0x26 (MilCmdVisualInsertChildAt) len=16 handle=0x00000138 在资源表里=True
[preflight] 通道 2 待提交 #1451: id=0x20 (MilCmdVisualSetAlpha) len=16 handle=0x00000519 在资源表里=True
[preflight] 通道 2 待提交 #1452: id=0x26 (MilCmdVisualInsertChildAt) len=16 handle=0x00000138 在资源表里=True
[preflight] 通道 2 待提交 #1453: id=0x26 (MilCmdVisualInsertChildAt) len=16 handle=0x00000137 在资源表里=True
[preflight] 通道 2 待提交 #1454: id=0x26 (MilCmdVisualInsertChildAt) len=16 handle=0x00000136 在资源表里=True
[preflight] 通道 2 待提交 #1455: id=0x26 (MilCmdVisualInsertChildAt) len=16 handle=0x00000134 在资源表里=True
[preflight] 通道 2 待提交 #1456: id=0x26 (MilCmdVisualInsertChildAt) len=16 handle=0x00000133 在资源表里=True
[preflight] 通道 2 待提交 #1457: id=0x26 (MilCmdVisualInsertChildAt) len=16 handle=0x000000ed 在资源表里=True
[preflight] 通道 2 待提交 #1458: id=0x26 (MilCmdVisualInsertChildAt) len=16 handle=0x000000dc 在资源表里=True
[closebatch] 通道 2 待处理 3 条 ⇒ hr=0x00000000
[preflight] 通道 2 待提交 #0: id=0x20 (MilCmdVisualSetAlpha) len=16 handle=0x00000012 在资源表里=True
[preflight] 通道 2 待提交 #1: id=0x20 (MilCmdVisualSetAlpha) len=16 handle=0x0000001f 在资源表里=True
[preflight] 通道 2 待提交 #2: id=0x20 (MilCmdVisualSetAlpha) len=16 handle=0x0000002b 在资源表里=True
[release] 通道 2 句柄 0x000000e2 ⇒ 摘除=True 表内总数 1304
[release] 通道 2 句柄 0x000000e3 ⇒ 摘除=True 表内总数 1303
[release] 通道 2 句柄 0x0000000a ⇒ 摘除=False 表内总数 1303
[release] 通道 2 句柄 0x0000000a ⇒ 摘除=False 表内总数 1303
[release] 通道 2 句柄 0x000000e4 ⇒ 摘除=True 表内总数 1302
[release] 通道 2 句柄 0x0000000a ⇒ 摘除=False 表内总数 1302
[release] 通道 2 句柄 0x00000015 ⇒ 摘除=False 表内总数 1302
[release] 通道 2 句柄 0x000000e5 ⇒ 摘除=True 表内总数 1301
[release] 通道 2 句柄 0x0000000a ⇒ 摘除=False 表内总数 1301
[release] 通道 2 句柄 0x000000e8 ⇒ 摘除=True 表内总数 1300
[release] 通道 2 句柄 0x000000e9 ⇒ 摘除=True 表内总数 1299
[release] 通道 2 句柄 0x0000000a ⇒ 摘除=False 表内总数 1299
[release] 通道 2 句柄 0x0000000a ⇒ 摘除=False 表内总数 1299
[release] 通道 2 句柄 0x000000ea ⇒ 摘除=True 表内总数 1298
[create] 通道 2(0x10000002) 句柄 0x000000ea 类型 TYPE_VISUAL ⇒ 表内总数 1299
[create] 通道 2(0x10000002) 句柄 0x000000e9 类型 TYPE_VISUAL ⇒ 表内总数 1300
[create] 通道 2(0x10000002) 句柄 0x000000e8 类型 TYPE_VISUAL ⇒ 表内总数 1301
[create] 通道 2(0x10000002) 句柄 0x000000e5 类型 TYPE_RENDERDATA ⇒ 表内总数 1302
[create] 通道 2(0x10000002) 句柄 0x000000e4 类型 TYPE_LINEARGRADIENTBRUSH ⇒ 表内总数 1303
[create] 通道 2(0x10000002) 句柄 0x0000000a 类型 TYPE_MATRIXTRANSFORM ⇒ 表内总数 1303
[create] 通道 2(0x10000002) 句柄 0x0000000a 类型 TYPE_MATRIXTRANSFORM ⇒ 表内总数 1303
[create] 通道 2(0x10000002) 句柄 0x000000e3 类型 TYPE_PATHGEOMETRY ⇒ 表内总数 1304
[create] 通道 2(0x10000002) 句柄 0x0000000a 类型 TYPE_MATRIXTRANSFORM ⇒ 表内总数 1304
[create] 通道 2(0x10000002) 句柄 0x00000015 类型 TYPE_SOLIDCOLORBRUSH ⇒ 表内总数 1304
[create] 通道 2(0x10000002) 句柄 0x000000e2 类型 TYPE_PATHGEOMETRY ⇒ 表内总数 1305
[create] 通道 2(0x10000002) 句柄 0x0000000a 类型 TYPE_MATRIXTRANSFORM ⇒ 表内总数 1305
[create] 通道 2(0x10000002) 句柄 0x0000051a 类型 TYPE_VISUAL ⇒ 表内总数 1306
[create] 通道 2(0x10000002) 句柄 0x0000051b 类型 TYPE_VISUAL ⇒ 表内总数 1307
[create] 通道 2(0x10000002) 句柄 0x0000051c 类型 TYPE_RENDERDATA ⇒ 表内总数 1308
[create] 通道 2(0x10000002) 句柄 0x0000001c 类型 TYPE_SOLIDCOLORBRUSH ⇒ 表内总数 1308
[create] 通道 2(0x10000002) 句柄 0x0000051d 类型 TYPE_GLYPHRUN ⇒ 表内总数 1309
[create] 通道 2(0x10000002) 句柄 0x0000051e 类型 TYPE_RENDERDATA ⇒ 表内总数 1310
[create] 通道 2(0x10000002) 句柄 0x000000e4 类型 TYPE_LINEARGRADIENTBRUSH ⇒ 表内总数 1310
[create] 通道 2(0x10000002) 句柄 0x0000051f 类型 TYPE_PATHGEOMETRY ⇒ 表内总数 1311
[create] 通道 2(0x10000002) 句柄 0x0000000a 类型 TYPE_MATRIXTRANSFORM ⇒ 表内总数 1311
[create] 通道 2(0x10000002) 句柄 0x00000015 类型 TYPE_SOLIDCOLORBRUSH ⇒ 表内总数 1311
[create] 通道 2(0x10000002) 句柄 0x00000520 类型 TYPE_PATHGEOMETRY ⇒ 表内总数 1312
[create] 通道 2(0x10000002) 句柄 0x0000000a 类型 TYPE_MATRIXTRANSFORM ⇒ 表内总数 1312
[create] 通道 2(0x10000002) 句柄 0x00000521 类型 TYPE_RENDERDATA ⇒ 表内总数 1313
[create] 通道 2(0x10000002) 句柄 0x00000522 类型 TYPE_LINEARGRADIENTBRUSH ⇒ 表内总数 1314
[create] 通道 2(0x10000002) 句柄 0x0000000a 类型 TYPE_MATRIXTRANSFORM ⇒ 表内总数 1314
[create] 通道 2(0x10000002) 句柄 0x0000000a 类型 TYPE_MATRIXTRANSFORM ⇒ 表内总数 1314
[create] 通道 2(0x10000002) 句柄 0x00000523 类型 TYPE_GLYPHRUN ⇒ 表内总数 1315
[closebatch] 通道 2 待处理 29 条 ⇒ hr=0x00000000
[preflight] 通道 2 待提交 #0: id=0x24 (MilCmdVisualRemoveAllChildren) len=8 handle=0x000000d7 在资源表里=True
[preflight] 通道 2 待提交 #1: id=0x1b (MilCmdVisualSetOffset) len=24 handle=0x000000ea 在资源表里=True
[preflight] 通道 2 待提交 #2: id=0x27 (MilCmdVisualSetGuidelineCollection) len=32 handle=0x000000e8 在资源表里=True
[preflight] 通道 2 待提交 #3: id=0x7f (MilCmdLinearGradientBrush) len=132 handle=0x000000e4 在资源表里=True
[preflight] 通道 2 待提交 #4: id=0x7d (MilCmdPathGeometry) len=308 handle=0x000000e3 在资源表里=True
[preflight] 通道 2 待提交 #5: id=0x7d (MilCmdPathGeometry) len=188 handle=0x000000e2 在资源表里=True
[preflight] 通道 2 待提交 #6: id=0x18 (MilCmdRenderData) len=60 handle=0x000000e5 在资源表里=True
[preflight] 通道 2 待提交 #7: id=0x22 (MilCmdVisualSetContent) len=12 handle=0x000000e8 在资源表里=True
[preflight] 通道 2 待提交 #8: id=0x26 (MilCmdVisualInsertChildAt) len=16 handle=0x000000e9 在资源表里=True
[preflight] 通道 2 待提交 #9: id=0x1b (MilCmdVisualSetOffset) len=24 handle=0x0000051a 在资源表里=True
[preflight] 通道 2 待提交 #10: id=0x27 (MilCmdVisualSetGuidelineCollection) len=32 handle=0x0000051b 在资源表里=True
[preflight] 通道 2 待提交 #11: id=0x3a (MilCmdGlyphRunCreate) len=104 handle=0x0000051d 在资源表里=True
[preflight] 通道 2 待提交 #12: id=0x18 (MilCmdRenderData) len=28 handle=0x0000051c 在资源表里=True
[preflight] 通道 2 待提交 #13: id=0x22 (MilCmdVisualSetContent) len=12 handle=0x0000051b 在资源表里=True
[preflight] 通道 2 待提交 #14: id=0x26 (MilCmdVisualInsertChildAt) len=16 handle=0x0000051a 在资源表里=True
[preflight] 通道 2 待提交 #15: id=0x26 (MilCmdVisualInsertChildAt) len=16 handle=0x000000e9 在资源表里=True
[preflight] 通道 2 待提交 #16: id=0x26 (MilCmdVisualInsertChildAt) len=16 handle=0x000000ea 在资源表里=True
[preflight] 通道 2 待提交 #17: id=0x26 (MilCmdVisualInsertChildAt) len=16 handle=0x000000d7 在资源表里=True
[preflight] 通道 2 待提交 #18: id=0x27 (MilCmdVisualSetGuidelineCollection) len=32 handle=0x000000e1 在资源表里=True
[preflight] 通道 2 待提交 #19: id=0x7d (MilCmdPathGeometry) len=308 handle=0x0000051f 在资源表里=True
[preflight] 通道 2 待提交 #20: id=0x7d (MilCmdPathGeometry) len=188 handle=0x00000520 在资源表里=True
[preflight] 通道 2 待提交 #21: id=0x18 (MilCmdRenderData) len=60 handle=0x0000051e 在资源表里=True
[preflight] 通道 2 待提交 #22: id=0x22 (MilCmdVisualSetContent) len=12 handle=0x000000e1 在资源表里=True
[preflight] 通道 2 待提交 #23: id=0x1b (MilCmdVisualSetOffset) len=24 handle=0x000000e6 在资源表里=True
[preflight] 通道 2 待提交 #24: id=0x7f (MilCmdLinearGradientBrush) len=132 handle=0x00000522 在资源表里=True
[preflight] 通道 2 待提交 #25: id=0x3a (MilCmdGlyphRunCreate) len=132 handle=0x00000523 在资源表里=True
[preflight] 通道 2 待提交 #26: id=0x18 (MilCmdRenderData) len=28 handle=0x00000521 在资源表里=True
[preflight] 通道 2 待提交 #27: id=0x22 (MilCmdVisualSetContent) len=12 handle=0x000000e7 在资源表里=True
[preflight] 通道 2 待提交 #28: id=0x26 (MilCmdVisualInsertChildAt) len=16 handle=0x000000d7 在资源表里=True
[release] 通道 2 句柄 0x0000051e ⇒ 摘除=True 表内总数 1314
[release] 通道 2 句柄 0x000000e4 ⇒ 摘除=False 表内总数 1314
[release] 通道 2 句柄 0x0000051f ⇒ 摘除=True 表内总数 1313
[release] 通道 2 句柄 0x0000000a ⇒ 摘除=False 表内总数 1313
[release] 通道 2 句柄 0x00000015 ⇒ 摘除=False 表内总数 1313
[release] 通道 2 句柄 0x00000520 ⇒ 摘除=True 表内总数 1312
[release] 通道 2 句柄 0x0000000a ⇒ 摘除=False 表内总数 1312
[release] 通道 2 句柄 0x00000521 ⇒ 摘除=True 表内总数 1311
[release] 通道 2 句柄 0x00000522 ⇒ 摘除=True 表内总数 1310
[release] 通道 2 句柄 0x0000000a ⇒ 摘除=False 表内总数 1310
[release] 通道 2 句柄 0x0000000a ⇒ 摘除=False 表内总数 1310
[release] 通道 2 句柄 0x00000523 ⇒ 摘除=True 表内总数 1309
[release] 通道 2 句柄 0x000000e5 ⇒ 摘除=True 表内总数 1308
[release] 通道 2 句柄 0x000000e4 ⇒ 摘除=True 表内总数 1307
[release] 通道 2 句柄 0x0000000a ⇒ 摘除=False 表内总数 1307
[release] 通道 2 句柄 0x0000000a ⇒ 摘除=False 表内总数 1307
[release] 通道 2 句柄 0x000000e3 ⇒ 摘除=True 表内总数 1306
[release] 通道 2 句柄 0x0000000a ⇒ 摘除=False 表内总数 1306
[release] 通道 2 句柄 0x00000015 ⇒ 摘除=False 表内总数 1306
[release] 通道 2 句柄 0x000000e2 ⇒ 摘除=True 表内总数 1305
[release] 通道 2 句柄 0x0000000a ⇒ 摘除=False 表内总数 1305
[release] 通道 2 句柄 0x0000051c ⇒ 摘除=True 表内总数 1304
[release] 通道 2 句柄 0x0000001c ⇒ 摘除=False 表内总数 1304
[release] 通道 2 句柄 0x0000051d ⇒ 摘除=True 表内总数 1303
[create] 通道 2(0x10000002) 句柄 0x0000051d 类型 TYPE_RENDERDATA ⇒ 表内总数 1304
[create] 通道 2(0x10000002) 句柄 0x0000051c 类型 TYPE_LINEARGRADIENTBRUSH ⇒ 表内总数 1305
[create] 通道 2(0x10000002) 句柄 0x0000000a 类型 TYPE_MATRIXTRANSFORM ⇒ 表内总数 1305
[create] 通道 2(0x10000002) 句柄 0x0000000a 类型 TYPE_MATRIXTRANSFORM ⇒ 表内总数 1305
[create] 通道 2(0x10000002) 句柄 0x000000e2 类型 TYPE_PATHGEOMETRY ⇒ 表内总数 1306
[create] 通道 2(0x10000002) 句柄 0x0000000a 类型 TYPE_MATRIXTRANSFORM ⇒ 表内总数 1306
[create] 通道 2(0x10000002) 句柄 0x00000015 类型 TYPE_SOLIDCOLORBRUSH ⇒ 表内总数 1306
[create] 通道 2(0x10000002) 句柄 0x000000e3 类型 TYPE_PATHGEOMETRY ⇒ 表内总数 1307
[create] 通道 2(0x10000002) 句柄 0x0000000a 类型 TYPE_MATRIXTRANSFORM ⇒ 表内总数 1307
[create] 通道 2(0x10000002) 句柄 0x000000e4 类型 TYPE_RENDERDATA ⇒ 表内总数 1308
[create] 通道 2(0x10000002) 句柄 0x0000001c 类型 TYPE_SOLIDCOLORBRUSH ⇒ 表内总数 1308
[create] 通道 2(0x10000002) 句柄 0x000000e5 类型 TYPE_GLYPHRUN ⇒ 表内总数 1309
[create] 通道 2(0x10000002) 句柄 0x00000523 类型 TYPE_VISUAL ⇒ 表内总数 1310
[create] 通道 2(0x10000002) 句柄 0x00000522 类型 TYPE_VISUAL ⇒ 表内总数 1311
[create] 通道 2(0x10000002) 句柄 0x00000521 类型 TYPE_VISUAL ⇒ 表内总数 1312
[create] 通道 2(0x10000002) 句柄 0x00000520 类型 TYPE_RENDERDATA ⇒ 表内总数 1313
[create] 通道 2(0x10000002) 句柄 0x0000051c 类型 TYPE_LINEARGRADIENTBRUSH ⇒ 表内总数 1313
[create] 通道 2(0x10000002) 句柄 0x0000051f 类型 TYPE_PATHGEOMETRY ⇒ 表内总数 1314
[create] 通道 2(0x10000002) 句柄 0x0000000a 类型 TYPE_MATRIXTRANSFORM ⇒ 表内总数 1314
[create] 通道 2(0x10000002) 句柄 0x00000015 类型 TYPE_SOLIDCOLORBRUSH ⇒ 表内总数 1314
[create] 通道 2(0x10000002) 句柄 0x0000051e 类型 TYPE_PATHGEOMETRY ⇒ 表内总数 1315
[create] 通道 2(0x10000002) 句柄 0x0000000a 类型 TYPE_MATRIXTRANSFORM ⇒ 表内总数 1315
[create] 通道 2(0x10000002) 句柄 0x00000524 类型 TYPE_VISUAL ⇒ 表内总数 1316
[create] 通道 2(0x10000002) 句柄 0x00000525 类型 TYPE_VISUAL ⇒ 表内总数 1317
[create] 通道 2(0x10000002) 句柄 0x00000526 类型 TYPE_RENDERDATA ⇒ 表内总数 1318
[create] 通道 2(0x10000002) 句柄 0x0000001c 类型 TYPE_SOLIDCOLORBRUSH ⇒ 表内总数 1318
[create] 通道 2(0x10000002) 句柄 0x00000527 类型 TYPE_GLYPHRUN ⇒ 表内总数 1319
[create] 通道 2(0x10000002) 句柄 0x00000528 类型 TYPE_RENDERDATA ⇒ 表内总数 1320
[create] 通道 2(0x10000002) 句柄 0x0000051c 类型 TYPE_LINEARGRADIENTBRUSH ⇒ 表内总数 1320
[create] 通道 2(0x10000002) 句柄 0x00000529 类型 TYPE_PATHGEOMETRY ⇒ 表内总数 1321
[create] 通道 2(0x10000002) 句柄 0x0000000a 类型 TYPE_MATRIXTRANSFORM ⇒ 表内总数 1321
[create] 通道 2(0x10000002) 句柄 0x00000015 类型 TYPE_SOLIDCOLORBRUSH ⇒ 表内总数 1321
[create] 通道 2(0x10000002) 句柄 0x0000052a 类型 TYPE_PATHGEOMETRY ⇒ 表内总数 1322
[create] 通道 2(0x10000002) 句柄 0x0000000a 类型 TYPE_MATRIXTRANSFORM ⇒ 表内总数 1322
[create] 通道 2(0x10000002) 句柄 0x0000052b 类型 TYPE_RENDERDATA ⇒ 表内总数 1323
[create] 通道 2(0x10000002) 句柄 0x0000052c 类型 TYPE_LINEARGRADIENTBRUSH ⇒ 表内总数 1324
[create] 通道 2(0x10000002) 句柄 0x0000000a 类型 TYPE_MATRIXTRANSFORM ⇒ 表内总数 1324
[create] 通道 2(0x10000002) 句柄 0x0000000a 类型 TYPE_MATRIXTRANSFORM ⇒ 表内总数 1324
[create] 通道 2(0x10000002) 句柄 0x0000052d 类型 TYPE_GLYPHRUN ⇒ 表内总数 1325
[closebatch] 通道 2 待处理 40 条 ⇒ hr=0x00000000
[preflight] 通道 2 待提交 #0: id=0x24 (MilCmdVisualRemoveAllChildren) len=8 handle=0x000000d7 在资源表里=True
[preflight] 通道 2 待提交 #1: id=0x1b (MilCmdVisualSetOffset) len=24 handle=0x000000ea 在资源表里=True
[preflight] 通道 2 待提交 #2: id=0x27 (MilCmdVisualSetGuidelineCollection) len=32 handle=0x000000e8 在资源表里=True
[preflight] 通道 2 待提交 #3: id=0x7f (MilCmdLinearGradientBrush) len=132 handle=0x0000051c 在资源表里=True
[preflight] 通道 2 待提交 #4: id=0x7d (MilCmdPathGeometry) len=308 handle=0x000000e2 在资源表里=True
[preflight] 通道 2 待提交 #5: id=0x7d (MilCmdPathGeometry) len=188 handle=0x000000e3 在资源表里=True
[preflight] 通道 2 待提交 #6: id=0x18 (MilCmdRenderData) len=60 handle=0x0000051d 在资源表里=True
[preflight] 通道 2 待提交 #7: id=0x22 (MilCmdVisualSetContent) len=12 handle=0x000000e8 在资源表里=True
[preflight] 通道 2 待提交 #8: id=0x1b (MilCmdVisualSetOffset) len=24 handle=0x0000051a 在资源表里=True
[preflight] 通道 2 待提交 #9: id=0x3a (MilCmdGlyphRunCreate) len=104 handle=0x000000e5 在资源表里=True
[preflight] 通道 2 待提交 #10: id=0x18 (MilCmdRenderData) len=28 handle=0x000000e4 在资源表里=True
[preflight] 通道 2 待提交 #11: id=0x22 (MilCmdVisualSetContent) len=12 handle=0x0000051b 在资源表里=True
[preflight] 通道 2 待提交 #12: id=0x26 (MilCmdVisualInsertChildAt) len=16 handle=0x000000d7 在资源表里=True
[preflight] 通道 2 待提交 #13: id=0x1b (MilCmdVisualSetOffset) len=24 handle=0x00000523 在资源表里=True
[preflight] 通道 2 待提交 #14: id=0x27 (MilCmdVisualSetGuidelineCollection) len=32 handle=0x00000521 在资源表里=True
[preflight] 通道 2 待提交 #15: id=0x7d (MilCmdPathGeometry) len=308 handle=0x0000051f 在资源表里=True
[preflight] 通道 2 待提交 #16: id=0x7d (MilCmdPathGeometry) len=188 handle=0x0000051e 在资源表里=True
[preflight] 通道 2 待提交 #17: id=0x18 (MilCmdRenderData) len=60 handle=0x00000520 在资源表里=True
[preflight] 通道 2 待提交 #18: id=0x22 (MilCmdVisualSetContent) len=12 handle=0x00000521 在资源表里=True
[preflight] 通道 2 待提交 #19: id=0x26 (MilCmdVisualInsertChildAt) len=16 handle=0x00000522 在资源表里=True
[preflight] 通道 2 待提交 #20: id=0x1b (MilCmdVisualSetOffset) len=24 handle=0x00000524 在资源表里=True
[preflight] 通道 2 待提交 #21: id=0x27 (MilCmdVisualSetGuidelineCollection) len=32 handle=0x00000525 在资源表里=True
[preflight] 通道 2 待提交 #22: id=0x3a (MilCmdGlyphRunCreate) len=104 handle=0x00000527 在资源表里=True
[preflight] 通道 2 待提交 #23: id=0x18 (MilCmdRenderData) len=28 handle=0x00000526 在资源表里=True
[preflight] 通道 2 待提交 #24: id=0x22 (MilCmdVisualSetContent) len=12 handle=0x00000525 在资源表里=True
[preflight] 通道 2 待提交 #25: id=0x26 (MilCmdVisualInsertChildAt) len=16 handle=0x00000524 在资源表里=True
[preflight] 通道 2 待提交 #26: id=0x26 (MilCmdVisualInsertChildAt) len=16 handle=0x00000522 在资源表里=True
[preflight] 通道 2 待提交 #27: id=0x26 (MilCmdVisualInsertChildAt) len=16 handle=0x00000523 在资源表里=True
[preflight] 通道 2 待提交 #28: id=0x26 (MilCmdVisualInsertChildAt) len=16 handle=0x000000d7 在资源表里=True
[preflight] 通道 2 待提交 #29: id=0x27 (MilCmdVisualSetGuidelineCollection) len=32 handle=0x000000e1 在资源表里=True
[preflight] 通道 2 待提交 #30: id=0x7d (MilCmdPathGeometry) len=308 handle=0x00000529 在资源表里=True
[preflight] 通道 2 待提交 #31: id=0x7d (MilCmdPathGeometry) len=188 handle=0x0000052a 在资源表里=True
[preflight] 通道 2 待提交 #32: id=0x18 (MilCmdRenderData) len=60 handle=0x00000528 在资源表里=True
[preflight] 通道 2 待提交 #33: id=0x22 (MilCmdVisualSetContent) len=12 handle=0x000000e1 在资源表里=True
[preflight] 通道 2 待提交 #34: id=0x1b (MilCmdVisualSetOffset) len=24 handle=0x000000e6 在资源表里=True
[preflight] 通道 2 待提交 #35: id=0x7f (MilCmdLinearGradientBrush) len=132 handle=0x0000052c 在资源表里=True
[preflight] 通道 2 待提交 #36: id=0x3a (MilCmdGlyphRunCreate) len=132 handle=0x0000052d 在资源表里=True
[preflight] 通道 2 待提交 #37: id=0x18 (MilCmdRenderData) len=28 handle=0x0000052b 在资源表里=True
[preflight] 通道 2 待提交 #38: id=0x22 (MilCmdVisualSetContent) len=12 handle=0x000000e7 在资源表里=True
[preflight] 通道 2 待提交 #39: id=0x26 (MilCmdVisualInsertChildAt) len=16 handle=0x000000d7 在资源表里=True
[release] 通道 2 句柄 0x0000000f ⇒ 摘除=True 表内总数 1324
[release] 通道 2 句柄 0x00000010 ⇒ 摘除=False 表内总数 1324
[release] 通道 2 句柄 0x0000009c ⇒ 摘除=True 表内总数 1323
[release] 通道 2 句柄 0x00000010 ⇒ 摘除=False 表内总数 1323
[release] 通道 2 句柄 0x000000c1 ⇒ 摘除=True 表内总数 1322
[release] 通道 2 句柄 0x0000001c ⇒ 摘除=False 表内总数 1322
[release] 通道 2 句柄 0x000000c2 ⇒ 摘除=True 表内总数 1321
[release] 通道 2 句柄 0x000000ad ⇒ 摘除=True 表内总数 1320
[release] 通道 2 句柄 0x0000000c ⇒ 摘除=False 表内总数 1320
[release] 通道 2 句柄 0x000000a9 ⇒ 摘除=True 表内总数 1319
[release] 通道 2 句柄 0x0000000a ⇒ 摘除=False 表内总数 1319
[release] 通道 2 句柄 0x0000013d ⇒ 摘除=True 表内总数 1318
[release] 通道 2 句柄 0x0000000a ⇒ 摘除=False 表内总数 1318
[release] 通道 2 句柄 0x00000507 ⇒ 摘除=True 表内总数 1317
[release] 通道 2 句柄 0x00000015 ⇒ 摘除=False 表内总数 1317
[release] 通道 2 句柄 0x0000050e ⇒ 摘除=True 表内总数 1316
[release] 通道 2 句柄 0x00000015 ⇒ 摘除=False 表内总数 1316
[release] 通道 2 句柄 0x00000513 ⇒ 摘除=True 表内总数 1315
[release] 通道 2 句柄 0x00000514 ⇒ 摘除=True 表内总数 1314
[release] 通道 2 句柄 0x00000515 ⇒ 摘除=True 表内总数 1313
[release] 通道 2 句柄 0x00000516 ⇒ 摘除=True 表内总数 1312
[release] 通道 2 句柄 0x0000001c ⇒ 摘除=False 表内总数 1312
[release] 通道 2 句柄 0x00000511 ⇒ 摘除=True 表内总数 1311
[release] 通道 2 句柄 0x00000015 ⇒ 摘除=False 表内总数 1311
[release] 通道 2 句柄 0x00000135 ⇒ 摘除=True 表内总数 1310
[release] 通道 2 句柄 0x00000015 ⇒ 摘除=False 表内总数 1310
[release] 通道 2 句柄 0x000000eb ⇒ 摘除=True 表内总数 1309
[release] 通道 2 句柄 0x000000ec ⇒ 摘除=True 表内总数 1308
[release] 通道 2 句柄 0x00000089 ⇒ 摘除=False 表内总数 1308
[release] 通道 2 句柄 0x0000000b ⇒ 摘除=False 表内总数 1308
[release] 通道 2 句柄 0x00000015 ⇒ 摘除=False 表内总数 1308
[release] 通道 2 句柄 0x000000d5 ⇒ 摘除=True 表内总数 1307
[release] 通道 2 句柄 0x0000000a ⇒ 摘除=False 表内总数 1307
[release] 通道 2 句柄 0x000000d6 ⇒ 摘除=True 表内总数 1306
[release] 通道 2 句柄 0x00000015 ⇒ 摘除=False 表内总数 1306
[release] 通道 2 句柄 0x000000c4 ⇒ 摘除=True 表内总数 1305
[release] 通道 2 句柄 0x000000c5 ⇒ 摘除=True 表内总数 1304
[release] 通道 2 句柄 0x000000c6 ⇒ 摘除=True 表内总数 1303
[release] 通道 2 句柄 0x00000010 ⇒ 摘除=False 表内总数 1303
[release] 通道 2 句柄 0x000000df ⇒ 摘除=True 表内总数 1302
[release] 通道 2 句柄 0x00000015 ⇒ 摘除=False 表内总数 1302
[release] 通道 2 句柄 0x00000087 ⇒ 摘除=True 表内总数 1301
[release] 通道 2 句柄 0x00000088 ⇒ 摘除=True 表内总数 1300
[release] 通道 2 句柄 0x00000089 ⇒ 摘除=False 表内总数 1300
[release] 通道 2 句柄 0x0000000b ⇒ 摘除=False 表内总数 1300
[release] 通道 2 句柄 0x0000008a ⇒ 摘除=True 表内总数 1299
[release] 通道 2 句柄 0x0000000a ⇒ 摘除=False 表内总数 1299
[release] 通道 2 句柄 0x0000000a ⇒ 摘除=False 表内总数 1299
[release] 通道 2 句柄 0x0000008b ⇒ 摘除=True 表内总数 1298
[release] 通道 2 句柄 0x0000008c ⇒ 摘除=True 表内总数 1297
[release] 通道 2 句柄 0x0000003c ⇒ 摘除=True 表内总数 1296
[release] 通道 2 句柄 0x0000000a ⇒ 摘除=False 表内总数 1296
[release] 通道 2 句柄 0x00000007 ⇒ 摘除=True 表内总数 1295
[release] 通道 2 句柄 0x00000008 ⇒ 摘除=True 表内总数 1294
[release] 通道 2 句柄 0x00000009 ⇒ 摘除=True 表内总数 1293
[release] 通道 2 句柄 0x0000000a ⇒ 摘除=False 表内总数 1293
[release] 通道 2 句柄 0x0000000a ⇒ 摘除=False 表内总数 1293
[release] 通道 2 句柄 0x0000000b ⇒ 摘除=False 表内总数 1293
[release] 通道 2 句柄 0x0000000c ⇒ 摘除=False 表内总数 1293
[release] 通道 2 句柄 0x0000009e ⇒ 摘除=True 表内总数 1292
[release] 通道 2 句柄 0x0000000a ⇒ 摘除=False 表内总数 1292
[closebatch] 通道 3 待处理 1 条 ⇒ hr=0x00000000
[preflight] 通道 3 待提交 #0: id=0x37 (MilCmdTargetInvalidate) len=24 handle=0x00000002 在资源表里=True
NOTE X11 Resize：HWND 0xc00004 → 1280x1024（将按新尺寸重渲）
NOTE X11 Resize：HWND 0xc00004 → 1280x1024（将按新尺寸重渲）
NOTE X11 Resize 生效：HWND 0xc00004 800x600 → 1280x1024（按新尺寸重渲）
  ★ 呈现尺寸变化（免采样）：通道 2 → HWND 0xc00004 已呈现 1280x1024（skia 指令 210 条，未画种类 0）  累计帧数 = 13
NOTE WgxConnection_SameThreadPresent: 通道 3 无根视觉（未 TargetSetRoot）
[create] 通道 2(0x10000002) 句柄 0x0000009e 类型 TYPE_RENDERDATA ⇒ 表内总数 1293
[create] 通道 2(0x10000002) 句柄 0x0000000c 类型 TYPE_SOLIDCOLORBRUSH ⇒ 表内总数 1293
[create] 通道 2(0x10000002) 句柄 0x00000009 类型 TYPE_RENDERDATA ⇒ 表内总数 1294
[create] 通道 2(0x10000002) 句柄 0x00000010 类型 TYPE_SOLIDCOLORBRUSH ⇒ 表内总数 1294
[create] 通道 2(0x10000002) 句柄 0x00000008 类型 TYPE_VISUAL ⇒ 表内总数 1295
[create] 通道 2(0x10000002) 句柄 0x00000007 类型 TYPE_RENDERDATA ⇒ 表内总数 1296
[create] 通道 2(0x10000002) 句柄 0x00000015 类型 TYPE_SOLIDCOLORBRUSH ⇒ 表内总数 1296
[create] 通道 2(0x10000002) 句柄 0x0000003c 类型 TYPE_PATHGEOMETRY ⇒ 表内总数 1297
[create] 通道 2(0x10000002) 句柄 0x0000000a 类型 TYPE_MATRIXTRANSFORM ⇒ 表内总数 1297
[create] 通道 2(0x10000002) 句柄 0x00000015 类型 TYPE_SOLIDCOLORBRUSH ⇒ 表内总数 1297
[create] 通道 2(0x10000002) 句柄 0x0000008c 类型 TYPE_PATHGEOMETRY ⇒ 表内总数 1298
[create] 通道 2(0x10000002) 句柄 0x0000000a 类型 TYPE_MATRIXTRANSFORM ⇒ 表内总数 1298
[create] 通道 2(0x10000002) 句柄 0x0000008b 类型 TYPE_VISUAL ⇒ 表内总数 1299
[create] 通道 2(0x10000002) 句柄 0x0000008a 类型 TYPE_VISUAL ⇒ 表内总数 1300
[create] 通道 2(0x10000002) 句柄 0x00000088 类型 TYPE_VISUAL ⇒ 表内总数 1301
[create] 通道 2(0x10000002) 句柄 0x00000087 类型 TYPE_RENDERDATA ⇒ 表内总数 1302
[create] 通道 2(0x10000002) 句柄 0x0000001c 类型 TYPE_SOLIDCOLORBRUSH ⇒ 表内总数 1302
[create] 通道 2(0x10000002) 句柄 0x000000df 类型 TYPE_PATHGEOMETRY ⇒ 表内总数 1303
[create] 通道 2(0x10000002) 句柄 0x000000c6 类型 TYPE_MATRIXTRANSFORM ⇒ 表内总数 1304
[create] 通道 2(0x10000002) 句柄 0x000000c5 类型 TYPE_RECTANGLEGEOMETRY ⇒ 表内总数 1305
[create] 通道 2(0x10000002) 句柄 0x0000000a 类型 TYPE_MATRIXTRANSFORM ⇒ 表内总数 1305
[create] 通道 2(0x10000002) 句柄 0x000000c4 类型 TYPE_RENDERDATA ⇒ 表内总数 1306
[create] 通道 2(0x10000002) 句柄 0x000000d6 类型 TYPE_PEN ⇒ 表内总数 1307
[create] 通道 2(0x10000002) 句柄 0x00000089 类型 TYPE_SOLIDCOLORBRUSH ⇒ 表内总数 1307
[create] 通道 2(0x10000002) 句柄 0x0000000b 类型 TYPE_DASHSTYLE ⇒ 表内总数 1307
[create] 通道 2(0x10000002) 句柄 0x000000d5 类型 TYPE_DRAWINGBRUSH ⇒ 表内总数 1308
[create] 通道 2(0x10000002) 句柄 0x0000000a 类型 TYPE_MATRIXTRANSFORM ⇒ 表内总数 1308
[create] 通道 2(0x10000002) 句柄 0x0000000a 类型 TYPE_MATRIXTRANSFORM ⇒ 表内总数 1308
[create] 通道 2(0x10000002) 句柄 0x000000ec 类型 TYPE_IMAGEDRAWING ⇒ 表内总数 1309
[create] 通道 2(0x10000002) 句柄 0x000000eb 类型 TYPE_BITMAPSOURCE ⇒ 表内总数 1310
[create] 通道 2(0x10000002) 句柄 0x00000135 类型 TYPE_RENDERDATA ⇒ 表内总数 1311
[create] 通道 2(0x10000002) 句柄 0x00000010 类型 TYPE_SOLIDCOLORBRUSH ⇒ 表内总数 1311
[create] 通道 2(0x10000002) 句柄 0x00000511 类型 TYPE_PATHGEOMETRY ⇒ 表内总数 1312
[create] 通道 2(0x10000002) 句柄 0x0000000a 类型 TYPE_MATRIXTRANSFORM ⇒ 表内总数 1312
[create] 通道 2(0x10000002) 句柄 0x00000516 类型 TYPE_RECTANGLEGEOMETRY ⇒ 表内总数 1313
[create] 通道 2(0x10000002) 句柄 0x0000000a 类型 TYPE_MATRIXTRANSFORM ⇒ 表内总数 1313
[create] 通道 2(0x10000002) 句柄 0x00000515 类型 TYPE_RENDERDATA ⇒ 表内总数 1314
[create] 通道 2(0x10000002) 句柄 0x0000000c 类型 TYPE_SOLIDCOLORBRUSH ⇒ 表内总数 1314
[create] 通道 2(0x10000002) 句柄 0x00000514 类型 TYPE_RENDERDATA ⇒ 表内总数 1315
[create] 通道 2(0x10000002) 句柄 0x0000001c 类型 TYPE_SOLIDCOLORBRUSH ⇒ 表内总数 1315
[create] 通道 2(0x10000002) 句柄 0x00000513 类型 TYPE_GLYPHRUN ⇒ 表内总数 1316
[create] 通道 2(0x10000002) 句柄 0x0000050e 类型 TYPE_TRANSFORMGROUP ⇒ 表内总数 1317
[create] 通道 2(0x10000002) 句柄 0x00000507 类型 TYPE_TRANSLATETRANSFORM ⇒ 表内总数 1318
[create] 通道 2(0x10000002) 句柄 0x0000013d 类型 TYPE_RENDERDATA ⇒ 表内总数 1319
[create] 通道 2(0x10000002) 句柄 0x00000010 类型 TYPE_SOLIDCOLORBRUSH ⇒ 表内总数 1319
[create] 通道 2(0x10000002) 句柄 0x000000a9 类型 TYPE_RECTANGLEGEOMETRY ⇒ 表内总数 1320
[create] 通道 2(0x10000002) 句柄 0x0000000a 类型 TYPE_MATRIXTRANSFORM ⇒ 表内总数 1320
[create] 通道 2(0x10000002) 句柄 0x000000ad 类型 TYPE_RENDERDATA ⇒ 表内总数 1321
[create] 通道 2(0x10000002) 句柄 0x00000015 类型 TYPE_SOLIDCOLORBRUSH ⇒ 表内总数 1321
[create] 通道 2(0x10000002) 句柄 0x000000c2 类型 TYPE_RENDERDATA ⇒ 表内总数 1322
[create] 通道 2(0x10000002) 句柄 0x000000c1 类型 TYPE_PEN ⇒ 表内总数 1323
[create] 通道 2(0x10000002) 句柄 0x00000089 类型 TYPE_SOLIDCOLORBRUSH ⇒ 表内总数 1323
[create] 通道 2(0x10000002) 句柄 0x0000000b 类型 TYPE_DASHSTYLE ⇒ 表内总数 1323
[create] 通道 2(0x10000002) 句柄 0x00000015 类型 TYPE_SOLIDCOLORBRUSH ⇒ 表内总数 1323
[create] 通道 2(0x10000002) 句柄 0x0000009c 类型 TYPE_RENDERDATA ⇒ 表内总数 1324
[create] 通道 2(0x10000002) 句柄 0x00000015 类型 TYPE_SOLIDCOLORBRUSH ⇒ 表内总数 1324
[create] 通道 2(0x10000002) 句柄 0x0000000f 类型 TYPE_RECTANGLEGEOMETRY ⇒ 表内总数 1325
[create] 通道 2(0x10000002) 句柄 0x0000000a 类型 TYPE_MATRIXTRANSFORM ⇒ 表内总数 1325
[create] 通道 2(0x10000002) 句柄 0x0000052e 类型 TYPE_RENDERDATA ⇒ 表内总数 1326
[create] 通道 2(0x10000002) 句柄 0x00000015 类型 TYPE_SOLIDCOLORBRUSH ⇒ 表内总数 1326
[create] 通道 2(0x10000002) 句柄 0x0000052f 类型 TYPE_RENDERDATA ⇒ 表内总数 1327
[create] 通道 2(0x10000002) 句柄 0x00000015 类型 TYPE_SOLIDCOLORBRUSH ⇒ 表内总数 1327
[create] 通道 2(0x10000002) 句柄 0x00000530 类型 TYPE_RENDERDATA ⇒ 表内总数 1328
[create] 通道 2(0x10000002) 句柄 0x00000015 类型 TYPE_SOLIDCOLORBRUSH ⇒ 表内总数 1328
[create] 通道 2(0x10000002) 句柄 0x00000531 类型 TYPE_TRANSFORMGROUP ⇒ 表内总数 1329
[create] 通道 2(0x10000002) 句柄 0x00000532 类型 TYPE_TRANSFORMGROUP ⇒ 表内总数 1330
[create] 通道 2(0x10000002) 句柄 0x00000533 类型 TYPE_TRANSLATETRANSFORM ⇒ 表内总数 1331
[create] 通道 2(0x10000002) 句柄 0x00000534 类型 TYPE_RENDERDATA ⇒ 表内总数 1332
[create] 通道 2(0x10000002) 句柄 0x0000001c 类型 TYPE_SOLIDCOLORBRUSH ⇒ 表内总数 1332
[create] 通道 2(0x10000002) 句柄 0x00000535 类型 TYPE_RENDERDATA ⇒ 表内总数 1333
[create] 通道 2(0x10000002) 句柄 0x00000015 类型 TYPE_SOLIDCOLORBRUSH ⇒ 表内总数 1333
[closebatch] 通道 2 待处理 88 条 ⇒ hr=0x00000000
[preflight] 通道 2 待提交 #0: id=0x33 (MilCmdTargetUpdateWindowSettings) len=72 handle=0x00000003 在资源表里=True
[preflight] 通道 2 待提交 #1: id=0x27 (MilCmdVisualSetGuidelineCollection) len=32 handle=0x00000006 在资源表里=True
[preflight] 通道 2 待提交 #2: id=0x18 (MilCmdRenderData) len=60 handle=0x0000009e 在资源表里=True
[preflight] 通道 2 待提交 #3: id=0x22 (MilCmdVisualSetContent) len=12 handle=0x00000006 在资源表里=True
[preflight] 通道 2 待提交 #4: id=0x1b (MilCmdVisualSetOffset) len=24 handle=0x0000000d 在资源表里=True
[preflight] 通道 2 待提交 #5: id=0x27 (MilCmdVisualSetGuidelineCollection) len=32 handle=0x0000000e 在资源表里=True
[preflight] 通道 2 待提交 #6: id=0x18 (MilCmdRenderData) len=60 handle=0x00000009 在资源表里=True
[preflight] 通道 2 待提交 #7: id=0x22 (MilCmdVisualSetContent) len=12 handle=0x0000000e 在资源表里=True
[preflight] 通道 2 待提交 #8: id=0x1b (MilCmdVisualSetOffset) len=24 handle=0x00000011 在资源表里=True
[preflight] 通道 2 待提交 #9: id=0x20 (MilCmdVisualSetAlpha) len=16 handle=0x0000001f 在资源表里=True
[preflight] 通道 2 待提交 #10: id=0x1b (MilCmdVisualSetOffset) len=24 handle=0x0000002a 在资源表里=True
[preflight] 通道 2 待提交 #11: id=0x20 (MilCmdVisualSetAlpha) len=16 handle=0x0000002a 在资源表里=True
[preflight] 通道 2 待提交 #12: id=0x27 (MilCmdVisualSetGuidelineCollection) len=32 handle=0x00000008 在资源表里=True
[preflight] 通道 2 待提交 #13: id=0x7d (MilCmdPathGeometry) len=308 handle=0x0000003c 在资源表里=True
[preflight] 通道 2 待提交 #14: id=0x7d (MilCmdPathGeometry) len=188 handle=0x0000008c 在资源表里=True
[preflight] 通道 2 待提交 #15: id=0x18 (MilCmdRenderData) len=60 handle=0x00000007 在资源表里=True
[preflight] 通道 2 待提交 #16: id=0x22 (MilCmdVisualSetContent) len=12 handle=0x00000008 在资源表里=True
[preflight] 通道 2 待提交 #17: id=0x1b (MilCmdVisualSetOffset) len=24 handle=0x0000008b 在资源表里=True
[preflight] 通道 2 待提交 #18: id=0x27 (MilCmdVisualSetGuidelineCollection) len=32 handle=0x00000088 在资源表里=True
[preflight] 通道 2 待提交 #19: id=0x77 (MilCmdMatrixTransform) len=60 handle=0x000000c6 在资源表里=True
[preflight] 通道 2 待提交 #20: id=0x7d (MilCmdPathGeometry) len=476 handle=0x000000df 在资源表里=True
[preflight] 通道 2 待提交 #21: id=0x18 (MilCmdRenderData) len=36 handle=0x00000087 在资源表里=True
[preflight] 通道 2 待提交 #22: id=0x22 (MilCmdVisualSetContent) len=12 handle=0x00000088 在资源表里=True
[preflight] 通道 2 待提交 #23: id=0x26 (MilCmdVisualInsertChildAt) len=16 handle=0x0000008a 在资源表里=True
[preflight] 通道 2 待提交 #24: id=0x26 (MilCmdVisualInsertChildAt) len=16 handle=0x0000008b 在资源表里=True
[preflight] 通道 2 待提交 #25: id=0x26 (MilCmdVisualInsertChildAt) len=16 handle=0x00000008 在资源表里=True
[preflight] 通道 2 待提交 #26: id=0x26 (MilCmdVisualInsertChildAt) len=16 handle=0x0000002a 在资源表里=True
[preflight] 通道 2 待提交 #27: id=0x1b (MilCmdVisualSetOffset) len=24 handle=0x0000007b 在资源表里=True
[preflight] 通道 2 待提交 #28: id=0x79 (MilCmdRectangleGeometry) len=72 handle=0x000000c5 在资源表里=True
[preflight] 通道 2 待提交 #29: id=0x1f (MilCmdVisualSetClip) len=12 handle=0x0000003b 在资源表里=True
[preflight] 通道 2 待提交 #30: id=0x86 (MilCmdPen) len=52 handle=0x000000d6 在资源表里=True
[preflight] 通道 2 待提交 #31: id=0xc (MilCmdBitmapSource) len=16 handle=0x000000eb 在资源表里=True
[preflight] 通道 2 待提交 #32: id=0x89 (MilCmdImageDrawing) len=48 handle=0x000000ec 在资源表里=True
[preflight] 通道 2 待提交 #33: id=0x82 (MilCmdDrawingBrush) len=148 handle=0x000000d5 在资源表里=True
[preflight] 通道 2 待提交 #34: id=0x18 (MilCmdRenderData) len=108 handle=0x000000c4 在资源表里=True
[preflight] 通道 2 待提交 #35: id=0x22 (MilCmdVisualSetContent) len=12 handle=0x00000086 在资源表里=True
[preflight] 通道 2 待提交 #36: id=0x18 (MilCmdRenderData) len=76 handle=0x00000135 在资源表里=True
[preflight] 通道 2 待提交 #37: id=0x22 (MilCmdVisualSetContent) len=12 handle=0x0000009a 在资源表里=True
[preflight] 通道 2 待提交 #38: id=0x7d (MilCmdPathGeometry) len=492 handle=0x00000511 在资源表里=True
[preflight] 通道 2 待提交 #39: id=0x1f (MilCmdVisualSetClip) len=12 handle=0x0000009d 在资源表里=True
[preflight] 通道 2 待提交 #40: id=0x79 (MilCmdRectangleGeometry) len=72 handle=0x00000516 在资源表里=True
[preflight] 通道 2 待提交 #41: id=0x1f (MilCmdVisualSetClip) len=12 handle=0x000000a8 在资源表里=True
[preflight] 通道 2 待提交 #42: id=0x27 (MilCmdVisualSetGuidelineCollection) len=32 handle=0x000000ac 在资源表里=True
[preflight] 通道 2 待提交 #43: id=0x18 (MilCmdRenderData) len=60 handle=0x00000515 在资源表里=True
[preflight] 通道 2 待提交 #44: id=0x22 (MilCmdVisualSetContent) len=12 handle=0x000000ac 在资源表里=True
[preflight] 通道 2 待提交 #45: id=0x1b (MilCmdVisualSetOffset) len=24 handle=0x000000af 在资源表里=True
[preflight] 通道 2 待提交 #46: id=0x3a (MilCmdGlyphRunCreate) len=132 handle=0x00000513 在资源表里=True
[preflight] 通道 2 待提交 #47: id=0x18 (MilCmdRenderData) len=28 handle=0x00000514 在资源表里=True
[preflight] 通道 2 待提交 #48: id=0x22 (MilCmdVisualSetContent) len=12 handle=0x000000c0 在资源表里=True
[preflight] 通道 2 待提交 #49: id=0x73 (MilCmdTranslateTransform) len=32 handle=0x00000507 在资源表里=True
[preflight] 通道 2 待提交 #50: id=0x72 (MilCmdTransformGroup) len=16 handle=0x0000050e 在资源表里=True
[preflight] 通道 2 待提交 #51: id=0x1c (MilCmdVisualSetTransform) len=12 handle=0x000000c3 在资源表里=True
[preflight] 通道 2 待提交 #52: id=0x18 (MilCmdRenderData) len=76 handle=0x0000013d 在资源表里=True
[preflight] 通道 2 待提交 #53: id=0x22 (MilCmdVisualSetContent) len=12 handle=0x000000c3 在资源表里=True
[preflight] 通道 2 待提交 #54: id=0x79 (MilCmdRectangleGeometry) len=72 handle=0x000000a9 在资源表里=True
[preflight] 通道 2 待提交 #55: id=0x1f (MilCmdVisualSetClip) len=12 handle=0x000000d4 在资源表里=True
[preflight] 通道 2 待提交 #56: id=0x27 (MilCmdVisualSetGuidelineCollection) len=32 handle=0x000000d4 在资源表里=True
[preflight] 通道 2 待提交 #57: id=0x18 (MilCmdRenderData) len=60 handle=0x000000ad 在资源表里=True
[preflight] 通道 2 待提交 #58: id=0x22 (MilCmdVisualSetContent) len=12 handle=0x000000d4 在资源表里=True
[preflight] 通道 2 待提交 #59: id=0x27 (MilCmdVisualSetGuidelineCollection) len=32 handle=0x000000d9 在资源表里=True
[preflight] 通道 2 待提交 #60: id=0x86 (MilCmdPen) len=52 handle=0x000000c1 在资源表里=True
[preflight] 通道 2 待提交 #61: id=0x18 (MilCmdRenderData) len=108 handle=0x000000c2 在资源表里=True
[preflight] 通道 2 待提交 #62: id=0x22 (MilCmdVisualSetContent) len=12 handle=0x000000d9 在资源表里=True
[preflight] 通道 2 待提交 #63: id=0x27 (MilCmdVisualSetGuidelineCollection) len=32 handle=0x00000134 在资源表里=True
[preflight] 通道 2 待提交 #64: id=0x18 (MilCmdRenderData) len=76 handle=0x0000009c 在资源表里=True
[preflight] 通道 2 待提交 #65: id=0x22 (MilCmdVisualSetContent) len=12 handle=0x00000134 在资源表里=True
[preflight] 通道 2 待提交 #66: id=0x79 (MilCmdRectangleGeometry) len=72 handle=0x0000000f 在资源表里=True
[preflight] 通道 2 待提交 #67: id=0x1f (MilCmdVisualSetClip) len=12 handle=0x0000013c 在资源表里=True
[preflight] 通道 2 待提交 #68: id=0x27 (MilCmdVisualSetGuidelineCollection) len=32 handle=0x00000506 在资源表里=True
[preflight] 通道 2 待提交 #69: id=0x18 (MilCmdRenderData) len=60 handle=0x0000052e 在资源表里=True
[preflight] 通道 2 待提交 #70: id=0x22 (MilCmdVisualSetContent) len=12 handle=0x00000506 在资源表里=True
[preflight] 通道 2 待提交 #71: id=0x1b (MilCmdVisualSetOffset) len=24 handle=0x0000050c 在资源表里=True
[preflight] 通道 2 待提交 #72: id=0x27 (MilCmdVisualSetGuidelineCollection) len=32 handle=0x0000050d 在资源表里=True
[preflight] 通道 2 待提交 #73: id=0x18 (MilCmdRenderData) len=76 handle=0x0000052f 在资源表里=True
[preflight] 通道 2 待提交 #74: id=0x22 (MilCmdVisualSetContent) len=12 handle=0x0000050d 在资源表里=True
[preflight] 通道 2 待提交 #75: id=0x27 (MilCmdVisualSetGuidelineCollection) len=32 handle=0x00000510 在资源表里=True
[preflight] 通道 2 待提交 #76: id=0x18 (MilCmdRenderData) len=60 handle=0x00000530 在资源表里=True
[preflight] 通道 2 待提交 #77: id=0x22 (MilCmdVisualSetContent) len=12 handle=0x00000510 在资源表里=True
[preflight] 通道 2 待提交 #78: id=0x73 (MilCmdTranslateTransform) len=32 handle=0x00000533 在资源表里=True
[preflight] 通道 2 待提交 #79: id=0x72 (MilCmdTransformGroup) len=16 handle=0x00000532 在资源表里=True
[preflight] 通道 2 待提交 #80: id=0x72 (MilCmdTransformGroup) len=16 handle=0x00000531 在资源表里=True
[preflight] 通道 2 待提交 #81: id=0x1c (MilCmdVisualSetTransform) len=12 handle=0x00000512 在资源表里=True
[preflight] 通道 2 待提交 #82: id=0x27 (MilCmdVisualSetGuidelineCollection) len=32 handle=0x00000512 在资源表里=True
[preflight] 通道 2 待提交 #83: id=0x18 (MilCmdRenderData) len=76 handle=0x00000534 在资源表里=True
[preflight] 通道 2 待提交 #84: id=0x22 (MilCmdVisualSetContent) len=12 handle=0x00000512 在资源表里=True
[preflight] 通道 2 待提交 #85: id=0x18 (MilCmdRenderData) len=60 handle=0x00000535 在资源表里=True
[preflight] 通道 2 待提交 #86: id=0x22 (MilCmdVisualSetContent) len=12 handle=0x000000de 在资源表里=True
[preflight] 通道 2 待提交 #87: id=0x20 (MilCmdVisualSetAlpha) len=16 handle=0x00000040 在资源表里=True
[closebatch] 通道 3 待处理 1 条 ⇒ hr=0x00000000
[preflight] 通道 3 待提交 #0: id=0x37 (MilCmdTargetInvalidate) len=24 handle=0x00000002 在资源表里=True
NOTE WgxConnection_SameThreadPresent: 通道 3 无根视觉（未 TargetSetRoot）
[closebatch] 通道 3 待处理 1 条 ⇒ hr=0x00000000
[preflight] 通道 3 待提交 #0: id=0x37 (MilCmdTargetInvalidate) len=24 handle=0x00000002 在资源表里=True
NOTE WgxConnection_SameThreadPresent: 通道 3 无根视觉（未 TargetSetRoot）
[closebatch] 通道 2 待处理 1 条 ⇒ hr=0x00000000
[preflight] 通道 2 待提交 #0: id=0x33 (MilCmdTargetUpdateWindowSettings) len=72 handle=0x00000003 在资源表里=True
[release] 通道 2 句柄 0x00000007 ⇒ 摘除=True 表内总数 1332
[release] 通道 2 句柄 0x00000015 ⇒ 摘除=False 表内总数 1332
[release] 通道 2 句柄 0x0000003c ⇒ 摘除=True 表内总数 1331
[release] 通道 2 句柄 0x0000000a ⇒ 摘除=False 表内总数 1331
[release] 通道 2 句柄 0x00000015 ⇒ 摘除=False 表内总数 1331
[release] 通道 2 句柄 0x0000008c ⇒ 摘除=True 表内总数 1330
[release] 通道 2 句柄 0x0000000a ⇒ 摘除=False 表内总数 1330
[create] 通道 2(0x10000002) 句柄 0x0000008c 类型 TYPE_RENDERDATA ⇒ 表内总数 1331
[create] 通道 2(0x10000002) 句柄 0x00000015 类型 TYPE_SOLIDCOLORBRUSH ⇒ 表内总数 1331
[create] 通道 2(0x10000002) 句柄 0x0000003c 类型 TYPE_PATHGEOMETRY ⇒ 表内总数 1332
[create] 通道 2(0x10000002) 句柄 0x0000000a 类型 TYPE_MATRIXTRANSFORM ⇒ 表内总数 1332
[create] 通道 2(0x10000002) 句柄 0x00000007 类型 TYPE_SOLIDCOLORBRUSH ⇒ 表内总数 1333
[create] 通道 2(0x10000002) 句柄 0x0000000a 类型 TYPE_MATRIXTRANSFORM ⇒ 表内总数 1333
[create] 通道 2(0x10000002) 句柄 0x0000000a 类型 TYPE_MATRIXTRANSFORM ⇒ 表内总数 1333
[create] 通道 2(0x10000002) 句柄 0x00000536 类型 TYPE_PATHGEOMETRY ⇒ 表内总数 1334
[create] 通道 2(0x10000002) 句柄 0x0000000a 类型 TYPE_MATRIXTRANSFORM ⇒ 表内总数 1334
[closebatch] 通道 2 待处理 6 条 ⇒ hr=0x00000000
[preflight] 通道 2 待提交 #0: id=0x20 (MilCmdVisualSetAlpha) len=16 handle=0x0000002a 在资源表里=True
[preflight] 通道 2 待提交 #1: id=0x7d (MilCmdPathGeometry) len=308 handle=0x0000003c 在资源表里=True
[preflight] 通道 2 待提交 #2: id=0x7e (MilCmdSolidColorBrush) len=48 handle=0x00000007 在资源表里=True
[preflight] 通道 2 待提交 #3: id=0x7d (MilCmdPathGeometry) len=188 handle=0x00000536 在资源表里=True
[preflight] 通道 2 待提交 #4: id=0x18 (MilCmdRenderData) len=60 handle=0x0000008c 在资源表里=True
[preflight] 通道 2 待提交 #5: id=0x22 (MilCmdVisualSetContent) len=12 handle=0x00000008 在资源表里=True
[closebatch] 通道 2 待处理 1 条 ⇒ hr=0x00000000
[preflight] 通道 2 待提交 #0: id=0x20 (MilCmdVisualSetAlpha) len=16 handle=0x0000002a 在资源表里=True
[closebatch] 通道 3 待处理 1 条 ⇒ hr=0x00000000
[preflight] 通道 3 待提交 #0: id=0x37 (MilCmdTargetInvalidate) len=24 handle=0x00000002 在资源表里=True
NOTE X11 Resize：HWND 0xc00004 → 1280x1024（将按新尺寸重渲）
NOTE WgxConnection_SameThreadPresent: 通道 3 无根视觉（未 TargetSetRoot）
[closebatch] 通道 2 待处理 4 条 ⇒ hr=0x00000000
[preflight] 通道 2 待提交 #0: id=0x20 (MilCmdVisualSetAlpha) len=16 handle=0x0000001f 在资源表里=True
[preflight] 通道 2 待提交 #1: id=0x20 (MilCmdVisualSetAlpha) len=16 handle=0x0000002a 在资源表里=True
[preflight] 通道 2 待提交 #2: id=0x1b (MilCmdVisualSetOffset) len=24 handle=0x00000040 在资源表里=True
[preflight] 通道 2 待提交 #3: id=0x20 (MilCmdVisualSetAlpha) len=16 handle=0x00000040 在资源表里=True
NOTE X11 Resize：HWND 0xc00004 → 800x600（将按新尺寸重渲）
NOTE X11 Resize：HWND 0xc00004 → 800x600（将按新尺寸重渲）
NOTE X11 Resize 生效：HWND 0xc00004 1280x1024 → 800x600（按新尺寸重渲）
  ★ 呈现尺寸变化（免采样）：通道 2 → HWND 0xc00004 已呈现 800x600（skia 指令 223 条，未画种类 0）  累计帧数 = 19
  ⟪GEOWRITE⟫ t=17:21:51.582 HWND 0xc00004 目标尺寸=1280x1024 来源=WindowRect X11=800x600 X11缓存=800x600 haveLast=True last=800x600 Owns=False 归属来源=WindowRect HwndTargetCreate=800x600 WindowRect=1280x1024 ⇒ 将 XResizeWindow(1280,1024)
  ★ 呈现尺寸变化（免采样）：通道 2 → HWND 0xc00004 已呈现 1280x1024（skia 指令 223 条，未画种类 0）  累计帧数 = 20
[release] 通道 2 句柄 0x00000009 ⇒ 摘除=True 表内总数 1333
[release] 通道 2 句柄 0x00000010 ⇒ 摘除=False 表内总数 1333
[release] 通道 2 句柄 0x00000135 ⇒ 摘除=True 表内总数 1332
[release] 通道 2 句柄 0x00000010 ⇒ 摘除=False 表内总数 1332
[release] 通道 2 句柄 0x00000514 ⇒ 摘除=True 表内总数 1331
[release] 通道 2 句柄 0x0000001c ⇒ 摘除=False 表内总数 1331
[release] 通道 2 句柄 0x00000513 ⇒ 摘除=True 表内总数 1330
[release] 通道 2 句柄 0x00000515 ⇒ 摘除=True 表内总数 1329
[release] 通道 2 句柄 0x0000000c ⇒ 摘除=False 表内总数 1329
[release] 通道 2 句柄 0x00000516 ⇒ 摘除=True 表内总数 1328
[release] 通道 2 句柄 0x0000000a ⇒ 摘除=False 表内总数 1328
[release] 通道 2 句柄 0x0000000f ⇒ 摘除=True 表内总数 1327
[release] 通道 2 句柄 0x0000000a ⇒ 摘除=False 表内总数 1327
[release] 通道 2 句柄 0x0000052e ⇒ 摘除=True 表内总数 1326
[release] 通道 2 句柄 0x00000015 ⇒ 摘除=False 表内总数 1326
[release] 通道 2 句柄 0x0000052f ⇒ 摘除=True 表内总数 1325
[release] 通道 2 句柄 0x00000015 ⇒ 摘除=False 表内总数 1325
[release] 通道 2 句柄 0x00000531 ⇒ 摘除=True 表内总数 1324
[release] 通道 2 句柄 0x00000532 ⇒ 摘除=True 表内总数 1323
[release] 通道 2 句柄 0x00000533 ⇒ 摘除=True 表内总数 1322
[release] 通道 2 句柄 0x00000534 ⇒ 摘除=True 表内总数 1321
[release] 通道 2 句柄 0x0000001c ⇒ 摘除=False 表内总数 1321
[release] 通道 2 句柄 0x00000530 ⇒ 摘除=True 表内总数 1320
[release] 通道 2 句柄 0x00000015 ⇒ 摘除=False 表内总数 1320
[release] 通道 2 句柄 0x0000009c ⇒ 摘除=True 表内总数 1319
[release] 通道 2 句柄 0x00000015 ⇒ 摘除=False 表内总数 1319
[release] 通道 2 句柄 0x000000c2 ⇒ 摘除=True 表内总数 1318
[release] 通道 2 句柄 0x000000c1 ⇒ 摘除=True 表内总数 1317
[release] 通道 2 句柄 0x00000089 ⇒ 摘除=False 表内总数 1317
[release] 通道 2 句柄 0x0000000b ⇒ 摘除=False 表内总数 1317
[release] 通道 2 句柄 0x00000015 ⇒ 摘除=False 表内总数 1317
[release] 通道 2 句柄 0x000000a9 ⇒ 摘除=True 表内总数 1316
[release] 通道 2 句柄 0x0000000a ⇒ 摘除=False 表内总数 1316
[release] 通道 2 句柄 0x000000ad ⇒ 摘除=True 表内总数 1315
[release] 通道 2 句柄 0x00000015 ⇒ 摘除=False 表内总数 1315
[release] 通道 2 句柄 0x0000050e ⇒ 摘除=True 表内总数 1314
[release] 通道 2 句柄 0x00000507 ⇒ 摘除=True 表内总数 1313
[release] 通道 2 句柄 0x0000013d ⇒ 摘除=True 表内总数 1312
[release] 通道 2 句柄 0x00000010 ⇒ 摘除=False 表内总数 1312
[release] 通道 2 句柄 0x00000535 ⇒ 摘除=True 表内总数 1311
[release] 通道 2 句柄 0x00000015 ⇒ 摘除=False 表内总数 1311
[release] 通道 2 句柄 0x000000c4 ⇒ 摘除=True 表内总数 1310
[release] 通道 2 句柄 0x000000d6 ⇒ 摘除=True 表内总数 1309
[release] 通道 2 句柄 0x00000089 ⇒ 摘除=False 表内总数 1309
[release] 通道 2 句柄 0x0000000b ⇒ 摘除=False 表内总数 1309
[release] 通道 2 句柄 0x000000d5 ⇒ 摘除=True 表内总数 1308
[release] 通道 2 句柄 0x0000000a ⇒ 摘除=False 表内总数 1308
[release] 通道 2 句柄 0x0000000a ⇒ 摘除=False 表内总数 1308
[release] 通道 2 句柄 0x000000ec ⇒ 摘除=True 表内总数 1307
[release] 通道 2 句柄 0x000000eb ⇒ 摘除=True 表内总数 1306
[release] 通道 2 句柄 0x000000c5 ⇒ 摘除=True 表内总数 1305
[release] 通道 2 句柄 0x0000000a ⇒ 摘除=False 表内总数 1305
[release] 通道 2 句柄 0x0000009e ⇒ 摘除=True 表内总数 1304
[release] 通道 2 句柄 0x0000000c ⇒ 摘除=False 表内总数 1304
[release] 通道 2 句柄 0x00000511 ⇒ 摘除=True 表内总数 1303
[release] 通道 2 句柄 0x0000000a ⇒ 摘除=False 表内总数 1303
[closebatch] 通道 3 待处理 1 条 ⇒ hr=0x00000000
[preflight] 通道 3 待提交 #0: id=0x37 (MilCmdTargetInvalidate) len=24 handle=0x00000002 在资源表里=True
NOTE X11 Resize：HWND 0xc00004 → 1280x1024（将按新尺寸重渲）
NOTE X11 Resize 生效：HWND 0xc00004 800x600 → 1280x1024（按新尺寸重渲）
NOTE WgxConnection_SameThreadPresent: 通道 3 无根视觉（未 TargetSetRoot）
[create] 通道 2(0x10000002) 句柄 0x00000511 类型 TYPE_RENDERDATA ⇒ 表内总数 1304
[create] 通道 2(0x10000002) 句柄 0x0000009e 类型 TYPE_PEN ⇒ 表内总数 1305
[create] 通道 2(0x10000002) 句柄 0x000000c5 类型 TYPE_SOLIDCOLORBRUSH ⇒ 表内总数 1306
[create] 通道 2(0x10000002) 句柄 0x0000000a 类型 TYPE_MATRIXTRANSFORM ⇒ 表内总数 1306
[create] 通道 2(0x10000002) 句柄 0x0000000a 类型 TYPE_MATRIXTRANSFORM ⇒ 表内总数 1306
[create] 通道 2(0x10000002) 句柄 0x0000000b 类型 TYPE_DASHSTYLE ⇒ 表内总数 1306
[create] 通道 2(0x10000002) 句柄 0x0000000c 类型 TYPE_SOLIDCOLORBRUSH ⇒ 表内总数 1306
[create] 通道 2(0x10000002) 句柄 0x000000eb 类型 TYPE_RENDERDATA ⇒ 表内总数 1307
[create] 通道 2(0x10000002) 句柄 0x00000010 类型 TYPE_SOLIDCOLORBRUSH ⇒ 表内总数 1307
[create] 通道 2(0x10000002) 句柄 0x000000ec 类型 TYPE_RECTANGLEGEOMETRY ⇒ 表内总数 1308
[create] 通道 2(0x10000002) 句柄 0x0000000a 类型 TYPE_MATRIXTRANSFORM ⇒ 表内总数 1308
[create] 通道 2(0x10000002) 句柄 0x000000d5 类型 TYPE_RENDERDATA ⇒ 表内总数 1309
[create] 通道 2(0x10000002) 句柄 0x000000d6 类型 TYPE_PEN ⇒ 表内总数 1310
[create] 通道 2(0x10000002) 句柄 0x00000089 类型 TYPE_SOLIDCOLORBRUSH ⇒ 表内总数 1310
[create] 通道 2(0x10000002) 句柄 0x0000000b 类型 TYPE_DASHSTYLE ⇒ 表内总数 1310
[create] 通道 2(0x10000002) 句柄 0x000000c4 类型 TYPE_DRAWINGBRUSH ⇒ 表内总数 1311
[create] 通道 2(0x10000002) 句柄 0x0000000a 类型 TYPE_MATRIXTRANSFORM ⇒ 表内总数 1311
[create] 通道 2(0x10000002) 句柄 0x0000000a 类型 TYPE_MATRIXTRANSFORM ⇒ 表内总数 1311
[create] 通道 2(0x10000002) 句柄 0x00000535 类型 TYPE_IMAGEDRAWING ⇒ 表内总数 1312
[create] 通道 2(0x10000002) 句柄 0x0000013d 类型 TYPE_BITMAPSOURCE ⇒ 表内总数 1313
[create] 通道 2(0x10000002) 句柄 0x00000507 类型 TYPE_RENDERDATA ⇒ 表内总数 1314
[create] 通道 2(0x10000002) 句柄 0x00000010 类型 TYPE_SOLIDCOLORBRUSH ⇒ 表内总数 1314
[create] 通道 2(0x10000002) 句柄 0x0000050e 类型 TYPE_PATHGEOMETRY ⇒ 表内总数 1315
[create] 通道 2(0x10000002) 句柄 0x0000000a 类型 TYPE_MATRIXTRANSFORM ⇒ 表内总数 1315
[create] 通道 2(0x10000002) 句柄 0x000000ad 类型 TYPE_RECTANGLEGEOMETRY ⇒ 表内总数 1316
[create] 通道 2(0x10000002) 句柄 0x0000000a 类型 TYPE_MATRIXTRANSFORM ⇒ 表内总数 1316
[create] 通道 2(0x10000002) 句柄 0x000000a9 类型 TYPE_RENDERDATA ⇒ 表内总数 1317
[create] 通道 2(0x10000002) 句柄 0x0000000c 类型 TYPE_SOLIDCOLORBRUSH ⇒ 表内总数 1317
[create] 通道 2(0x10000002) 句柄 0x000000c1 类型 TYPE_RENDERDATA ⇒ 表内总数 1318
[create] 通道 2(0x10000002) 句柄 0x0000001c 类型 TYPE_SOLIDCOLORBRUSH ⇒ 表内总数 1318
[create] 通道 2(0x10000002) 句柄 0x000000c2 类型 TYPE_GLYPHRUN ⇒ 表内总数 1319
[create] 通道 2(0x10000002) 句柄 0x0000009c 类型 TYPE_TRANSFORMGROUP ⇒ 表内总数 1320
[create] 通道 2(0x10000002) 句柄 0x00000530 类型 TYPE_TRANSLATETRANSFORM ⇒ 表内总数 1321
[create] 通道 2(0x10000002) 句柄 0x00000534 类型 TYPE_RENDERDATA ⇒ 表内总数 1322
[create] 通道 2(0x10000002) 句柄 0x00000010 类型 TYPE_SOLIDCOLORBRUSH ⇒ 表内总数 1322
[create] 通道 2(0x10000002) 句柄 0x00000533 类型 TYPE_RECTANGLEGEOMETRY ⇒ 表内总数 1323
[create] 通道 2(0x10000002) 句柄 0x0000000a 类型 TYPE_MATRIXTRANSFORM ⇒ 表内总数 1323
[create] 通道 2(0x10000002) 句柄 0x00000532 类型 TYPE_RENDERDATA ⇒ 表内总数 1324
[create] 通道 2(0x10000002) 句柄 0x00000015 类型 TYPE_SOLIDCOLORBRUSH ⇒ 表内总数 1324
[create] 通道 2(0x10000002) 句柄 0x00000531 类型 TYPE_RENDERDATA ⇒ 表内总数 1325
[create] 通道 2(0x10000002) 句柄 0x0000052f 类型 TYPE_PEN ⇒ 表内总数 1326
[create] 通道 2(0x10000002) 句柄 0x00000089 类型 TYPE_SOLIDCOLORBRUSH ⇒ 表内总数 1326
[create] 通道 2(0x10000002) 句柄 0x0000000b 类型 TYPE_DASHSTYLE ⇒ 表内总数 1326
[create] 通道 2(0x10000002) 句柄 0x00000015 类型 TYPE_SOLIDCOLORBRUSH ⇒ 表内总数 1326
[create] 通道 2(0x10000002) 句柄 0x0000052e 类型 TYPE_RENDERDATA ⇒ 表内总数 1327
[create] 通道 2(0x10000002) 句柄 0x00000015 类型 TYPE_SOLIDCOLORBRUSH ⇒ 表内总数 1327
[create] 通道 2(0x10000002) 句柄 0x0000000f 类型 TYPE_RECTANGLEGEOMETRY ⇒ 表内总数 1328
[create] 通道 2(0x10000002) 句柄 0x0000000a 类型 TYPE_MATRIXTRANSFORM ⇒ 表内总数 1328
[create] 通道 2(0x10000002) 句柄 0x00000516 类型 TYPE_RENDERDATA ⇒ 表内总数 1329
[create] 通道 2(0x10000002) 句柄 0x00000015 类型 TYPE_SOLIDCOLORBRUSH ⇒ 表内总数 1329
[create] 通道 2(0x10000002) 句柄 0x00000515 类型 TYPE_RENDERDATA ⇒ 表内总数 1330
[create] 通道 2(0x10000002) 句柄 0x00000015 类型 TYPE_SOLIDCOLORBRUSH ⇒ 表内总数 1330
[create] 通道 2(0x10000002) 句柄 0x00000513 类型 TYPE_RENDERDATA ⇒ 表内总数 1331
[create] 通道 2(0x10000002) 句柄 0x00000015 类型 TYPE_SOLIDCOLORBRUSH ⇒ 表内总数 1331
[create] 通道 2(0x10000002) 句柄 0x00000514 类型 TYPE_TRANSFORMGROUP ⇒ 表内总数 1332
[create] 通道 2(0x10000002) 句柄 0x00000135 类型 TYPE_TRANSFORMGROUP ⇒ 表内总数 1333
[create] 通道 2(0x10000002) 句柄 0x00000009 类型 TYPE_TRANSLATETRANSFORM ⇒ 表内总数 1334
[create] 通道 2(0x10000002) 句柄 0x00000537 类型 TYPE_RENDERDATA ⇒ 表内总数 1335
[create] 通道 2(0x10000002) 句柄 0x0000001c 类型 TYPE_SOLIDCOLORBRUSH ⇒ 表内总数 1335
[create] 通道 2(0x10000002) 句柄 0x00000538 类型 TYPE_RENDERDATA ⇒ 表内总数 1336
[create] 通道 2(0x10000002) 句柄 0x00000015 类型 TYPE_SOLIDCOLORBRUSH ⇒ 表内总数 1336
[closebatch] 通道 2 待处理 71 条 ⇒ hr=0x00000000
[preflight] 通道 2 待提交 #0: id=0x33 (MilCmdTargetUpdateWindowSettings) len=72 handle=0x00000003 在资源表里=True
[preflight] 通道 2 待提交 #1: id=0x7e (MilCmdSolidColorBrush) len=48 handle=0x000000c5 在资源表里=True
[preflight] 通道 2 待提交 #2: id=0x86 (MilCmdPen) len=52 handle=0x0000009e 在资源表里=True
[preflight] 通道 2 待提交 #3: id=0x18 (MilCmdRenderData) len=108 handle=0x00000511 在资源表里=True
[preflight] 通道 2 待提交 #4: id=0x22 (MilCmdVisualSetContent) len=12 handle=0x00000006 在资源表里=True
[preflight] 通道 2 待提交 #5: id=0x1b (MilCmdVisualSetOffset) len=24 handle=0x0000000d 在资源表里=True
[preflight] 通道 2 待提交 #6: id=0x27 (MilCmdVisualSetGuidelineCollection) len=32 handle=0x0000000e 在资源表里=True
[preflight] 通道 2 待提交 #7: id=0x18 (MilCmdRenderData) len=60 handle=0x000000eb 在资源表里=True
[preflight] 通道 2 待提交 #8: id=0x22 (MilCmdVisualSetContent) len=12 handle=0x0000000e 在资源表里=True
[preflight] 通道 2 待提交 #9: id=0x1b (MilCmdVisualSetOffset) len=24 handle=0x00000011 在资源表里=True
[preflight] 通道 2 待提交 #10: id=0x1b (MilCmdVisualSetOffset) len=24 handle=0x0000007b 在资源表里=True
[preflight] 通道 2 待提交 #11: id=0x79 (MilCmdRectangleGeometry) len=72 handle=0x000000ec 在资源表里=True
[preflight] 通道 2 待提交 #12: id=0x1f (MilCmdVisualSetClip) len=12 handle=0x0000003b 在资源表里=True
[preflight] 通道 2 待提交 #13: id=0x86 (MilCmdPen) len=52 handle=0x000000d6 在资源表里=True
[preflight] 通道 2 待提交 #14: id=0xc (MilCmdBitmapSource) len=16 handle=0x0000013d 在资源表里=True
[preflight] 通道 2 待提交 #15: id=0x89 (MilCmdImageDrawing) len=48 handle=0x00000535 在资源表里=True
[preflight] 通道 2 待提交 #16: id=0x82 (MilCmdDrawingBrush) len=148 handle=0x000000c4 在资源表里=True
[preflight] 通道 2 待提交 #17: id=0x18 (MilCmdRenderData) len=108 handle=0x000000d5 在资源表里=True
[preflight] 通道 2 待提交 #18: id=0x22 (MilCmdVisualSetContent) len=12 handle=0x00000086 在资源表里=True
[preflight] 通道 2 待提交 #19: id=0x18 (MilCmdRenderData) len=76 handle=0x00000507 在资源表里=True
[preflight] 通道 2 待提交 #20: id=0x22 (MilCmdVisualSetContent) len=12 handle=0x0000009a 在资源表里=True
[preflight] 通道 2 待提交 #21: id=0x7d (MilCmdPathGeometry) len=492 handle=0x0000050e 在资源表里=True
[preflight] 通道 2 待提交 #22: id=0x1f (MilCmdVisualSetClip) len=12 handle=0x0000009d 在资源表里=True
[preflight] 通道 2 待提交 #23: id=0x79 (MilCmdRectangleGeometry) len=72 handle=0x000000ad 在资源表里=True
[preflight] 通道 2 待提交 #24: id=0x1f (MilCmdVisualSetClip) len=12 handle=0x000000a8 在资源表里=True
[preflight] 通道 2 待提交 #25: id=0x27 (MilCmdVisualSetGuidelineCollection) len=32 handle=0x000000ac 在资源表里=True
[preflight] 通道 2 待提交 #26: id=0x18 (MilCmdRenderData) len=60 handle=0x000000a9 在资源表里=True
[preflight] 通道 2 待提交 #27: id=0x22 (MilCmdVisualSetContent) len=12 handle=0x000000ac 在资源表里=True
[preflight] 通道 2 待提交 #28: id=0x1b (MilCmdVisualSetOffset) len=24 handle=0x000000af 在资源表里=True
[preflight] 通道 2 待提交 #29: id=0x3a (MilCmdGlyphRunCreate) len=132 handle=0x000000c2 在资源表里=True
[preflight] 通道 2 待提交 #30: id=0x18 (MilCmdRenderData) len=28 handle=0x000000c1 在资源表里=True
[preflight] 通道 2 待提交 #31: id=0x22 (MilCmdVisualSetContent) len=12 handle=0x000000c0 在资源表里=True
[preflight] 通道 2 待提交 #32: id=0x73 (MilCmdTranslateTransform) len=32 handle=0x00000530 在资源表里=True
[preflight] 通道 2 待提交 #33: id=0x72 (MilCmdTransformGroup) len=16 handle=0x0000009c 在资源表里=True
[preflight] 通道 2 待提交 #34: id=0x1c (MilCmdVisualSetTransform) len=12 handle=0x000000c3 在资源表里=True
[preflight] 通道 2 待提交 #35: id=0x18 (MilCmdRenderData) len=76 handle=0x00000534 在资源表里=True
[preflight] 通道 2 待提交 #36: id=0x22 (MilCmdVisualSetContent) len=12 handle=0x000000c3 在资源表里=True
[preflight] 通道 2 待提交 #37: id=0x79 (MilCmdRectangleGeometry) len=72 handle=0x00000533 在资源表里=True
[preflight] 通道 2 待提交 #38: id=0x1f (MilCmdVisualSetClip) len=12 handle=0x000000d4 在资源表里=True
[preflight] 通道 2 待提交 #39: id=0x27 (MilCmdVisualSetGuidelineCollection) len=32 handle=0x000000d4 在资源表里=True
[preflight] 通道 2 待提交 #40: id=0x18 (MilCmdRenderData) len=60 handle=0x00000532 在资源表里=True
[preflight] 通道 2 待提交 #41: id=0x22 (MilCmdVisualSetContent) len=12 handle=0x000000d4 在资源表里=True
[preflight] 通道 2 待提交 #42: id=0x27 (MilCmdVisualSetGuidelineCollection) len=32 handle=0x000000d9 在资源表里=True
[preflight] 通道 2 待提交 #43: id=0x86 (MilCmdPen) len=52 handle=0x0000052f 在资源表里=True
[preflight] 通道 2 待提交 #44: id=0x18 (MilCmdRenderData) len=108 handle=0x00000531 在资源表里=True
[preflight] 通道 2 待提交 #45: id=0x22 (MilCmdVisualSetContent) len=12 handle=0x000000d9 在资源表里=True
[preflight] 通道 2 待提交 #46: id=0x27 (MilCmdVisualSetGuidelineCollection) len=32 handle=0x00000134 在资源表里=True
[preflight] 通道 2 待提交 #47: id=0x18 (MilCmdRenderData) len=76 handle=0x0000052e 在资源表里=True
[preflight] 通道 2 待提交 #48: id=0x22 (MilCmdVisualSetContent) len=12 handle=0x00000134 在资源表里=True
[preflight] 通道 2 待提交 #49: id=0x79 (MilCmdRectangleGeometry) len=72 handle=0x0000000f 在资源表里=True
[preflight] 通道 2 待提交 #50: id=0x1f (MilCmdVisualSetClip) len=12 handle=0x0000013c 在资源表里=True
[preflight] 通道 2 待提交 #51: id=0x27 (MilCmdVisualSetGuidelineCollection) len=32 handle=0x00000506 在资源表里=True
[preflight] 通道 2 待提交 #52: id=0x18 (MilCmdRenderData) len=60 handle=0x00000516 在资源表里=True
[preflight] 通道 2 待提交 #53: id=0x22 (MilCmdVisualSetContent) len=12 handle=0x00000506 在资源表里=True
[preflight] 通道 2 待提交 #54: id=0x1b (MilCmdVisualSetOffset) len=24 handle=0x0000050c 在资源表里=True
[preflight] 通道 2 待提交 #55: id=0x27 (MilCmdVisualSetGuidelineCollection) len=32 handle=0x0000050d 在资源表里=True
[preflight] 通道 2 待提交 #56: id=0x18 (MilCmdRenderData) len=76 handle=0x00000515 在资源表里=True
[preflight] 通道 2 待提交 #57: id=0x22 (MilCmdVisualSetContent) len=12 handle=0x0000050d 在资源表里=True
[preflight] 通道 2 待提交 #58: id=0x27 (MilCmdVisualSetGuidelineCollection) len=32 handle=0x00000510 在资源表里=True
[preflight] 通道 2 待提交 #59: id=0x18 (MilCmdRenderData) len=60 handle=0x00000513 在资源表里=True
[preflight] 通道 2 待提交 #60: id=0x22 (MilCmdVisualSetContent) len=12 handle=0x00000510 在资源表里=True
[preflight] 通道 2 待提交 #61: id=0x73 (MilCmdTranslateTransform) len=32 handle=0x00000009 在资源表里=True
[preflight] 通道 2 待提交 #62: id=0x72 (MilCmdTransformGroup) len=16 handle=0x00000135 在资源表里=True
[preflight] 通道 2 待提交 #63: id=0x72 (MilCmdTransformGroup) len=16 handle=0x00000514 在资源表里=True
[preflight] 通道 2 待提交 #64: id=0x1c (MilCmdVisualSetTransform) len=12 handle=0x00000512 在资源表里=True
[preflight] 通道 2 待提交 #65: id=0x27 (MilCmdVisualSetGuidelineCollection) len=32 handle=0x00000512 在资源表里=True
[preflight] 通道 2 待提交 #66: id=0x18 (MilCmdRenderData) len=76 handle=0x00000537 在资源表里=True
[preflight] 通道 2 待提交 #67: id=0x22 (MilCmdVisualSetContent) len=12 handle=0x00000512 在资源表里=True
[preflight] 通道 2 待提交 #68: id=0x18 (MilCmdRenderData) len=60 handle=0x00000538 在资源表里=True
[preflight] 通道 2 待提交 #69: id=0x22 (MilCmdVisualSetContent) len=12 handle=0x000000de 在资源表里=True
[preflight] 通道 2 待提交 #70: id=0x1b (MilCmdVisualSetOffset) len=24 handle=0x00000040 在资源表里=True
[release] 通道 2 句柄 0x0000008c ⇒ 摘除=True 表内总数 1335
[release] 通道 2 句柄 0x00000015 ⇒ 摘除=False 表内总数 1335
[release] 通道 2 句柄 0x0000003c ⇒ 摘除=True 表内总数 1334
[release] 通道 2 句柄 0x0000000a ⇒ 摘除=False 表内总数 1334
[release] 通道 2 句柄 0x00000007 ⇒ 摘除=True 表内总数 1333
[release] 通道 2 句柄 0x0000000a ⇒ 摘除=False 表内总数 1333
[release] 通道 2 句柄 0x0000000a ⇒ 摘除=False 表内总数 1333
[release] 通道 2 句柄 0x00000536 ⇒ 摘除=True 表内总数 1332
[release] 通道 2 句柄 0x0000000a ⇒ 摘除=False 表内总数 1332
[closebatch] 通道 3 待处理 1 条 ⇒ hr=0x00000000
[preflight] 通道 3 待提交 #0: id=0x37 (MilCmdTargetInvalidate) len=24 handle=0x00000002 在资源表里=True
NOTE WgxConnection_SameThreadPresent: 通道 3 无根视觉（未 TargetSetRoot）
[create] 通道 2(0x10000002) 句柄 0x00000536 类型 TYPE_RENDERDATA ⇒ 表内总数 1333
[create] 通道 2(0x10000002) 句柄 0x00000015 类型 TYPE_SOLIDCOLORBRUSH ⇒ 表内总数 1333
[create] 通道 2(0x10000002) 句柄 0x00000007 类型 TYPE_PATHGEOMETRY ⇒ 表内总数 1334
[create] 通道 2(0x10000002) 句柄 0x0000000a 类型 TYPE_MATRIXTRANSFORM ⇒ 表内总数 1334
[create] 通道 2(0x10000002) 句柄 0x00000015 类型 TYPE_SOLIDCOLORBRUSH ⇒ 表内总数 1334
[create] 通道 2(0x10000002) 句柄 0x0000003c 类型 TYPE_PATHGEOMETRY ⇒ 表内总数 1335
[create] 通道 2(0x10000002) 句柄 0x0000000a 类型 TYPE_MATRIXTRANSFORM ⇒ 表内总数 1335
[closebatch] 通道 2 待处理 5 条 ⇒ hr=0x00000000
[preflight] 通道 2 待提交 #0: id=0x33 (MilCmdTargetUpdateWindowSettings) len=72 handle=0x00000003 在资源表里=True
[preflight] 通道 2 待提交 #1: id=0x7d (MilCmdPathGeometry) len=308 handle=0x00000007 在资源表里=True
[preflight] 通道 2 待提交 #2: id=0x7d (MilCmdPathGeometry) len=188 handle=0x0000003c 在资源表里=True
[preflight] 通道 2 待提交 #3: id=0x18 (MilCmdRenderData) len=60 handle=0x00000536 在资源表里=True
[preflight] 通道 2 待提交 #4: id=0x22 (MilCmdVisualSetContent) len=12 handle=0x00000008 在资源表里=True
[closebatch] 通道 3 待处理 1 条 ⇒ hr=0x00000000
[preflight] 通道 3 待提交 #0: id=0x37 (MilCmdTargetInvalidate) len=24 handle=0x00000002 在资源表里=True
NOTE WgxConnection_SameThreadPresent: 通道 3 无根视觉（未 TargetSetRoot）
[closebatch] 通道 3 待处理 1 条 ⇒ hr=0x00000000
[preflight] 通道 3 待提交 #0: id=0x37 (MilCmdTargetInvalidate) len=24 handle=0x00000002 在资源表里=True
NOTE WgxConnection_SameThreadPresent: 通道 3 无根视觉（未 TargetSetRoot）
[closebatch] 通道 2 待处理 1 条 ⇒ hr=0x00000000
[preflight] 通道 2 待提交 #0: id=0x33 (MilCmdTargetUpdateWindowSettings) len=72 handle=0x00000003 在资源表里=True
[closebatch] 通道 3 待处理 1 条 ⇒ hr=0x00000000
[preflight] 通道 3 待提交 #0: id=0x37 (MilCmdTargetInvalidate) len=24 handle=0x00000002 在资源表里=True
NOTE WgxConnection_SameThreadPresent: 通道 3 无根视觉（未 TargetSetRoot）
[closebatch] 通道 2 待处理 1 条 ⇒ hr=0x00000000
[preflight] 通道 2 待提交 #0: id=0x33 (MilCmdTargetUpdateWindowSettings) len=72 handle=0x00000003 在资源表里=True
[closebatch] 通道 3 待处理 1 条 ⇒ hr=0x00000000
[preflight] 通道 3 待提交 #0: id=0x37 (MilCmdTargetInvalidate) len=24 handle=0x00000002 在资源表里=True
NOTE WgxConnection_SameThreadPresent: 通道 3 无根视觉（未 TargetSetRoot）
[release] 通道 2 句柄 0x00000021 ⇒ 摘除=True 表内总数 1334
[release] 通道 2 句柄 0x00000015 ⇒ 摘除=False 表内总数 1334
[release] 通道 2 句柄 0x00000022 ⇒ 摘除=True 表内总数 1333
[release] 通道 2 句柄 0x0000000a ⇒ 摘除=False 表内总数 1333
[release] 通道 2 句柄 0x00000015 ⇒ 摘除=False 表内总数 1333
[release] 通道 2 句柄 0x00000023 ⇒ 摘除=True 表内总数 1332
[release] 通道 2 句柄 0x0000000a ⇒ 摘除=False 表内总数 1332
[create] 通道 2(0x10000002) 句柄 0x00000023 类型 TYPE_RENDERDATA ⇒ 表内总数 1333
[create] 通道 2(0x10000002) 句柄 0x00000015 类型 TYPE_SOLIDCOLORBRUSH ⇒ 表内总数 1333
[create] 通道 2(0x10000002) 句柄 0x00000022 类型 TYPE_PATHGEOMETRY ⇒ 表内总数 1334
[create] 通道 2(0x10000002) 句柄 0x0000000a 类型 TYPE_MATRIXTRANSFORM ⇒ 表内总数 1334
[create] 通道 2(0x10000002) 句柄 0x00000021 类型 TYPE_SOLIDCOLORBRUSH ⇒ 表内总数 1335
[create] 通道 2(0x10000002) 句柄 0x0000000a 类型 TYPE_MATRIXTRANSFORM ⇒ 表内总数 1335
[create] 通道 2(0x10000002) 句柄 0x0000000a 类型 TYPE_MATRIXTRANSFORM ⇒ 表内总数 1335
[create] 通道 2(0x10000002) 句柄 0x0000008c 类型 TYPE_PATHGEOMETRY ⇒ 表内总数 1336
[create] 通道 2(0x10000002) 句柄 0x0000000a 类型 TYPE_MATRIXTRANSFORM ⇒ 表内总数 1336
[closebatch] 通道 2 待处理 6 条 ⇒ hr=0x00000000
[preflight] 通道 2 待提交 #0: id=0x20 (MilCmdVisualSetAlpha) len=16 handle=0x0000001f 在资源表里=True
[preflight] 通道 2 待提交 #1: id=0x7d (MilCmdPathGeometry) len=308 handle=0x00000022 在资源表里=True
[preflight] 通道 2 待提交 #2: id=0x7e (MilCmdSolidColorBrush) len=48 handle=0x00000021 在资源表里=True
[preflight] 通道 2 待提交 #3: id=0x7d (MilCmdPathGeometry) len=188 handle=0x0000008c 在资源表里=True
[preflight] 通道 2 待提交 #4: id=0x18 (MilCmdRenderData) len=60 handle=0x00000023 在资源表里=True
[preflight] 通道 2 待提交 #5: id=0x22 (MilCmdVisualSetContent) len=12 handle=0x00000020 在资源表里=True
